y,t,return,rolling_vol,vol_label,E_t
8.09,2,0.0,,,0
8.12,3,0.003701423103186184,,,0
8.07,4,-0.006176671891729062,,,0
7.97,5,-0.012468989479733836,,,0
7.67,6,-0.03836787742295882,,,0
7.7,7,0.0039037134804733704,,,0
7.71,8,0.0012978587156000124,,,0
7.67,9,-0.005201572196073284,,,0
7.73,10,0.007792247220165822,,,0
7.63,11,-0.013021017302965019,0.013378937727112024,,0
7.69,12,0.007832938221187111,0.013975743390082972,0.013378937727112024,0
7.67,13,-0.002604168138387855,0.01367499348920892,0.013975743390082972,0
7.69,14,0.0026041681383879513,0.013920785721684769,0.01367499348920892,0
7.61,15,-0.010457611643958184,0.013812147193292929,0.013920785721684769,0
7.45,16,-0.021249139482126384,0.00957633436465243,0.013812147193292929,0
7.46,17,0.0013413818242013111,0.009406530218404837,0.00957633436465243,0
7.41,18,-0.006724974907673968,0.009325241091310759,0.009406530218404837,0
7.4,19,-0.0013504390978714624,0.009348165968197795,0.009325241091310759,0
7.49,20,0.012088797319004028,0.010004790490419246,0.009348165968197795,0
7.56,21,0.00930239266231341,0.010048952459421091,0.010004790490419246,0
7.66,22,0.013140793561058328,0.01068293210684298,0.010048952459421091,0
7.65,23,-0.0013063359140554128,0.010660916803563713,0.01068293210684298,0
7.75,24,0.012987195526811112,0.011447576665019223,0.010660916803563713,0
7.74,25,-0.001291155763619816,0.010796489683350431,0.011447576665019223,0
7.72,26,-0.0025873235649510238,0.007499622138815383,0.010796489683350431,0
7.69,27,-0.0038935805191320986,0.007846389474902325,0.007499622138815383,0
7.73,28,0.0051880790817778995,0.007065112917714476,0.007846389474902325,0
7.75,29,0.0025839807659250678,0.00682543833394331,0.007065112917714476,0
7.8,30,0.006430890330290332,0.006356005107825061,0.00682543833394331,0
7.75,31,-0.0064308903302904025,0.0068416200785320486,0.006356005107825061,0
7.8,32,0.006430890330290332,0.0059512247175107095,0.0068416200785320486,0
7.58,33,-0.028610534041265775,0.011352744472832983,0.0059512247175107095,0
7.53,34,-0.006618157842478005,0.010331262169292744,0.011352744472832983,0
7.55,35,0.0026525214491311235,0.010472939610067065,0.010331262169292744,0
7.52,36,-0.003981425299184922,0.010483720148319156,0.010472939610067065,0
7.51,37,-0.0013306721857050613,0.010480583752284098,0.010483720148319156,0
7.52,38,0.0013306721857049505,0.010239778131332608,0.010480583752284098,0
7.52,39,0.0,0.010122027021472545,0.010239778131332608,0
7.49,40,-0.003997340432620289,0.009562733293628103,0.010122027021472545,0
7.4,41,-0.012088797319004073,0.00988097543589842,0.009562733293628103,0
7.6,42,0.026668247082161273,0.013721970339317225,0.00988097543589842,0
7.55,43,-0.006600684031352024,0.010464429504444558,0.013721970339317225,0
7.61,44,0.007915608612661218,0.01051348076446204,0.010464429504444558,0
7.61,45,0.0,0.010502203373862559,0.01051348076446204,0
7.58,46,-0.003949972219314156,0.010500619672140454,0.010502203373862559,0
7.46,47,-0.01595778543861081,0.011771437272761287,0.010500619672140454,0
7.32,48,-0.018945086242449304,0.013064145008117863,0.011771437272761287,0
7.38,49,0.008163310639160835,0.013499104372610886,0.013064145008117863,0
7.6,50,0.029374608679904317,0.0166699364858051,0.013499104372610886,0
7.56,51,-0.005277057100843781,0.016187056172038444,0.0166699364858051,1
7.49,52,-0.009302392662313448,0.013976283323311398,0.016187056172038444,0
7.48,53,-0.0013360055427422512,0.013859709312647026,0.013976283323311398,0
7.45,54,-0.004018759594917744,0.01352299010561564,0.013859709312647026,0
7.52,55,0.009352105570280142,0.014001197894981842,0.01352299010561564,0
7.41,56,-0.014735698653752839,0.014638395466975491,0.014001197894981842,0
7.35,57,-0.008130126083250288,0.01402131310145209,0.014638395466975491,0
7.34,58,-0.0013614705983210744,0.012621125247336532,0.01402131310145209,0
7.23,59,-0.015099806455750837,0.013138481336506956,0.012621125247336532,0
7.21,60,-0.0027700848738157124,0.007172781334591797,0.013138481336506956,0
7.17,61,-0.005563296685328715,0.007173392919199001,0.007172781334591797,0
7.16,62,-0.0013956736389746914,0.0071183377460409085,0.007173392919199001,0
7.11,63,-0.007007737157404688,0.007063449761742281,0.0071183377460409085,0
7.32,64,0.029108084158070764,0.012938018259517228,0.007063449761742281,0
7.38,65,0.008163310639160835,0.012829574549502107,0.012938018259517228,0
7.32,66,-0.00816331063916087,0.012253178113563846,0.012829574549502107,0
7.45,67,0.01760370441824803,0.013298813128294583,0.012253178113563846,0
7.44,68,-0.0013431835464676259,0.01329839989030785,0.013298813128294583,0
7.41,69,-0.004040409537004974,0.01219191680951939,0.01329839989030785,0
7.45,70,0.005383593083472679,0.012075433743897902,0.01219191680951939,0
7.41,71,-0.005383593083472643,0.012060945210182564,0.012075433743897902,0
7.46,72,0.006724974907673916,0.011983351240547176,0.012060945210182564,0
7.55,73,0.011992149045263752,0.0115231088664009,0.011983351240547176,0
7.62,74,0.009228806437621705,0.008380808727739494,0.0115231088664009,0
7.58,75,-0.005263170044274644,0.008711637115050262,0.008380808727739494,0
7.65,76,0.009192448184164145,0.008013570040289977,0.008711637115050262,0
7.57,77,-0.010512580389087024,0.007799476104707925,0.008013570040289977,0
7.59,78,0.002638523958181021,0.007734008203188746,0.007799476104707925,0
7.53,79,-0.007936549595736303,0.008158389242205698,0.007734008203188746,0
7.46,80,-0.00933962759613272,0.008710827357265524,0.008158389242205698,0
7.47,81,0.0013395849290563455,0.00849440502468353,0.008710827357265524,0
7.48,82,0.0013377928416599535,0.008244496683323433,0.00849440502468353,0
7.51,83,0.004002673789657406,0.007317029497445476,0.008244496683323433,0
7.64,84,0.017162137402385834,0.008777199815601556,0.007317029497445476,0
7.68,85,0.005221943981151625,0.008669424698694013,0.008777199815601556,0
7.73,86,0.006489315439749868,0.008435344815923998,0.008669424698694013,0
7.68,87,-0.006489315439749881,0.007902198034334396,0.008435344815923998,0
7.69,88,0.0013012363579719556,0.00789101914287953,0.007902198034334396,0
7.54,89,-0.019698601497687904,0.010013414859825964,0.00789101914287953,0
7.53,90,-0.0013271402080624634,0.009477471636828536,0.010013414859825964,0
7.63,91,0.013192803484563417,0.010244060529588704,0.009477471636828536,0
7.49,92,-0.018519047767237527,0.012158068228513055,0.010244060529588704,0
7.5,93,0.0013342230131366622,0.0120928229912342,0.012158068228513055,0
7.42,94,-0.010723963362975724,0.010808417188406107,0.0120928229912342,0
7.36,95,-0.008119124438504129,0.010510781168009518,0.010808417188406107,0
7.37,96,0.0013577734604602887,0.010042733463877691,0.010510781168009518,0
7.35,97,-0.0027173929765000266,0.010041780483266113,0.010042733463877691,0
7.47,98,0.016194685919980602,0.011910551477814136,0.010041780483266113,0
7.44,99,-0.00402415029972538,0.010388742942414868,0.011910551477814136,0
7.51,100,0.009364616931042761,0.010925947931065112,0.010388742942414868,0
7.47,101,-0.005340466631317474,0.009914362339876828,0.010925947931065112,0
7.46,102,-0.0013395849290564722,0.008074607188745565,0.009914362339876828,0
7.44,103,-0.0026845653706688757,0.008078637246178801,0.008074607188745565,0
7.41,104,-0.004040409537004974,0.007415978529990781,0.008078637246178801,0
7.46,105,0.006724974907673916,0.0071199626939477505,0.007415978529990781,0
7.35,106,-0.014855100990924184,0.008772112852763183,0.0071199626939477505,0
7.43,107,0.010825545504922544,0.009377141621552633,0.008772112852763183,0
7.88,108,0.058802045140119975,0.020311467582903187,0.009377141621552633,0
7.89,109,0.0012682309879951483,0.020108200846513453,0.020311467582903187,1
8.26,110,0.04582845267510382,0.02378229436536295,0.020108200846513453,1
8.33,111,0.008438868645864604,0.023218182709427444,0.02378229436536295,1
8.28,112,-0.0060204877815831365,0.02353727759067154,0.023218182709427444,1
8.4,113,0.01438873745209967,0.023095462363594527,0.02353727759067154,1
8.29,114,-0.013181736702064503,0.023971186831271394,0.023095462363594527,1
8.9,115,0.07100130759089066,0.030389625265476377,0.023971186831271394,1
9.07,116,0.018920987388951104,0.02817158392469371,0.030389625265476377,1
9.14,117,0.00768812133901349,0.02831492766618943,0.02817158392469371,1
9.05,118,-0.009895627754223849,0.026309808186145138,0.02831492766618943,1
9.06,119,0.0011043623430532275,0.026318560569614353,0.026309808186145138,1
8.97,120,-0.00998344398418315,0.02464273723195115,0.026318560569614353,1
9.09,121,0.013289232118682706,0.02469463238549494,0.02464273723195115,1
9.45,122,0.03883983331626396,0.025768416071178035,0.02469463238549494,1
9.46,123,0.0010576415581356672,0.026044430725076204,0.025768416071178035,1
9.39,124,-0.007427089843615453,0.025486654471175867,0.026044430725076204,1
9.59,125,0.02107559567517522,0.01579017077790456,0.025486654471175867,1
9.92,126,0.03383203240143464,0.017593097685275037,0.01579017077790456,0
10.02,127,0.010030174359937251,0.017589902129904567,0.017593097685275037,1
10.32,128,0.029500664396698056,0.01724824658055872,0.017589902129904567,1
10.12,129,-0.019570096194097338,0.019887275859551325,0.01724824658055872,1
10.14,130,0.0019743343037178294,0.018811494953022808,0.019887275859551325,1
10.04,131,-0.009910883899454132,0.020059705580187288,0.018811494953022808,1
9.82,132,-0.022155991897208484,0.01956316341366534,0.020059705580187288,1
10.35,133,0.05256539734500348,0.024822723615658415,0.01956316341366534,1
10.33,134,-0.0019342365798308656,0.024477413401404136,0.024822723615658415,1
10.12,135,-0.02053861927222773,0.025800153226327255,0.024477413401404136,1
10.03,136,-0.00893306188547527,0.024044471821274623,0.025800153226327255,1
10.16,137,0.012877840176491661,0.024178439538097386,0.024044471821274623,1
10.4,138,0.023347363996991107,0.02345082840679008,0.024178439538097386,1
10.48,139,0.007662872745569097,0.022382981685842546,0.02345082840679008,1
10.6,140,0.01138532222512521,0.02250940414420789,0.022382981685842546,1
10.61,141,0.0009429515078703628,0.02199655068709007,0.02250940414420789,1
10.66,142,0.004701466111806801,0.01976839447966301,0.02199655068709007,1
11.18,143,0.047628048989254664,0.01856228534539542,0.01976839447966301,1
11.3,144,0.010676257991341854,0.018259883510273186,0.01856228534539542,1
11.24,145,-0.005323881252749966,0.016024509778407622,0.018259883510273186,1
11.48,146,0.021127546425875277,0.014743022427804398,0.016024509778407622,0
11.95,147,0.040124887486099256,0.01696508588078435,0.014743022427804398,0
12.07,148,0.009991756731920617,0.01686770839012742,0.01696508588078435,1
11.87,149,-0.016708826487863534,0.01957213651975628,0.01686770839012742,1
12.0,150,0.010892441166423754,0.019575748594347575,0.01957213651975628,1
11.43,151,-0.04866517198128101,0.027489404898265825,0.019575748594347575,1
11.34,152,-0.007905179507113261,0.027914952011929648,0.027489404898265825,1
11.26,153,-0.0070796755880616884,0.023972669837465703,0.027914952011929648,1
11.1,154,-0.014311514393255922,0.024120603255874774,0.023972669837465703,1
10.81,155,-0.026473476667171494,0.025360656214926555,0.024120603255874774,1
10.22,156,-0.05612504687555853,0.028465643297406387,0.025360656214926555,1
10.14,157,-0.00785858661252127,0.02210689979028531,0.028465643297406387,1
10.32,158,0.017595761890379442,0.023219268960418142,0.02210689979028531,1
10.33,159,0.0009685230781305052,0.023796609910927056,0.023219268960418142,1
10.39,160,0.005791521979588825,0.02325471420188498,0.023796609910927056,1
11.06,161,0.06249119098305281,0.030497745358895347,0.02325471420188498,1
11.17,162,0.009896616986920495,0.030717226283281805,0.030497745358895347,1
10.39,163,-0.07238780796997325,0.03809053233084146,0.030717226283281805,1
11.07,164,0.06339494160940946,0.0441185105278799,0.03809053233084146,1
11.11,165,0.003606856930993063,0.043148258875472356,0.0441185105278799,1
10.76,166,-0.03201004891790025,0.040056064282701614,0.043148258875472356,1
10.71,167,-0.004657670273980833,0.03995322837412464,0.040056064282701614,1
10.47,168,-0.022663859577211946,0.040618357814714234,0.03995322837412464,1
10.29,169,-0.01734147503648744,0.04105249439549931,0.040618357814714234,1
10.25,170,-0.0038948442615409622,0.04100473560349661,0.04105249439549931,1
10.45,171,0.019324272826402842,0.03542960786795507,0.04100473560349661,1
10.51,172,0.005725206478039865,0.03525002376158004,0.03542960786795507,1
10.48,173,-0.0028585059959635372,0.026488467056702682,0.03525002376158004,1
10.65,174,0.016091213262537974,0.01637271433226798,0.026488467056702682,1
11.19,175,0.04946063016839968,0.023547573416951604,0.01637271433226798,0
11.1,176,-0.008075414005545418,0.02092136206912528,0.023547573416951604,1
11.06,177,-0.003610112224099674,0.020880724723726606,0.02092136206912528,1
11.04,178,-0.0018099552452396416,0.018962121873279947,0.020880724723726606,1
10.7,179,-0.03128129938108879,0.02119279884999419,0.018962121873279947,1
10.76,180,0.0055918132657779345,0.021016343909020997,0.02119279884999419,1
10.02,181,-0.07125245907691967,0.031158900327494476,0.021016343909020997,1
10.13,182,0.01091822260387345,0.03138518303573299,0.031158900327494476,1
10.05,183,-0.007928683755507256,0.031411333745431216,0.03138518303573299,1
10.03,184,-0.0019920325312407635,0.030624725607501176,0.031411333745431216,1
10.06,185,0.002986562697749068,0.024106130562876815,0.030624725607501176,1
9.92,186,-0.01401424337481179,0.024108937594993263,0.024106130562876815,1
10.04,187,0.012024192966801591,0.02514338383171162,0.024108937594993263,1
10.0,188,-0.003992021269537338,0.02507691610467264,0.02514338383171162,1
10.02,189,0.001998002662673058,0.024112968163480776,0.02507691610467264,1
9.94,190,-0.00801607498823606,0.02373157338288377,0.024112968163480776,1
9.83,191,-0.011128086509407388,0.00886509835275771,0.02373157338288377,1
9.74,192,-0.009197816504631464,0.007854337228160625,0.00886509835275771,0
9.59,193,-0.015520228759096914,0.008614308012309292,0.007854337228160625,0
9.63,194,0.004162336914687331,0.009037542326751155,0.008614308012309292,0
10.14,195,0.051604772353002815,0.019856656306219588,0.009037542326751155,0
10.22,196,0.00785858661252131,0.0192395636503975,0.019856656306219588,1
9.84,197,-0.03789087371139638,0.02278123870133949,0.0192395636503975,1
10.03,198,0.01912489090968209,0.02371187824385828,0.02278123870133949,1
9.91,199,-0.012036253631947429,0.024013583722304877,0.02371187824385828,1
9.88,200,-0.003031836582120125,0.023905657373081424,0.024013583722304877,1
9.82,201,-0.006091389393401928,0.02371159331790084,0.023905657373081424,1
10.01,202,0.019163470960754617,0.024193967884051766,0.02371159331790084,1
10.13,203,0.011916724933462833,0.02343772029162981,0.024193967884051766,1
10.06,204,-0.006934153588998852,0.02376729527527868,0.02343772029162981,1
10.05,205,-0.0009945301665083472,0.017012334621608127,0.02376729527527868,1
9.97,206,-0.007992050531337804,0.0168440696553577,0.017012334621608127,1
10.03,207,0.006000018000096981,0.011443316257488881,0.0168440696553577,1
10.02,208,-0.0009975063171254136,0.009719714173958812,0.011443316257488881,0
9.97,209,-0.005002511682971687,0.008986812573504897,0.009719714173958812,0
9.99,210,0.0020040086867150406,0.008901146844653025,0.008986812573504897,0
10.15,211,0.01588911282733427,0.009611592482782216,0.008901146844653025,0
10.24,212,0.00882791412356531,0.008163460838700958,0.009611592482782216,0
10.41,213,0.01646526301551579,0.008857768825625336,0.008163460838700958,0
10.34,214,-0.006747013546594488,0.008835259695624873,0.008857768825625336,0
10.36,215,0.0019323677510538603,0.008745629728043767,0.008835259695624873,0
10.15,216,-0.020478531343540562,0.011076237690317908,0.008745629728043767,0
10.2,217,0.004914014802428941,0.011035614844525194,0.011076237690317908,0
10.29,218,0.008784829555732811,0.011204113240942823,0.011035614844525194,0
10.55,219,0.024953310076117445,0.01281663427156865,0.011204113240942823,0
10.52,220,-0.002847652612511841,0.013059700288817798,0.01281663427156865,0
10.54,221,0.0018993358036523157,0.012522027512168693,0.013059700288817798,0
10.47,222,-0.006663518230770624,0.012782365486847146,0.012522027512168693,0
9.84,223,-0.06205831381828354,0.023052774056423586,0.012782365486847146,0
9.74,224,-0.010214593409718295,0.023097460524361423,0.023052774056423586,1
9.65,225,-0.009283202303549171,0.022942460605972995,0.023097460524361423,1
9.45,226,-0.02094317384524325,0.0229730174759192,0.022942460605972995,1
9.35,227,-0.010638398205055754,0.022589093098730063,0.0229730174759192,1
9.02,228,-0.03593200922606333,0.023161764204148765,0.022589093098730063,1
9.02,229,0.0,0.019680391918306554,0.023161764204148765,1
9.01,230,-0.0011092624542857338,0.019813447444663207,0.019680391918306554,1
9.07,231,0.006637192506798765,0.02032561080359135,0.019813447444663207,1
8.89,232,-0.020045214601232035,0.020154059356608973,0.02032561080359135,1
8.42,233,-0.05431722127157794,0.01826373796898305,0.020154059356608973,1
8.28,234,-0.01676685985706709,0.018166956642943904,0.01826373796898305,1
7.52,235,-0.09627683043541983,0.03086005163452238,0.018166956642943904,1
7.8,236,0.03655759573379773,0.03652447631716169,0.03086005163452238,1
7.77,237,-0.0038535693159899662,0.03676320163885644,0.03652447631716169,1
7.88,238,0.01405773949023173,0.03752198241853805,0.03676320163885644,1
8.28,239,0.0495150645273805,0.04244698613466598,0.03752198241853805,1
8.17,240,-0.013374059525256757,0.04238492327823391,0.04244698613466598,1
8.15,241,-0.002450981619140074,0.04209004374450332,0.04238492327823391,1
8.04,242,-0.013588844061896485,0.04198006271517819,0.04209004374450332,1
8.12,243,0.009901070982711537,0.03928098821833083,0.04198006271517819,1
8.11,244,-0.0012322860462650562,0.03900988594749671,0.03928098821833083,1
7.91,245,-0.024970086347758932,0.023184299965994488,0.03900988594749671,1
7.92,246,0.00126342404677192,0.02037177440243839,0.023184299965994488,1
8.11,247,0.023706662300987082,0.021401264036942362,0.02037177440243839,1
8.86,248,0.0884488964896681,0.034249264811928685,0.021401264036942362,1
8.49,249,-0.04265776429373356,0.035333880908918244,0.034249264811928685,1
8.56,250,0.008211189830394844,0.034912890270154776,0.035333880908918244,1
8.54,251,-0.0023391823531723776,0.03491037685244185,0.034912890270154776,1
8.45,252,-0.010594566431396028,0.03474879524818172,0.03491037685244185,1
8.2,253,-0.03003228709887509,0.03637609813638369,0.03474879524818172,1
8.03,254,-0.020949626311537142,0.03703772455934189,0.03637609813638369,1
7.95,255,-0.0100125992924297,0.03625552430967946,0.03703772455934189,1
8.14,256,0.023618251348208393,0.03698928809846072,0.03625552430967946,1
8.0,257,-0.01734863833461309,0.03668069000675149,0.03698928809846072,1
8.02,258,0.002496880198587146,0.019202869073021118,0.03668069000675149,1
7.97,259,-0.006253929076299456,0.015387150545848518,0.019202869073021118,1
7.74,260,-0.02928280520048788,0.016008333922406606,0.015387150545848518,0
7.84,261,0.012837146760680682,0.01747485808010545,0.016008333922406606,0
7.86,262,0.002547772078798783,0.017795450272201013,0.01747485808010545,1
7.99,263,0.01640415333706813,0.017236390800581373,0.017795450272201013,1
7.98,264,-0.0012523483164658376,0.015985843107899942,0.017236390800581373,1
8.06,265,0.009975145056819524,0.01593108127973465,0.015985843107899942,0
8.03,266,-0.003729028559866709,0.013907032077108685,0.01593108127973465,0
8.01,267,-0.0024937668784023505,0.01275516807588825,0.013907032077108685,0
7.99,268,-0.002500001302084449,0.012749797241834608,0.01275516807588825,0
8.01,269,0.0025000013020844273,0.012600937222218223,0.012749797241834608,0
8.31,270,0.03676884778708906,0.012565833358010899,0.012600937222218223,0
8.42,271,0.01315021938687843,0.012582078901481636,0.012565833358010899,0
8.31,272,-0.013150219386878468,0.014105353868113396,0.012582078901481636,0
8.22,273,-0.010889399799268206,0.014412729160556399,0.014105353868113396,0
8.31,274,0.010889399799268317,0.014540724720834067,0.014412729160556399,0
8.45,275,0.0167068325017256,0.01499415457676975,0.014540724720834067,0
8.51,276,0.0070755012162002804,0.014703726965432902,0.01499415457676975,0
8.45,277,-0.007075501216200347,0.015058189449082418,0.014703726965432902,0
8.44,278,-0.0011841327612166937,0.01498757724534067,0.015058189449082418,0
8.42,279,-0.0023724803536303565,0.015173243838514108,0.01498757724534067,0
8.74,280,0.03730036141320885,0.015297348962985666,0.015173243838514108,0
8.95,281,0.023743342619319888,0.016257616152229572,0.015297348962985666,0
9.0,282,0.0055710450494554295,0.014807233143585159,0.016257616152229572,0
8.92,283,-0.008928630744301431,0.01454022849200965,0.014807233143585159,0
8.99,284,0.007816901891610863,0.01450886907210321,0.01454022849200965,0
8.97,285,-0.0022271724128241415,0.014462219329287606,0.01450886907210321,0
9.09,286,0.013289232118682706,0.014647207425152929,0.014462219329287606,0
9.14,287,0.005485477276671278,0.013862337389234829,0.014647207425152929,0
9.13,288,-0.0010946908591815245,0.013855888556457587,0.013862337389234829,0
9.57,289,0.04706751085798573,0.01800039841782673,0.013855888556457587,0
10.53,290,0.0955951206810211,0.031324099594098626,0.01800039841782673,1
11.4,291,0.07938502925456571,0.036796767200089404,0.031324099594098626,1
11.27,292,-0.01146902734876488,0.03812565031388788,0.036796767200089404,1
12.25,293,0.083381608939051,0.04075708788304431,0.03812565031388788,1
11.91,294,-0.028147553623527256,0.04451454107450634,0.04075708788304431,1
11.49,295,-0.03590129150654442,0.04818796637773934,0.04451454107450634,1
10.83,296,-0.05915703084776514,0.05505980587057534,0.04818796637773934,1
11.0,297,0.015575211785471372,0.054907116388612835,0.05505980587057534,1
11.18,298,0.016231194928582552,0.05449106540377636,0.054907116388612835,1
10.81,299,-0.03365483607583613,0.05603511772254814,0.05449106540377636,1
10.78,300,-0.0027790661702658762,0.04779366419094998,0.05603511772254814,1
10.17,301,-0.05825035542038244,0.042688512737895014,0.04779366419094998,1
10.24,302,0.006859409550893203,0.04307773020396144,0.042688512737895014,1
10.09,303,-0.014756785245844138,0.028131048911602785,0.04307773020396144,1
10.23,304,0.013779745598017593,0.02975946298458299,0.028131048911602785,1
10.27,305,0.0039024439769317454,0.029342773498910926,0.02975946298458299,1
9.98,306,-0.02864393361709413,0.025081689604772563,0.029342773498910926,1
10.55,307,0.055542769598703,0.03161901197758985,0.025081689604772563,1
10.29,308,-0.02495331007611741,0.0313464624921011,0.03161901197758985,1
10.11,309,-0.017647516813578113,0.030298778482585897,0.0313464624921011,1
9.91,310,-0.019980684690483367,0.030539120287934617,0.030298778482585897,1
9.82,311,-0.009123225975522063,0.02509828401324754,0.030539120287934617,1
9.88,312,0.006091389393401913,0.025064206225187166,0.02509828401324754,1
10.12,313,0.02400115209954283,0.026118165504378017,0.025064206225187166,1
9.93,314,-0.018953185802238263,0.026291232602357443,0.026118165504378017,1
10.02,315,0.009022617599637552,0.026489194067732372,0.026291232602357443,1
9.98,316,-0.004000005333346017,0.024880501180539936,0.026489194067732372,1
10.07,317,0.008977616407098384,0.016159349008602077,0.024880501180539936,1
10.15,318,0.007912998757325504,0.014862833678211859,0.016159349008602077,0
10.48,319,0.03199497340509971,0.01696384771579944,0.014862833678211859,0
10.59,320,0.010441480720418908,0.014864194114497409,0.01696384771579944,1
10.33,321,-0.02485787648176794,0.017343810351476995,0.014864194114497409,0
10.42,322,0.008674753193673649,0.017380030102810376,0.017343810351476995,1
10.3,323,-0.011583141089630647,0.0167623882195388,0.017380030102810376,1
10.2,324,-0.009756174945364798,0.015719312397202864,0.0167623882195388,1
10.03,325,-0.016807118316381174,0.01665604070806197,0.015719312397202864,0
10.05,326,0.0019920325312407982,0.016599851099247658,0.01665604070806197,0
9.98,327,-0.006989544181712186,0.016482574142682928,0.016599851099247658,0
9.97,328,-0.00100250634962559,0.016191596252557856,0.016482574142682928,0
10.12,329,0.014933079885572305,0.01277436550579303,0.016191596252557856,0
9.64,330,-0.04859255523686507,0.01813426090910902,0.01277436550579303,0
9.49,331,-0.015682496000617805,0.01748570122568915,0.01813426090910902,1
9.68,332,0.01982328866664913,0.018991635045495645,0.01748570122568915,1
10.1,333,0.04247352255872814,0.024540616612137668,0.018991635045495645,1
9.97,334,-0.012954839873466704,0.024673995236192788,0.024540616612137668,1
10.05,335,0.00799205053133787,0.024295101795242805,0.024673995236192788,1
10.07,336,0.001988072225386115,0.024295069355694237,0.024295101795242805,1
10.06,337,-0.0009935420588777898,0.02417162627667713,0.024295069355694237,1
9.93,338,-0.013006686614512035,0.02456586373315371,0.02417162627667713,1
9.9,339,-0.003025720916536956,0.023969429492820497,0.02456586373315371,1
9.93,340,0.00302572091653689,0.017572638221348722,0.023969429492820497,1
9.96,341,0.0030165935394257273,0.016318109376946843,0.017572638221348722,1
9.99,342,0.0030075210639553224,0.015444888786341586,0.016318109376946843,0
10.32,343,0.03249916739295455,0.012701845872411027,0.015444888786341586,0
10.26,344,-0.00583092031079321,0.01193699667634662,0.012701845872411027,0
10.4,345,0.013552966404703668,0.012325474318348543,0.01193699667634662,0
10.35,346,-0.004819286435948995,0.012598511496871138,0.012325474318348543,0
10.22,347,-0.012639934935819582,0.0134890975263349,0.012598511496871138,0
10.11,348,-0.010821551743178467,0.013242022086493437,0.0134890975263349,0
10.14,349,0.00296296513065727,0.013134692246748812,0.013242022086493437,0
9.93,350,-0.02092752010595599,0.015051257422627591,0.013134692246748812,0
9.88,351,-0.005047966297304698,0.015087675487851442,0.015051257422627591,0
9.83,352,-0.005073577600701339,0.015077109415904122,0.015087675487851442,0
9.74,353,-0.009197816504631464,0.009224171767365048,0.015077109415904122,0
9.69,354,-0.005146691751768917,0.009226324705616702,0.009224171767365048,0
9.71,355,0.002061856400558777,0.0070089361728721735,0.009226324705616702,0
9.61,356,-0.010352059321032588,0.007047778881901009,0.0070089361728721735,0
9.36,357,-0.026358932492700476,0.009187573809660697,0.007047778881901009,0
9.34,358,-0.0021390382487494184,0.009382462042296393,0.009187573809660697,0
9.34,359,0.0,0.009041102256659724,0.009382462042296393,0
9.27,360,-0.007522872662987524,0.007864556879633205,0.009041102256659724,0
9.09,361,-0.019608471388376313,0.008782462267400124,0.007864556879633205,0
9.24,362,0.01636697746420541,0.011774325687060534,0.008782462267400124,0
9.2,363,-0.004338401598598242,0.011736599475094577,0.011774325687060534,0
9.43,364,0.024692612590371633,0.015181570841440804,0.011736599475094577,0
9.33,365,-0.01066108178611359,0.015269186123847815,0.015181570841440804,0
9.14,366,-0.020574629393193797,0.016063806667275055,0.015269186123847815,0
9.19,367,0.005455550901536959,0.014434628876069529,0.016063806667275055,0
9.14,368,-0.0054555509015369145,0.014480470816195615,0.014434628876069529,0
9.2,369,0.006543098588935887,0.014734741444130053,0.014480470816195615,0
9.29,370,0.009735068770752413,0.014961195299880195,0.014734741444130053,0
9.41,371,0.012834400771541188,0.013644404546082225,0.014961195299880195,0
9.39,372,-0.0021276603771167293,0.012935512991588835,0.013644404546082225,0
9.4,373,0.001064396055786723,0.012771230537413377,0.012935512991588835,0
9.23,374,-0.018250640761197364,0.011506504052825335,0.012771230537413377,0
9.18,375,-0.005431843882361729,0.011190910869449861,0.011506504052825335,0
9.12,376,-0.006557400546159163,0.009265239390107772,0.011190910869449861,0
9.07,377,-0.005497539959194719,0.00916676431008106,0.009265239390107772,0
9.16,378,0.009873914558993615,0.00966548904967726,0.00916676431008106,0
9.34,379,0.019460073554712343,0.01132522179938771,0.00966548904967726,0
9.22,380,-0.012931214672248666,0.01175622422643074,0.01132522179938771,0
9.23,381,0.0010840109462583103,0.010794805811011835,0.01175622422643074,0
9.12,382,-0.011989244428520847,0.011255355821893227,0.010794805811011835,0
9.19,383,0.007646132281355657,0.011697819652345702,0.011255355821893227,0
9.29,384,0.010822616458151439,0.010865047782336126,0.011697819652345702,0
9.17,385,-0.013001266557373629,0.011576081563835458,0.010865047782336126,0
9.18,386,0.0010899183640256005,0.011353209245174098,0.011576081563835458,0
9.29,387,0.011911348193347939,0.011636041530310108,0.011353209245174098,0
9.54,388,0.02655493263444794,0.013818125638922363,0.011636041530310108,0
9.5,389,-0.00420168685369997,0.012883212813080464,0.013818125638922363,0
9.6,390,0.010471299867295437,0.012027550280088378,0.012883212813080464,0
9.59,391,-0.0010422095784436427,0.012104138484980428,0.012027550280088378,0
9.52,392,-0.007326040092072898,0.011501986756745344,0.012104138484980428,0
9.26,393,-0.027690800145185945,0.015193113826008199,0.011501986756745344,0
9.49,394,0.02453456396374857,0.016742098838102064,0.015193113826008199,0
9.39,395,-0.01059331940166494,0.01651608186237436,0.016742098838102064,1
9.29,396,-0.010706740394424569,0.017030997708034082,0.01651608186237436,0
9.01,397,-0.030603481205500545,0.019223011406704398,0.017030997708034082,1
8.83,398,-0.02018005700437791,0.016744223416171957,0.019223011406704398,1
8.85,399,0.0022624444039695433,0.017018265836153897,0.016744223416171957,1
8.94,400,0.010118130165584686,0.016978097586822283,0.017018265836153897,1
8.91,401,-0.0033613477027047717,0.016901477614433336,0.016978097586822283,1
8.85,402,-0.0067567824628798736,0.016902543360177564,0.016901477614433336,1
8.87,403,0.0022573373016498643,0.015481161288958073,0.016902543360177564,1
8.7,404,-0.019351770660950125,0.01228939525904491,0.015481161288958073,0
8.8,405,0.01142869582362285,0.013792003138685317,0.01228939525904491,0
8.73,406,-0.007986351632649933,0.013726247261178819,0.013792003138685317,0
8.44,407,-0.0337830612436452,0.014375376496523384,0.013726247261178819,0
8.46,408,0.002366865010266244,0.013752150357149977,0.014375376496523384,0
8.56,409,0.01175101653551873,0.01455751982779611,0.013752150357149977,0
8.84,410,0.032186686495901284,0.01807161484657493,0.01455751982779611,0
8.99,411,0.01682597183397678,0.01890246169184732,0.01807161484657493,1
8.99,412,0.0,0.01871846609730889,0.01890246169184732,1
8.89,413,-0.011185798957715628,0.01914152712050712,0.01871846609730889,1
9.05,414,0.01783770818602145,0.018517912024999663,0.01914152712050712,1
8.99,415,-0.0066519092283058535,0.018588484033866193,0.018517912024999663,1
9.89,416,0.0954112971510918,0.0343809928447675,0.018588484033866193,1
9.8,417,-0.009141759958094513,0.03145576696771547,0.0343809928447675,1
9.75,418,-0.005115100666770489,0.031874254594011886,0.03145576696771547,1
9.58,419,-0.01758969302698666,0.03343606130166389,0.031874254594011886,1
9.69,420,0.011416833919905596,0.03262684238775716,0.03343606130166389,1
9.67,421,-0.0020661164374718927,0.0326818829725869,0.03262684238775716,1
9.72,422,0.005157309007144757,0.032594610685313316,0.0326818829725869,1
9.73,423,0.001028277725566065,0.03202772642826888,0.032594610685313316,1
9.94,424,0.021353124470568842,0.03215420215742082,0.03202772642826888,1
9.67,425,-0.027538711203279723,0.03394012239606753,0.03215420215742082,1
9.73,426,0.006185586732710745,0.014171164207104948,0.03394012239606753,1
10.14,427,0.04127410196512352,0.01925749469144514,0.014171164207104948,0
10.1,428,-0.003952574315823469,0.019203742759080517,0.01925749469144514,1
10.23,429,0.012789156116321358,0.017847036154834073,0.019203742759080517,1
10.25,430,0.00195312562088207,0.01781203560036747,0.017847036154834073,1
10.12,431,-0.012764041725097824,0.018627440270351223,0.01781203560036747,1
9.85,432,-0.02704220867532193,0.021125964524455514,0.018627440270351223,1
9.9,433,0.005063301956546855,0.021158101124504218,0.021125964524455514,1
9.76,434,-0.014242356715543216,0.02047350872817777,0.021158101124504218,1
9.78,435,0.002047083621724823,0.018375384745373688,0.02047350872817777,1
9.71,436,-0.007183201743492307,0.018452945186403905,0.018375384745373688,1
9.9,437,0.019378474837310696,0.013661064178535161,0.018452945186403905,1
9.88,438,-0.002022245380767698,0.013650248727630095,0.013661064178535161,0
9.87,439,-0.00101265831438638,0.012625311165805295,0.013650248727630095,0
9.84,440,-0.0030441423812281325,0.012479921744749878,0.012625311165805295,0
9.67,441,-0.017427401598959037,0.012919758182086963,0.012479921744749878,0
9.8,442,0.013354076211323295,0.011321727137388188,0.012919758182086963,0
9.77,443,-0.0030659196218350113,0.011167979652698475,0.011321727137388188,0
9.74,444,-0.0030753484002475373,0.010253338288362834,0.011167979652698475,0
9.7,445,-0.004115232145106655,0.01028805971752038,0.010253338288362834,0
9.66,446,-0.004132237284910383,0.01012233829750735,0.01028805971752038,0
9.75,447,0.009273636785329253,0.008246119317764707,0.01012233829750735,0
9.76,448,0.0010251154152453505,0.008282003232463732,0.008246119317764707,0
9.93,449,0.017268077632080003,0.010142020515129394,0.008282003232463732,0
9.9,450,-0.003025720916536956,0.010141285489083364,0.010142020515129394,0
9.81,451,-0.009132483563272474,0.008745369362457232,0.010141285489083364,0
9.73,452,-0.008188377379358033,0.008114280282386994,0.008745369362457232,0
9.75,453,0.0020533888118420066,0.008111098383218579,0.008114280282386994,0
9.52,454,-0.023872436206481912,0.011059281721418955,0.008111098383218579,0
9.55,455,0.0031463056893651442,0.01116363306844508,0.011059281721418955,0
9.6,456,0.005221943981151625,0.011314887207235601,0.01116363306844508,0
9.6,457,0.0,0.010781072449185488,0.011314887207235601,0
9.7,458,0.010362787035546658,0.011414686403997691,0.010781072449185488,0
9.74,459,0.0041152321451065794,0.009763213518093063,0.011414686403997691,0
9.66,460,-0.008247469430017114,0.009965752325320055,0.009763213518093063,0
9.68,461,0.0020682530640590605,0.00975904958255601,0.009965752325320055,0
9.62,462,-0.006217636610870562,0.009624220724013276,0.00975904958255601,0
9.57,463,-0.005211059212752088,0.009630814627186979,0.009624220724013276,0
9.54,464,-0.003139720004667864,0.0058596587802729775,0.009630814627186979,0
9.45,465,-0.00947874395454377,0.006483548815617504,0.0058596587802729775,0
9.62,466,0.017829523171963745,0.008689701801290934,0.006483548815617504,0
9.51,467,-0.011500388120316101,0.009448210498417858,0.008689701801290934,0
9.54,468,0.0031496089028962013,0.00873790794126738,0.009448210498417858,0
9.63,469,0.009389740349839137,0.009268554408227075,0.00873790794126738,0
9.59,470,-0.00416233691468741,0.009006602959593041,0.009268554408227075,0
9.54,471,-0.005227403435151799,0.00905037492552946,0.009006602959593041,0
9.73,472,0.019720410737718713,0.01103386802912452,0.00905037492552946,0
9.81,473,0.008188377379358033,0.010990838395481038,0.01103386802912452,0
9.73,474,-0.008188377379358033,0.011386344909918168,0.010990838395481038,0
9.73,475,0.0,0.010701108266618098,0.011386344909918168,0
9.64,476,-0.009292787575459406,0.009910237148104909,0.010701108266618098,0
9.7,477,0.00620477688688287,0.009137554210463686,0.009910237148104909,0
9.66,478,-0.004132237284910383,0.009322117083013375,0.009137554210463686,0
9.04,479,-0.06633447382034155,0.02287674543350346,0.009322117083013375,0
8.98,480,-0.006659292089976737,0.022864172493287496,0.02287674543350346,1
8.99,481,0.0011129661694206506,0.02299315228273974,0.022864172493287496,1
8.97,482,-0.0022271724128241415,0.021253520571731008,0.02299315228273974,1
9.05,483,0.008879081641129924,0.021313492959810745,0.021253520571731008,1
9.06,484,0.0011043623430532275,0.021509140484955863,0.021313492959810745,1
9.06,485,0.0,0.021509140484955863,0.021509140484955863,1
9.07,486,0.001103144072157168,0.021644041236158373,0.021509140484955863,1
9.07,487,0.0,0.0213390531684506,0.021644041236158373,1
9.05,488,-0.002207506415210458,0.02137359347277044,0.0213390531684506,1
9.05,489,0.0,0.003895448180420147,0.02137359347277044,1
8.92,490,-0.014468811119916774,0.005746486161604033,0.003895448180420147,0
8.92,491,0.0,0.005718819954556514,0.005746486161604033,0
8.94,492,0.00223964259350466,0.005767609791357944,0.005718819954556514,0
9.0,493,0.00668898815079671,0.005409306018278122,0.005767609791357944,0
9.01,494,0.0011104942840271153,0.005409515242363442,0.005409306018278122,0
9.02,495,0.0011092624542857557,0.005433444331373877,0.005409515242363442,0
8.99,496,-0.003331485591003357,0.005474097324482062,0.005433444331373877,0
9.02,497,0.0033314855910034193,0.005633072907117284,0.005474097324482062,0
8.98,498,-0.0044444517604239064,0.005749300753057374,0.005633072907117284,0
9.06,499,0.00886923774077979,0.006515459204590719,0.005749300753057374,0
9.08,500,0.0022050725583139755,0.004028951973499914,0.006515459204590719,0
9.32,501,0.026088436084297874,0.008601528330809884,0.004028951973499914,0
9.39,502,0.00748266452267182,0.008615897147462614,0.008601528330809884,0
9.76,503,0.038647107204829466,0.013747470857190153,0.008615897147462614,0
9.78,504,0.002047083621724823,0.0136976104031863,0.013747470857190153,0
9.71,505,-0.007183201743492307,0.014407235587589157,0.0136976104031863,0
9.8,506,0.009226103373292632,0.013909389111579578,0.014407235587589157,0
9.76,507,-0.004089985251525166,0.014412227371457082,0.013909389111579578,0
9.92,508,0.016260520871780326,0.013923134494958335,0.014412227371457082,0
9.87,509,-0.005053067851391289,0.014717229853548527,0.013923134494958335,0
9.74,510,-0.013258735790946437,0.016197482431166466,0.014717229853548527,0
9.56,511,-0.01865339059113381,0.016520238737431647,0.016197482431166466,0
9.54,512,-0.002094241603114848,0.01647957393587737,0.016520238737431647,0
9.7,513,0.01663240004914205,0.011778223687866242,0.01647957393587737,0
9.64,514,-0.006204776886882758,0.011859648297517879,0.011778223687866242,0
9.61,515,-0.0031168856402532226,0.01170968426485332,0.011859648297517879,0
9.6,516,-0.0010411245084105038,0.011146570572622276,0.01170968426485332,0
9.68,517,0.008298802814695064,0.01157630653746795,0.011146570572622276,0
9.72,518,0.004123717183862156,0.010132400017354042,0.01157630653746795,0
9.71,519,-0.001029336169114132,0.01007906124326684,0.010132400017354042,0
9.64,520,-0.007235173680779337,0.009468673006008755,0.01007906124326684,0
9.5,521,-0.014629310015959155,0.008690071183564829,0.009468673006008755,0
9.54,522,0.004201686853699977,0.008799546898792797,0.008690071183564829,0
9.44,523,-0.010537505302785799,0.007129517215576019,0.008799546898792797,0
9.46,524,0.0021164029063776937,0.00716273517555005,0.007129517215576019,0
9.45,525,-0.0010576415581356462,0.007152974385372005,0.00716273517555005,0
9.36,526,-0.009569451016150672,0.007565017178806887,0.007152974385372005,0
9.47,527,0.011683616708486375,0.008156086020812064,0.007565017178806887,0
9.49,528,0.0021097054238496567,0.008006255750140065,0.008156086020812064,0
9.6,529,0.011524485851953918,0.00914707522518045,0.008006255750140065,0
9.68,530,0.008298802814695064,0.009314320538999075,0.00914707522518045,0
9.71,531,0.003094381014748023,0.007675912091357114,0.009314320538999075,0
9.74,532,0.003084835351210095,0.007651418279577059,0.007675912091357114,0
9.7,533,-0.004115232145106655,0.006683478645858378,0.007651418279577059,0
9.59,534,-0.011404996613990245,0.008047131803248418,0.006683478645858378,0
9.6,535,0.00104220957844359,0.008004177130955449,0.008047131803248418,0
9.6,536,0.0,0.007037433289595332,0.008004177130955449,0
9.6,537,0.0,0.006278113033008999,0.007037433289595332,0
9.62,538,0.0020811662038244493,0.006277742565585594,0.006278113033008999,0
9.57,539,-0.005211059212752088,0.005442258346662577,0.006277742565585594,0
9.73,540,0.01658069073305074,0.007233702587382255,0.005442258346662577,0
9.85,541,0.012257558986083838,0.008122482681704185,0.007233702587382255,0
9.61,542,-0.024667232201796396,0.011523724625512778,0.008122482681704185,0
9.63,543,0.0020790028278331553,0.011524671999397012,0.011523724625512778,0
9.76,544,0.013409174614966895,0.011640276860687093,0.011524671999397012,0
9.71,545,-0.005136118121767511,0.01184461084705194,0.011640276860687093,0
9.72,546,0.0010293361691140592,0.011838080510124208,0.01184461084705194,0
9.76,547,0.004106781952653281,0.011861408608013489,0.011838080510124208,0
9.75,548,-0.001025115415245297,0.011889588214337712,0.011861408608013489,0
9.84,549,0.00918842605440617,0.011879680935196072,0.011889588214337712,0
9.85,550,0.0010157441198354218,0.010845573646951427,0.011879680935196072,0
9.83,551,-0.0020325210249222464,0.0101496210113181,0.010845573646951427,0
9.73,552,-0.010225037961161441,0.006734863127454845,0.0101496210113181,0
9.72,553,-0.0010282777255659324,0.006763522113682138,0.006734863127454845,0
9.79,554,0.007175838070071191,0.005687269516431869,0.006763522113682138,0
9.89,555,0.010162689092201837,0.006102912978478759,0.005687269516431869,0
9.85,556,-0.004052690450623308,0.0063827996553991965,0.006102912978478759,0
9.9,557,0.005063301956546855,0.006436004841659608,0.0063827996553991965,0
9.78,558,-0.012195273093818355,0.00774463169559715,0.006436004841659608,0
9.78,559,0.0,0.007091385422908376,0.00774463169559715,0
9.75,560,-0.0030721990369701403,0.007104964697310921,0.007091385422908376,0
9.68,561,-0.007205383721270224,0.007370197629707198,0.007104964697310921,0
9.47,562,-0.02193299409049867,0.00951997197388986,0.007370197629707198,0
9.59,563,0.012591981697359967,0.010689554684067513,0.00951997197388986,0
9.7,564,0.011404996613990161,0.01113842611501951,0.010689554684067513,0
9.81,565,0.011276388067934757,0.011266423083218737,0.01113842611501951,0
10.2,566,0.03898544671295359,0.016768069129567135,0.011266423083218737,0
10.16,567,-0.003929278139889438,0.016914905633957134,0.016768069129567135,1
10.07,568,-0.008897735419864891,0.016624236196842144,0.016914905633957134,1
9.99,569,-0.007976114070008757,0.01696780604990822,0.016624236196842144,0
10.03,570,0.003996009313381923,0.016874236559144253,0.01696780604990822,1
10.18,571,0.014844409148532495,0.01685763187540741,0.016874236559144253,1
10.55,572,0.035700848799698925,0.01646012775268039,0.01685763187540741,1
10.92,573,0.034470110394683506,0.018097370160738552,0.01646012775268039,0
11.05,574,0.011834457647003017,0.01809370670102002,0.018097370160738552,1
10.94,575,-0.010004630969926752,0.01951833959592902,0.01809370670102002,1
10.9,576,-0.0036630077587370352,0.017224951810100808,0.01951833959592902,1
10.75,577,-0.013857034661426241,0.018162243915490373,0.017224951810100808,1
10.45,578,-0.02830377616285182,0.020742233655298106,0.018162243915490373,1
10.47,579,0.0019120464716256631,0.02035563874663798,0.020742233655298106,1
10.57,580,0.009505774999700687,0.020409175877820058,0.02035563874663798,1
10.79,581,0.020599979387896882,0.02078764764541516,0.020409175877820058,1
10.86,582,0.006466535235746134,0.017985161895333262,0.02078764764541516,1
11.08,583,0.02005536681334843,0.015591795154009979,0.017985161895333262,1
11.32,584,0.02142939145589921,0.01656630386309309,0.015591795154009979,0
11.48,585,0.014035318116383583,0.016306165968398696,0.01656630386309309,0
12.4,586,0.07709008171957082,0.027673151856256926,0.016306165968398696,0
12.16,587,-0.019544596072970283,0.02833457378058177,0.027673151856256926,1
12.87,588,0.056747145070014236,0.027537776493634605,0.02833457378058177,1
12.58,589,-0.022790770335740767,0.030384219813011763,0.027537776493634605,1
13.27,590,0.05339759707182163,0.03208572668024239,0.030384219813011763,1
13.53,591,0.01940359383858057,0.03209685703345721,0.03208572668024239,1
13.81,592,0.02048352523850413,0.03161505482035847,0.03209685703345721,1
12.65,593,-0.08773575224767148,0.04750396682660026,0.03161505482035847,1
13.16,594,0.039524710723641894,0.04818978624083437,0.04750396682660026,1
13.05,595,-0.008393792128468735,0.04876140557200221,0.04818978624083437,1
12.98,596,-0.005378422492758504,0.043357947741226005,0.04876140557200221,1
12.76,597,-0.017094433359300183,0.043213207604062207,0.043357947741226005,1
13.29,598,0.04069659480851,0.04132695375612175,0.043213207604062207,1
14.11,599,0.059871893139568644,0.04374453614409262,0.04132695375612175,1
13.89,600,-0.01571460909847012,0.04180209145434883,0.04374453614409262,1
14.09,601,0.014296169144336462,0.04163151911056633,0.04180209145434883,1
14.68,602,0.04102069727578075,0.043015520550530865,0.04163151911056633,1
14.11,603,-0.03960225732164693,0.03283626695064545,0.043015520550530865,1
13.46,604,-0.047161441648140824,0.035758790135790676,0.03283626695064545,1
14.25,605,0.0570345824980778,0.03939495731476839,0.035758790135790676,1
14.77,606,0.035841189828628925,0.03990017269368972,0.03939495731476839,1
14.95,607,0.012113203293406968,0.038503618854187446,0.03990017269368972,1
15.36,608,0.027055427882830788,0.037759582307449434,0.038503618854187446,1
15.69,609,0.021256839025415118,0.03442885610274041,0.037759582307449434,1
16.07,610,0.02393061300448,0.033325130545731226,0.03442885610274041,1
16.13,611,0.0037267123876962914,0.03350222086113035,0.033325130545731226,1
15.81,612,-0.020038240915736725,0.033497640222859566,0.03350222086113035,1
15.25,613,-0.03606314816796,0.032960071409271235,0.033497640222859566,1
15.43,614,0.01173416332164874,0.026726451854816213,0.032960071409271235,1
15.22,615,-0.013703313941529665,0.02308346718358574,0.026726451854816213,1
15.18,616,-0.002631580466055932,0.020754249725444644,0.02308346718358574,1
15.49,617,0.020215882461293425,0.021311617692428984,0.020754249725444644,1
16.12,618,0.039866082649705,0.023184404521715236,0.021311617692428984,1
16.47,619,0.02147980711106657,0.023202058934919313,0.023184404521715236,1
14.82,620,-0.10556292432160805,0.04081876745233026,0.023202058934919313,1
15.0,621,0.01207258123426924,0.04117119194613206,0.04081876745233026,1
15.74,622,0.048155041887047216,0.04434527789638985,0.04117119194613206,1
15.63,623,-0.007013098555871918,0.042672599572604344,0.04434527789638985,1
15.63,624,0.0,0.042550439208537995,0.042672599572604344,1
15.43,625,-0.012878478058315792,0.04251893789057821,0.042550439208537995,1
15.01,626,-0.027597020729698826,0.04350160352582192,0.04251893789057821,1
14.81,627,-0.013414017365663167,0.042964990515289625,0.04350160352582192,1
14.42,628,-0.026686496422904396,0.04040945658462497,0.042964990515289625,1
14.47,629,0.0034614087865894746,0.039176012991262124,0.04040945658462497,1
14.04,630,-0.030167142045727506,0.023483104801423394,0.039176012991262124,1
14.45,631,0.02878401596077615,0.02538297596588537,0.023483104801423394,1
14.18,632,-0.01886189345445968,0.017906240864144416,0.02538297596588537,1
14.18,633,0.0,0.018190334696994683,0.017906240864144416,1
14.09,634,-0.0063671951933925814,0.0179211234752214,0.018190334696994683,1
14.16,635,0.004955762354984851,0.01852138755782466,0.0179211234752214,1
14.43,636,0.01888828452020586,0.019046749779808324,0.01852138755782466,1
14.42,637,-0.0006932409289765051,0.01876648674265735,0.019046749779808324,1
14.35,638,-0.004866189651172899,0.016832471467419258,0.01876648674265735,1
14.43,639,0.005559430580149299,0.016900087060079165,0.016832471467419258,1
14.4,640,-0.0020811662038245117,0.013339408668057348,0.016900087060079165,1
14.47,641,0.00484933406143765,0.009777313394147844,0.013339408668057348,0
14.28,642,-0.013217583731954254,0.008657360569443353,0.009777313394147844,0
14.62,643,0.023530497410194036,0.01125360729220572,0.008657360569443353,0
14.53,644,-0.006174976739440874,0.011235874106120642,0.01125360729220572,0
14.48,645,-0.00344709062462118,0.011392705573266911,0.011235874106120642,0
14.0,646,-0.03371105734231172,0.014553477331004396,0.011392705573266911,0
13.91,647,-0.006449323679907095,0.014564822969213366,0.014553477331004396,0
13.58,648,-0.024009883804801485,0.01594256189923245,0.014564822969213366,0
13.63,649,0.0036751235778911644,0.015807688462321005,0.01594256189923245,0
14.51,650,0.06256482118765518,0.0268296968756837,0.015807688462321005,0
14.1,651,-0.028663269511973948,0.028314221936473295,0.0268296968756837,1
14.25,652,0.010582109330537008,0.028321930885614178,0.028314221936473295,1
15.12,653,0.059261464036727295,0.03344112793632531,0.028321930885614178,1
15.29,654,0.011180649189584028,0.03334134809419865,0.03344112793632531,1
15.47,655,0.011703644644004007,0.033254005924500736,0.03334134809419865,1
15.54,656,0.004514680354526613,0.03015640733407842,0.033254005924500736,1
15.88,657,0.021643110879488312,0.02971390758201582,0.03015640733407842,1
15.64,658,-0.015228720701824672,0.028599452116585464,0.02971390758201582,1
15.75,659,0.007008630154476975,0.028483329341709235,0.028599452116585464,1
15.91,660,0.010107477078053527,0.02292754003522938,0.028483329341709235,1
15.69,661,-0.013924275604754335,0.020575353061973115,0.02292754003522938,1
15.24,662,-0.029100016486440977,0.024118841079466217,0.020575353061973115,1
15.36,663,0.007843177461025879,0.015675159023941492,0.024118841079466217,1
15.36,664,0.0,0.015308324738944099,0.015675159023941492,0
16.02,665,0.04207121392068706,0.02006144460503004,0.015308324738944099,0
15.79,666,-0.014461113372662475,0.02083659266643514,0.02006144460503004,1
15.95,667,0.010082000963302768,0.019900393023331277,0.02083659266643514,1
16.18,668,0.014317082399492061,0.019505012328795996,0.019900393023331277,1
16.2,669,0.0012353306079928082,0.019471562111607433,0.019505012328795996,1
16.71,670,0.030996100368964132,0.021368588314912295,0.019471562111607433,1
17.02,671,0.018381780537925645,0.02063492611918214,0.021368588314912295,1
16.87,672,-0.008852226587351077,0.01729887826086078,0.02063492611918214,1
17.53,673,0.03837680237526628,0.019410104024405787,0.01729887826086078,1
18.03,674,0.028123338282082713,0.019319869995482932,0.019410104024405787,1
17.89,675,-0.007795139694598103,0.018256954276413963,0.019319869995482932,1
17.96,676,0.0039051653534256815,0.016216246814925752,0.018256954276413963,1
18.65,677,0.03769908321577078,0.01794668686036333,0.016216246814925752,0
18.6,678,-0.0026845653706688757,0.01886749991938602,0.01794668686036333,1
17.9,679,-0.03836086787244645,0.024990922243869472,0.01886749991938602,1
18.16,680,0.014420660326437962,0.02397092987972522,0.024990922243869472,1
18.5,681,0.018549358911131988,0.023978801729242043,0.02397092987972522,1
18.22,682,-0.015250840252466941,0.024566652462630408,0.023978801729242043,1
17.68,683,-0.03008583462231485,0.02460677573570821,0.024566652462630408,1
18.17,684,0.02733782519858256,0.024511113368172733,0.02460677573570821,1
18.3,685,0.007129177439295295,0.024385451250717678,0.024511113368172733,1
18.53,686,0.012489980449893148,0.024599743767238322,0.024385451250717678,1
18.07,687,-0.025137935693131323,0.022742100122452827,0.024599743767238322,1
17.81,688,-0.014493007302566977,0.023019584854850172,0.022742100122452827,1
17.08,689,-0.04185190894114656,0.023611710068223355,0.023019584854850172,1
17.06,690,-0.0011716462968907467,0.022707043584895427,0.023611710068223355,1
17.07,691,0.0005859947428161912,0.021186991104747338,0.022707043584895427,1
17.11,692,0.0023405510977528485,0.021252400680173228,0.021186991104747338,1
17.27,693,0.009307804254485227,0.019962476899685284,0.021252400680173228,1
17.24,694,-0.001738626923040245,0.01706582474121396,0.019962476899685284,1
17.07,695,-0.009909728429197672,0.016534418525765312,0.01706582474121396,1
16.99,696,-0.0046976011225086664,0.015121111821307065,0.016534418525765312,0
16.78,697,-0.012437234644780411,0.014082567985368097,0.015121111821307065,0
16.38,698,-0.02412662261413685,0.014925485185077806,0.014082567985368097,0
17.04,699,0.03950244297624638,0.016712585147924744,0.014925485185077806,0
17.15,700,0.006434652210779148,0.016837813874425733,0.016712585147924744,1
17.32,701,0.009863729522340199,0.017095115332921,0.016837813874425733,1
17.76,702,0.025086834429734882,0.018667187929454463,0.017095115332921,1
18.14,703,0.021170707122966488,0.019422789341622115,0.018667187929454463,1
18.39,704,0.013687593929239171,0.019448216148195984,0.019422789341622115,1
18.07,705,-0.017553934012092594,0.020294818891699137,0.019448216148195984,1
17.04,706,-0.05868958320296749,0.028776074574451808,0.020294818891699137,1
17.04,707,0.0,0.028431397646188825,0.028776074574451808,1
17.93,708,0.05091176621587179,0.03071587000647708,0.028431397646188825,1
17.84,709,-0.005032160465178162,0.02898858160293193,0.03071587000647708,1
17.9,710,0.003357585694845948,0.028983132045808085,0.02898858160293193,1
18.63,711,0.039972471766787865,0.031113239531891643,0.028983132045808085,1
18.43,712,-0.01079341293176511,0.030901145819175975,0.031113239531891643,1
18.43,713,0.0,0.0302906352009624,0.030901145819175975,1
18.43,714,0.0,0.029990805851625252,0.0302906352009624,1
18.43,715,0.0,0.02934176632353876,0.029990805851625252,1
18.43,716,0.0,0.02035242107061626,0.02934176632353876,1
18.43,717,0.0,0.02035242107061626,0.02035242107061626,1
18.43,718,0.0,0.013643242601462685,0.02035242107061626,1
18.43,719,0.0,0.013415191719482192,0.013643242601462685,0
18.2,720,-0.012558177598982239,0.014315410178326342,0.013415191719482192,0
17.72,721,-0.026727648905814794,0.009054033975718722,0.014315410178326342,0
17.07,722,-0.0373714083705856,0.013666926982753319,0.009054033975718722,0
17.02,723,-0.0029334136611212577,0.013514744978488737,0.013666926982753319,0
17.25,724,0.013423020332140769,0.014980224343989825,0.013514744978488737,0
16.71,725,-0.031804800870066395,0.01669718960815341,0.014980224343989825,0
15.85,726,-0.05283784228401276,0.021046215642088344,0.01669718960815341,1
15.91,727,0.0037783420264058997,0.021378336840411,0.021046215642088344,1
16.96,728,0.06390978801406151,0.03277646575270213,0.021378336840411,1
16.32,729,-0.03846628082779605,0.03392946887556939,0.03277646575270213,1
16.37,730,0.0030590418470826846,0.03426678744441477,0.03392946887556939,1
15.87,731,-0.031019856844725982,0.034517252378866506,0.03426678744441477,1
17.22,732,0.08164096446126697,0.04371592496417732,0.034517252378866506,1
17.57,733,0.020121403199421243,0.04409901889561764,0.04371592496417732,1
15.95,734,-0.09673407296815233,0.05392076332406033,0.04409901889561764,1
16.95,735,0.06080900459560579,0.057200248797951485,0.05392076332406033,1
17.28,736,0.0192819295494505,0.05405856142423993,0.057200248797951485,1
17.04,737,-0.013986241974739952,0.05452587103463095,0.05405856142423993,1
16.75,738,-0.017165263130094227,0.05101536621337738,0.05452587103463095,1
17.07,739,0.018924278535273734,0.049570627842912204,0.05101536621337738,1
16.96,740,-0.0064649064425921846,0.04969258326359369,0.049570627842912204,1
17.02,741,0.003531492781470938,0.048201385699903385,0.04969258326359369,1
16.68,742,-0.020178726214627376,0.04087950259737454,0.048201385699903385,1
16.38,743,-0.018149318505677334,0.04024148799008132,0.04087950259737454,1
16.16,744,-0.013522025331973997,0.025548425787409856,0.04024148799008132,1
16.43,745,0.01656987895622746,0.016232155673505826,0.025548425787409856,1
16.14,746,-0.01780826920737389,0.014711980336967433,0.016232155673505826,0
14.91,747,-0.07926853406515577,0.027322350451858705,0.014711980336967433,0
15.24,748,0.021891421481853197,0.029427315013845233,0.027322350451858705,1
15.29,749,0.0032754696824706386,0.028138803482030728,0.029427315013845233,1
14.9,750,-0.025837806989557364,0.028456036836062255,0.028138803482030728,1
15.07,751,0.011344799686990542,0.029059711714582794,0.028456036836062255,1
15.55,752,0.03135462598683899,0.03191083456336351,0.029059711714582794,1
15.62,753,0.004491505786296633,0.0318361728274654,0.03191083456336351,1
15.31,754,-0.020045934741947463,0.032101620757922944,0.0318361728274654,1
15.38,755,0.004561754407905488,0.0314053942358833,0.032101620757922944,1
15.47,756,0.005834700507476794,0.031358111269115314,0.0314053942358833,1
15.78,757,0.01984065083275336,0.017695807320502268,0.031358111269115314,1
15.57,758,-0.013397329571821168,0.017620229125932432,0.017695807320502268,1
15.39,759,-0.011628037995119099,0.018136449697191095,0.017620229125932432,1
15.45,760,0.0038910554929665006,0.015566290940023231,0.018136449697191095,1
15.49,761,0.0025856510850227636,0.015328236552720262,0.015566290940023231,0
15.32,762,-0.011035490116332005,0.012049067012091729,0.015328236552720262,0
14.87,763,-0.0298134038403816,0.014739833176757693,0.012049067012091729,0
15.0,764,0.008704440630146318,0.014257839633386022,0.014739833176757693,0
14.68,765,-0.021564177915840525,0.015270287750845435,0.014257839633386022,0
14.22,766,-0.031836598811274666,0.01694857371558239,0.015270287750845435,0
12.87,767,-0.0997504027670596,0.031084812337226462,0.01694857371558239,1
12.39,768,-0.03800932596698406,0.031442420746561915,0.031084812337226462,1
13.02,769,0.04959694113937198,0.038937092024024345,0.031442420746561915,1
13.98,770,0.07114110002524113,0.047711861781500796,0.038937092024024345,1
14.24,771,0.018427169178165587,0.04843362744039947,0.047711861781500796,1
14.96,772,0.04932506656250149,0.05172032835177547,0.04843362744039947,1
15.33,773,0.024431720337391508,0.05136657893759309,0.05172032835177547,1
14.89,774,-0.02912184618780514,0.052288136902427326,0.05136657893759309,1
14.5,775,-0.026541197269388993,0.05253153669983929,0.052288136902427326,1
15.06,776,0.03789357294521879,0.05264582154153057,0.05253153669983929,1
15.16,777,0.006618157842478074,0.03754333046555885,0.05264582154153057,1
15.25,778,0.005919122839194976,0.03273481796309429,0.03754333046555885,1
15.56,779,0.02012401569682497,0.031138782730561726,0.03273481796309429,1
15.93,780,0.023500605171711597,0.02514169369079454,0.031138782730561726,1
15.46,781,-0.02994808076268123,0.02843234938540514,0.02514169369079454,1
15.43,782,-0.0019423767842064576,0.024554724402274727,0.02843234938540514,1
15.11,783,-0.020956890090421242,0.024366387544828293,0.024554724402274727,1
15.03,784,-0.0053085725197650315,0.02244925925865283,0.024366387544828293,1
14.97,785,-0.004000005333346017,0.02042408116677956,0.02244925925865283,1
15.05,786,0.005329792763347826,0.016494058345278544,0.02042408116677956,1
14.95,787,-0.006666691358189345,0.0164307193413984,0.016494058345278544,0
15.27,788,0.021178819393845662,0.017834140577603116,0.0164307193413984,0
15.59,789,0.020739563839144052,0.017911707506932408,0.017834140577603116,1
15.92,790,0.020946497346551747,0.01755712036490995,0.017911707506932408,1
15.97,791,0.0031357818106840544,0.014070926009248225,0.01755712036490995,1
16.63,792,0.04049633097791508,0.01814300226097659,0.014070926009248225,0
15.87,793,-0.046777758666518635,0.02364454689507433,0.01814300226097659,1
15.9,794,0.0018885746878681546,0.023407380241151975,0.02364454689507433,1
16.06,795,0.01001259929242977,0.02318540117985227,0.023407380241151975,1
15.97,796,-0.0056197462916944595,0.023530513229261443,0.02318540117985227,1
15.9,797,-0.004392853000735216,0.023405881628766865,0.023530513229261443,1
15.9,798,0.0,0.022847506931907048,0.023405881628766865,1
15.9,799,0.0,0.022092307916667133,0.022847506931907048,1
15.9,800,0.0,0.02106203587847086,0.022092307916667133,1
15.9,801,0.0,0.021031403444475873,0.02106203587847086,1
15.9,802,0.0,0.015424916303924403,0.021031403444475873,1
15.9,803,0.0,0.004141133679673586,0.015424916303924403,0
15.9,804,0.0,0.004097842934735454,0.004141133679673586,0
16.28,805,0.023618251348208393,0.008097936128215646,0.004097842934735454,0
16.32,806,0.002453988961566566,0.007718242694689675,0.008097936128215646,0
16.31,807,-0.0006129329030385572,0.007449100705985317,0.007718242694689675,0
16.59,808,0.017021687569430743,0.008650587003904338,0.007449100705985317,0
16.39,809,-0.012128711446614785,0.0100495269254881,0.008650587003904338,0
16.41,810,0.0012195123462611901,0.010015945150171,0.0100495269254881,0
16.46,811,0.0030422901469242193,0.009955413262043435,0.010015945150171,0
16.84,812,0.022823813565256913,0.011560570001494692,0.009955413262043435,0
17.71,813,0.050372442980561614,0.01797469905511686,0.011560570001494692,0
17.88,814,0.0095533179506257,0.017587742746939427,0.01797469905511686,1
18.15,815,0.014987790965491708,0.017146111757238236,0.017587742746939427,1
18.37,816,0.012048338516174574,0.01688915731831288,0.017146111757238236,1
17.73,817,-0.03546077914091784,0.022428995859942454,0.01688915731831288,1
17.36,818,-0.021089410853912423,0.023975958228213873,0.022428995859942454,1
17.58,819,0.01259318302482669,0.02333253568682448,0.023975958228213873,1
17.42,820,-0.009142920832673965,0.023842758990602432,0.02333253568682448,1
17.44,821,0.0011474470564766996,0.02387614228026361,0.023842758990602432,1
17.39,822,-0.0028710901146419316,0.023211896463877182,0.02387614228026361,1
17.9,823,0.028905384480517476,0.018971226910195673,0.023211896463877182,1
18.47,824,0.03134708136443938,0.02117789854330263,0.018971226910195673,1
19.06,825,0.03144410401490748,0.022771074084357357,0.02117789854330263,1
19.05,826,-0.0005247966533459796,0.022678966834629454,0.022771074084357357,1
19.67,827,0.032027530828257704,0.019582397867742348,0.022678966834629454,1
19.37,828,-0.015369154982063272,0.018620818738332122,0.019582397867742348,1
18.53,829,-0.044334437121636094,0.025496958192814608,0.018620818738332122,1
18.65,830,0.006455105792556058,0.024989814078888384,0.025496958192814608,1
18.66,831,0.0005360493293733082,0.02500598459613249,0.024989814078888384,1
19.85,832,0.06182181171400165,0.030088789564561066,0.02500598459613249,1
19.25,833,-0.03069294639940625,0.03244898937405067,0.030088789564561066,1
18.71,834,-0.028452920447794926,0.03302418834047399,0.03244898937405067,1
19.45,835,0.03878892977845689,0.03384090726544914,0.03302418834047399,1
20.1,836,0.03287274500057498,0.035182651699374394,0.03384090726544914,1
19.23,837,-0.04424825546434177,0.036982273877410675,0.035182651699374394,1
19.27,838,0.0020779228255866132,0.036705744810099056,0.036982273877410675,1
18.6,839,-0.035387901707119376,0.035611833217230424,0.036705744810099056,1
18.45,840,-0.008097210232619475,0.03563318901993854,0.035611833217230424,1
18.31,841,-0.007617011800116869,0.035685385775882296,0.03563318901993854,1
18.18,842,-0.007125269937086513,0.027795650211586063,0.035685385775882296,1
18.49,843,0.01690795664970067,0.027703334564227855,0.027795650211586063,1
18.81,844,0.017158597913905563,0.026980519942993244,0.027703334564227855,1
19.14,845,0.01739174271186924,0.02432752291677323,0.026980519942993244,1
18.9,846,-0.012618463959211575,0.021218283585316623,0.02432752291677323,1
18.88,847,-0.0010587613482419878,0.016466634615408666,0.021218283585316623,1
19.04,848,0.008438868645864604,0.016754996454182502,0.016466634615408666,0
19.32,849,0.01459879942115285,0.012281721185338563,0.016754996454182502,1
18.7,850,-0.03261730492383108,0.016606616124029572,0.012281721185338563,0
18.74,851,0.002136752949735242,0.01630540149219476,0.016606616124029572,0
18.57,852,-0.009112901445661584,0.016444868294697077,0.01630540149219476,0
18.27,853,-0.016287004974699162,0.016478992482871484,0.016444868294697077,0
17.8,854,-0.02606191309187581,0.01679468242443519,0.016478992482871484,0
17.96,855,0.008948605576014014,0.01569087749317696,0.01679468242443519,1
18.1,856,0.007764875397726602,0.01610646611874864,0.01569087749317696,0
17.51,857,-0.033139791974019596,0.01841336782058795,0.01610646611874864,0
17.49,858,-0.0011428572672499706,0.017726375437763897,0.01841336782058795,1
17.05,859,-0.025479085300984784,0.016407417125602827,0.017726375437763897,1
17.45,860,0.023189444918910354,0.018197425281794462,0.016407417125602827,0
17.39,861,-0.003444320282244477,0.017973051797895948,0.018197425281794462,1
17.92,862,0.030022079180592843,0.021493114853239244,0.017973051797895948,1
17.58,863,-0.019155515289753716,0.02169994697544995,0.021493114853239244,1
17.68,864,0.0056721649524665955,0.02037039518755531,0.02169994697544995,1
17.77,865,0.00507758495706257,0.020203261072325694,0.02037039518755531,1
17.25,866,-0.029699498689191174,0.021795170070178636,0.020203261072325694,1
16.58,867,-0.03961499377021991,0.022803223128577646,0.021795170070178636,1
17.02,868,0.026191973438079292,0.024918169579766017,0.022803223128577646,1
17.03,869,0.0005873715293688682,0.023601936593903215,0.024918169579766017,1
16.66,870,-0.02196585793590034,0.02295820183361714,0.023601936593903215,1
16.68,871,0.001199760191904095,0.023031769722092806,0.02295820183361714,1
16.58,872,-0.006013247223451858,0.01966021124460154,0.023031769722092806,1
16.9,873,0.01911647222187889,0.020884997657845513,0.01966021124460154,1
16.5,874,-0.023953241022492758,0.021462452412770727,0.020884997657845513,1
16.76,875,0.015634714147402154,0.022358425796332806,0.021462452412770727,1
16.61,876,-0.00899017142873358,0.020809548657722856,0.022358425796332806,1
17.3,877,0.04070157787852985,0.02094129529239376,0.020809548657722856,1
18.38,878,0.060556615423807594,0.02691069230441736,0.02094129529239376,1
18.45,879,0.0038012535589951146,0.026835563205134583,0.02691069230441736,1
18.45,880,0.0,0.024941572805236394,0.026835563205134583,1
18.45,881,0.0,0.02499253915439888,0.024941572805236394,1
18.45,882,0.0,0.024631903631893968,0.02499253915439888,1
18.45,883,0.0,0.02464678811402559,0.024631903631893968,1
18.45,884,0.0,0.022150146681201896,0.02464678811402559,1
18.45,885,0.0,0.022350899201678417,0.022150146681201896,1
18.45,886,0.0,0.021690814503757688,0.022350899201678417,1
18.45,887,0.0,0.019053607620506327,0.021690814503757688,1
18.45,888,0.0,0.0012020619210249485,0.019053607620506327,1
18.45,889,0.0,0.0,0.0012020619210249485,0
18.45,890,0.0,0.0,0.0,0
18.45,891,0.0,0.0,0.0,0
18.45,892,0.0,0.0,0.0,0
18.45,893,0.0,0.0,0.0,0
18.45,894,0.0,0.0,0.0,0
18.45,895,0.0,0.0,0.0,0
18.45,896,0.0,0.0,0.0,0
18.45,897,0.0,0.0,0.0,0
16.97,898,-0.0836172912404013,0.02644210920933144,0.0,0
16.86,899,-0.006503126672425534,0.02629316150725943,0.02644210920933144,1
17.02,900,0.009445170571518648,0.026817290741995948,0.02629316150725943,1
18.03,901,0.057647914069998,0.033983017796291974,0.026817290741995948,1
17.7,902,-0.01847239763544254,0.03434407922855487,0.033983017796291974,1
17.84,903,0.00787848757207981,0.034539665659990046,0.03434407922855487,1
18.06,904,0.012256420836976022,0.034887931092394874,0.034539665659990046,1
18.15,905,0.004971012722020402,0.03495710141618252,0.034887931092394874,1
18.13,906,-0.0011025359441000663,0.03495309480629557,0.03495710141618252,1
17.72,907,-0.022874079589824833,0.035568912977032505,0.03495309480629557,1
17.74,908,0.0011280317044984152,0.022014674813777065,0.035568912977032505,1
17.45,909,-0.016482328232997175,0.022778636226462576,0.022014674813777065,1
17.45,910,0.0,0.0226976227009458,0.022778636226462576,1
17.87,911,0.02378368052290063,0.014656540452202348,0.0226976227009458,1
17.93,912,0.0033519584457047734,0.013310858930037354,0.014656540452202348,0
18.18,913,0.013846801132291186,0.013765096716156668,0.013310858930037354,0
18.17,914,-0.0005502063412528352,0.013280470449754332,0.013765096716156668,0
17.96,915,-0.011624819534026321,0.013704729288644026,0.013280470449754332,0
17.69,916,-0.015147554702359591,0.014411887345490662,0.013704729288644026,0
17.6,917,-0.005100606127587797,0.012595674200867848,0.014411887345490662,0
17.67,918,0.003969384287498867,0.012672791183767953,0.012595674200867848,0
17.62,919,-0.0028336658235716063,0.011420854047002714,0.012672791183767953,0
17.74,920,0.006787356373399927,0.01155770019676055,0.011420854047002714,0
17.8,921,0.0033764804166060906,0.00865118693082026,0.01155770019676055,0
17.89,922,0.0050434402225882635,0.008748521401769375,0.00865118693082026,0
17.81,923,-0.00448180021905765,0.00726790146973332,0.008748521401769375,0
17.9,924,0.005040615545139014,0.007603891996471009,0.00726790146973332,0
17.96,925,0.003346350027344394,0.006821923666111926,0.007603891996471009,0
18.12,926,0.00886923774077979,0.004834851661198377,0.006821923666111926,0
18.24,927,0.006600684031351872,0.004190431581245289,0.004834851661198377,0
17.88,928,-0.019934214900817253,0.008519743764192607,0.004190431581245289,0
17.92,929,0.0022346378014165844,0.00840432164216824,0.008519743764192607,0
17.86,930,-0.0033538320984315513,0.008332210046199743,0.00840432164216824,0
17.9,931,0.002237137398356199,0.00829887589725136,0.008332210046199743,0
17.83,932,-0.00391828097166024,0.008244652359066502,0.00829887589725136,0
18.12,933,0.01613386873978444,0.009564603527063906,0.008244652359066502,0
18.08,934,-0.0022099456508029554,0.009560202161017961,0.009564603527063906,0
18.06,935,-0.0011068069751911064,0.00954249227714074,0.009560202161017961,0
17.73,936,-0.018441427902722792,0.010732590459931095,0.00954249227714074,0
17.51,937,-0.012485973788355989,0.010695475438023804,0.010732590459931095,0
17.48,938,-0.0017147760703711983,0.009133245124294032,0.010695475438023804,0
17.45,939,-0.0017177215789533097,0.009001577660191874,0.009133245124294032,0
17.41,940,-0.002294894868338402,0.00899870766608367,0.009001577660191874,0
17.24,941,-0.009812488544550716,0.009092445001678103,0.00899870766608367,0
17.29,942,0.0028960344596522087,0.009331215567909593,0.009092445001678103,0
17.25,943,-0.002316156217830344,0.006507976913319725,0.009331215567909593,0
17.56,944,0.017811444729601836,0.009721048728952469,0.006507976913319725,0
17.35,945,-0.01203108181410225,0.010101248066203983,0.009721048728952469,0
17.45,946,0.005747142255567851,0.009109079711634415,0.010101248066203983,0
17.55,947,0.005714301263438636,0.008487577895174521,0.009109079711634415,0
17.55,948,0.0,0.008461243326185534,0.008487577895174521,0
17.67,949,0.006814336419730189,0.008652032193784586,0.008461243326185534,0
17.7,950,0.0016963532481783338,0.008561775744958191,0.008652032193784586,0
17.74,951,0.0022573373016498643,0.007557925765586476,0.008561775744958191,0
17.95,952,0.011768138052854541,0.008066395557712285,0.007557925765586476,0
18.29,953,0.018764347468486473,0.009005894622217637,0.008066395557712285,0
18.19,954,-0.005482469872743274,0.008571532106354985,0.009005894622217637,0
18.02,955,-0.009389740349839143,0.008064617337630118,0.008571532106354985,0
18.01,956,-0.0005550929923270407,0.008140482928078138,0.008064617337630118,0
18.02,957,0.0005550929923271449,0.00812399474910299,0.008140482928078138,0
18.02,958,0.0,0.00812399474910299,0.00812399474910299,0
17.99,959,-0.0016662042177501397,0.00808268363799964,0.00812399474910299,0
17.78,960,-0.011741817876683061,0.009147794026351977,0.00808268363799964,0
17.79,961,0.0005622715919851286,0.009126282456345735,0.009147794026351977,0
17.74,962,-0.002814524796310406,0.008205533414273566,0.009126282456345735,0
17.8,963,0.0033764804166060906,0.004777039269007253,0.008205533414273566,0
17.77,964,-0.0016868151314795138,0.00468262831461388,0.004777039269007253,0
17.85,965,0.004491866059088233,0.004408812468802757,0.00468262831461388,0
17.78,966,-0.00392927813988955,0.004503512517793718,0.004408812468802757,0
17.89,967,0.006167667434869199,0.005072191323821896,0.004503512517793718,0
15.72,968,-0.1293081105195673,0.0409509537385228,0.005072191323821896,0
15.28,969,-0.02838900326268614,0.04095360863322518,0.0409509537385228,1
15.31,970,0.0019614259312181284,0.04135140833876869,0.04095360863322518,1
15.28,971,-0.001961425931218062,0.04125375672224424,0.04135140833876869,1
15.5,972,0.014295240186826532,0.04216957913477971,0.04125375672224424,1
15.57,973,0.0045059619207061365,0.04222127960515569,0.04216957913477971,1
15.92,974,0.022230194570329903,0.04361209325809666,0.04222127960515569,1
15.93,975,0.00062794350572019,0.043476558365483475,0.04361209325809666,1
15.79,976,-0.008827295654406415,0.04341083420144218,0.043476558365483475,1
15.64,977,-0.009545093150385561,0.042967522050387855,0.04341083420144218,1
15.57,978,-0.004485749271258054,0.013795420509770215,0.042967522050387855,1
15.45,979,-0.007736982502152563,0.010347833551649439,0.013795420509770215,0
15.43,980,-0.0012953369686849819,0.010369162060967028,0.010347833551649439,0
15.64,981,0.013518068742095522,0.01104754429736773,0.010369162060967028,0
15.79,982,0.009545093150385563,0.01056753900290023,0.01104754429736773,0
15.7,983,-0.005716115913288355,0.010774837236901303,0.01056753900290023,0
15.71,984,0.0006367399132675264,0.007748684117563343,0.010774837236901303,0
15.77,985,0.003811948707417085,0.007901882397903294,0.007748684117563343,0
15.73,986,-0.002539683904760532,0.00744779973630708,0.007901882397903294,0
15.75,987,0.0012706482014554893,0.006718718063194234,0.00744779973630708,0
15.83,988,0.005066508621278649,0.006576928556812853,0.006718718063194234,0
15.63,989,-0.012714729459535468,0.007491600746493,0.006576928556812853,0
15.69,990,0.0038314223115558676,0.0074804446799183015,0.007491600746493,0
15.74,991,0.003181676244315916,0.006279227407085365,0.0074804446799183015,0
15.87,992,0.008225291549060456,0.006081968384211908,0.006279227407085365,0
15.68,993,-0.012044519616055882,0.007052982315140717,0.006081968384211908,0
15.7,994,0.0012746974320005163,0.007063540135778551,0.007052982315140717,0
15.8,995,0.0063492276786587445,0.0072610335300139685,0.007063540135778551,0
15.75,996,-0.0031695747612790672,0.007290019290730641,0.0072610335300139685,0
15.67,997,-0.005092308903712658,0.007454937127241368,0.007290019290730641,0
15.59,998,-0.005118373298244283,0.007302715847948569,0.007454937127241368,0
15.73,999,0.008940034000501293,0.006810928344090687,0.007302715847948569,0
15.74,1000,0.0006355259190707615,0.006718778306117256,0.006810928344090687,0
15.79,1001,0.00317158527829354,0.0067183011894478405,0.006718778306117256,0
15.83,1002,0.0025300456253700356,0.006194395824372861,0.0067183011894478405,0
16.07,1003,0.015047305856500486,0.006385428128224232,0.006194395824372861,0
16.36,1004,0.017885151425179675,0.008000059908715168,0.006385428128224232,0
16.94,1005,0.03483835804930752,0.012621038271274723,0.008000059908715168,0
16.7,1006,-0.014268969801199008,0.014021836444007094,0.012621038271274723,0
16.64,1007,-0.0035992840296467615,0.01389971461207436,0.014021836444007094,0
16.44,1008,-0.012092045765028633,0.014673274604285486,0.01389971461207436,0
16.42,1009,-0.0012172856037516375,0.014745361271281975,0.014673274604285486,0
16.41,1010,-0.0006091989222827603,0.01478486730539698,0.014745361271281975,0
16.4,1011,-0.0006095702718469226,0.014861350374881595,0.01478486730539698,0
16.39,1012,-0.0006099420744143111,0.014923979577071929,0.014861350374881595,0
16.34,1013,-0.0030553033238815484,0.014455046086875855,0.014923979577071929,0
16.34,1014,0.0,0.013284363683386,0.014455046086875855,0
16.23,1015,-0.00675470790535698,0.005131707157135148,0.013284363683386,0
16.4,1016,0.010419953303652878,0.0057003421539547,0.005131707157135148,0
16.48,1017,0.004866189651172906,0.006024902186522753,0.0057003421539547,0
16.41,1018,-0.004256619379326137,0.004802752713527449,0.006024902186522753,0
16.48,1019,0.004256619379326148,0.004980385570954543,0.004802752713527449,0
16.49,1020,0.000606612090181866,0.00496879467147873,0.004980385570954543,0
16.41,1021,-0.004863231469507876,0.005247302727608414,0.00496879467147873,0
16.48,1022,0.004256619379326148,0.005401571871705986,0.005247302727608414,0
16.6,1023,0.007255170881172016,0.005617161634645461,0.005401571871705986,0
16.56,1024,-0.002412546405384101,0.005742899669138803,0.005617161634645461,0
16.4,1025,-0.009708814126960938,0.0062582573584985925,0.005742899669138803,0
16.45,1026,0.003044142381228273,0.005406932842554102,0.0062582573584985925,0
16.4,1027,-0.0030441423812282435,0.005241501121949919,0.005406932842554102,0
16.46,1028,0.0036518604187712393,0.0052059763660908046,0.005241501121949919,0
16.46,1029,0.0,0.0050175137066031045,0.0052059763660908046,0
16.45,1030,-0.0006077180375429016,0.005012628031819725,0.0050175137066031045,0
16.53,1031,0.004851434621552045,0.004958770063120244,0.005012628031819725,0
16.48,1032,-0.0030293873516072604,0.004917898980527063,0.004958770063120244,0
16.48,1033,0.0,0.004213342806918616,0.004917898980527063,0
16.48,1034,0.0,0.004174906354099911,0.004213342806918616,0
16.48,1035,0.0,0.002637015081212703,0.004174906354099911,0
16.5,1036,0.0012128564252092296,0.0024996837765806127,0.002637015081212703,0
16.49,1037,-0.0006062443350275067,0.0022425780887316595,0.0024996837765806127,0
16.55,1038,0.0036319652515645813,0.0022395245603152626,0.0022425780887316595,0
16.57,1039,0.0012077296153995378,0.0022394159629465418,0.0022395245603152626,0
16.51,1040,-0.003627573506434843,0.002604178310303411,0.0022394159629465418,0
16.43,1041,-0.004857325882859989,0.002554655650893591,0.002604178310303411,0
16.46,1042,0.001824263199747048,0.0025038130091876764,0.002554655650893591,0
16.27,1043,-0.011610274017977434,0.00440858497999858,0.0025038130091876764,0
16.34,1044,0.004293168200910371,0.0047436553344296145,0.00440858497999858,0
16.27,1045,-0.004293168200910385,0.004850924083047794,0.0047436553344296145,0
16.29,1046,0.0012285013830073243,0.004851820719805124,0.004850924083047794,0
16.3,1047,0.0006136851987629978,0.004885886005179742,0.004851820719805124,0
16.47,1048,0.010375436376832246,0.005966462406195063,0.004885886005179742,0
16.42,1049,-0.0030404401652665974,0.005983793700257071,0.005966462406195063,0
16.32,1050,-0.006108754488321253,0.006157934472150783,0.005983793700257071,0
16.19,1051,-0.00799758184641716,0.006441129624463052,0.006157934472150783,0
16.29,1052,0.006157654924409871,0.006822003790082151,0.006441129624463052,0
16.27,1053,-0.001228501383007328,0.005738239127767788,0.006822003790082151,0
16.3,1054,0.0018421865817702093,0.00558478211748495,0.005738239127767788,0
16.2,1055,-0.006153865574378335,0.005762797965498996,0.00558478211748495,0
16.35,1056,0.009216655104924048,0.006522043733247279,0.005762797965498996,0
16.4,1057,0.003053437486890248,0.006577665783537837,0.006522043733247279,0
16.42,1058,0.0012187691941296472,0.005637604873931741,0.006577665783537837,0
16.47,1059,0.003040440165266646,0.005637604873931743,0.005637604873931741,0
16.46,1060,-0.0006073489406250294,0.005193194313391262,0.005637604873931743,0
16.57,1061,0.006660636189547859,0.004429674940069299,0.005193194313391262,0
16.59,1062,0.001206272763881596,0.004225049878848603,0.004429674940069299,0
16.6,1063,0.000602591160144514,0.004116295851330524,0.004225049878848603,0
16.59,1064,-0.0006025911601445004,0.0041990066507385645,0.004116295851330524,0
16.6,1065,0.000602591160144514,0.003210797365327191,0.0041990066507385645,0
16.6,1066,0.0,0.0022186856776517717,0.003210797365327191,0
16.6,1067,0.0,0.0021937873419818218,0.0022186856776517717,0
16.64,1068,0.0024067400305648376,0.002226113536832751,0.0021937873419818218,0
16.68,1069,0.0024009615375380463,0.0021802621278799125,0.002226113536832751,0
16.93,1070,0.014876799214443156,0.004720168415659503,0.0021802621278799125,0
16.89,1071,-0.00236546532533519,0.0047659484747710765,0.004720168415659503,0
17.09,1072,0.011771766307790728,0.005676126094197518,0.0047659484747710765,0
17.21,1073,0.006997113095948572,0.005739707125182852,0.005676126094197518,0
17.26,1074,0.002901075431833863,0.005558134091456615,0.005739707125182852,0
17.16,1075,-0.005810591595465741,0.00630788103154467,0.005558134091456615,0
17.15,1076,-0.0005829204478674196,0.006344535338930225,0.00630788103154467,0
17.1,1077,-0.002919710103334639,0.006574227997049983,0.006344535338930225,0
17.3,1078,0.011628037995118993,0.007111571791886394,0.006574227997049983,0
17.22,1079,-0.00463500250414863,0.007606093352378604,0.007111571791886394,0
17.07,1080,-0.008748962193235425,0.007231336039779572,0.007606093352378604,0
17.14,1081,0.004092376363284567,0.007203203216465584,0.007231336039779572,0
17.34,1082,0.011601058182761975,0.007176226439117722,0.007203203216465584,0
17.49,1083,0.00861331767811493,0.007331501387040466,0.007176226439117722,0
17.17,1084,-0.018465614121126298,0.009658809250457824,0.007331501387040466,0
17.18,1085,0.0005822416467249674,0.009479843671751283,0.009658809250457824,0
16.7,1086,-0.028337197133399872,0.013084764861101425,0.009479843671751283,0
16.66,1087,-0.0023980826840127437,0.013084649551041784,0.013084764861101425,0
16.52,1088,-0.008438868645864708,0.012165468058902442,0.013084649551041784,0
16.28,1089,-0.014634407518437696,0.012571605422306396,0.012165468058902442,0
16.32,1090,0.002453988961566566,0.01275891008552007,0.012571605422306396,0
16.19,1091,-0.00799758184641716,0.012423373606907954,0.01275891008552007,0
16.19,1092,0.0,0.011099137977854613,0.012423373606907954,0
16.25,1093,0.0036991410862025637,0.01042621130437802,0.011099137977854613,0
16.14,1094,-0.006792245933943733,0.009669915174387513,0.01042621130437802,0
16.09,1095,-0.003102701837510889,0.009451060300193439,0.009669915174387513,0
16.07,1096,-0.0012437812548705715,0.005619721258090303,0.009451060300193439,0
16.21,1097,0.00867415599816348,0.006884908667839851,0.005619721258090303,0
16.3,1098,0.005536772065131893,0.007016363682529545,0.006884908667839851,0
16.33,1099,0.0018387991696568618,0.005263216340263121,0.007016363682529545,0
16.3,1100,-0.0018387991696569126,0.005243643141656819,0.005263216340263121,0
16.18,1101,-0.0073891961823710885,0.0051447193819404245,0.005243643141656819,0
16.2,1102,0.0012353306079928082,0.005161172632803657,0.0051447193819404245,0
16.19,1103,-0.0006174745487944538,0.0050011856322883606,0.005161172632803657,0
16.16,1104,-0.0018547145965944695,0.004516969047704233,0.0050011856322883606,0
16.12,1105,-0.00247831601446709,0.004471499171263472,0.004516969047704233,0
16.27,1106,0.009262184152464038,0.00526242681551915,0.004471499171263472,0
16.56,1107,0.017667227726167106,0.007116444550552752,0.00526242681551915,0
16.4,1108,-0.009708814126960938,0.00789719470084492,0.007116444550552752,0
16.48,1109,0.004866189651172906,0.008006733456691287,0.00789719470084492,0
16.54,1110,0.003634165114219448,0.007984652829751155,0.008006733456691287,0
16.6,1111,0.003621005766952362,0.007363535018390554,0.007984652829751155,0
16.57,1112,-0.0018088639240261164,0.007486407309513447,0.007363535018390554,0
16.69,1113,0.007215906235272266,0.007561517250037134,0.007486407309513447,0
16.69,1114,0.0,0.0074499987810985185,0.007561517250037134,0
16.74,1115,0.002991327387585434,0.007180488984614302,0.0074499987810985185,0
16.63,1116,-0.006592771856492886,0.007573694746238799,0.007180488984614302,0
16.66,1117,0.0018023435338604698,0.0052876953496813935,0.007573694746238799,0
16.67,1118,0.0006000600240061268,0.003868624798445271,0.0052876953496813935,0
16.67,1119,0.0,0.003719929703581588,0.003868624798445271,0
16.72,1120,0.0029949108938527188,0.0036776795195568638,0.003719929703581588,0
16.78,1121,0.003582093382504656,0.003674714434084054,0.0036776795195568638,0
16.85,1122,0.004162955759310554,0.003638413308588987,0.003674714434084054,0
16.75,1123,-0.005952398527295385,0.003790273805340215,0.003638413308588987,0
16.84,1124,0.0053587505431053045,0.004100056489854238,0.003790273805340215,0
16.78,1125,-0.0035693077751204503,0.004249468599337635,0.004100056489854238,0
16.64,1126,-0.008378265645997578,0.004592094787178907,0.004249468599337635,0
16.91,1127,0.01609572751742631,0.006859393066088548,0.004592094787178907,0
16.88,1128,-0.0017756737426779723,0.00693435151966049,0.006859393066088548,0
16.75,1129,-0.007731230896735541,0.007497547391359779,0.00693435151966049,0
16.69,1130,-0.003588520597331636,0.007540973267620161,0.007497547391359779,0
16.71,1131,0.001197604933558589,0.0074459111838517476,0.007540973267620161,0
16.59,1132,-0.0072072384049492715,0.007536238348803007,0.0074459111838517476,0
16.59,1133,0.0,0.007383859727461356,0.007536238348803007,0
16.56,1134,-0.0018099552452395303,0.007042347210396469,0.007383859727461356,0
16.41,1135,-0.009099243855114033,0.0074147466943177654,0.007042347210396469,0
16.35,1136,-0.0036630077587370352,0.007124544198753785,0.0074147466943177654,0
16.41,1137,0.00366300775873702,0.00410964762919739,0.007124544198753785,0
16.43,1138,0.0012180269471772254,0.004312873772638696,0.00410964762919739,0
16.39,1139,-0.00243753929343833,0.003935352171517867,0.004312873772638696,0
16.22,1140,-0.010426344068471602,0.004723765727141517,0.003935352171517867,0
16.23,1141,0.0006163328392331293,0.004671624905903674,0.004723765727141517,0
16.34,1142,0.006754707905356918,0.005291416330995689,0.004671624905903674,0
16.26,1143,-0.004907985312192201,0.005362075516883313,0.005291416330995689,0
16.24,1144,-0.001230769386132846,0.005367591998598632,0.005362075516883313,0
16.29,1145,0.0030740878804219347,0.004928842143790806,0.005367591998598632,0
16.2,1146,-0.005540180375615356,0.005086031675594786,0.004928842143790806,0
16.14,1147,-0.0037105793965356015,0.004877741927150301,0.005086031675594786,0
16.0,1148,-0.008711940602021568,0.0052253344089880195,0.004877741927150301,0
15.78,1149,-0.013845406822053095,0.006306689721685426,0.0052253344089880195,0
15.88,1150,0.006317140401261497,0.006567105205170126,0.006306689721685426,0
15.96,1151,0.0050251362026729795,0.006910137085125619,0.006567105205170126,0
16.04,1152,0.005000010416705619,0.006691028758527717,0.006910137085125619,0
16.01,1153,-0.001872075429744974,0.006605341626740432,0.006691028758527717,0
15.87,1154,-0.008782992470305786,0.006985649556740857,0.006605341626740432,0
15.81,1155,-0.0037878833169369803,0.006730971372815934,0.006985649556740857,0
16.01,1156,0.012570875787242709,0.008236921972409859,0.006730971372815934,0
16.16,1157,0.009325526084325846,0.008803940007685283,0.008236921972409859,0
16.1,1158,-0.0037197811025319006,0.008378507460227518,0.008803940007685283,0
16.1,1159,0.0,0.0066972363045455325,0.008378507460227518,0
15.97,1160,-0.008107309763496296,0.007200381367872874,0.0066972363045455325,0
15.89,1161,-0.005021981678296412,0.007209866273630619,0.007200381367872874,0
15.89,1162,0.0,0.006959755822171485,0.007209866273630619,0
15.75,1163,-0.008849615276982612,0.007399508712048737,0.006959755822171485,0
15.51,1164,-0.01535538808319465,0.008337197313420482,0.007399508712048737,0
15.56,1165,0.003218541561798124,0.008490746250182035,0.008337197313420482,0
15.3,1166,-0.016850690351855765,0.008126773931429491,0.008490746250182035,0
15.11,1167,-0.012496052113741645,0.006815011523582731,0.008126773931429491,0
14.91,1168,-0.013324647508001088,0.007019244924430796,0.006815011523582731,0
15.05,1169,0.00934586241823782,0.008599529954092314,0.007019244924430796,0
15.0,1170,-0.003327790092674691,0.008648030983285239,0.008599529954092314,0
15.05,1171,0.003327790092674746,0.009168910379243977,0.008648030983285239,0
15.05,1172,0.0,0.009168910379243977,0.009168910379243977,0
15.21,1173,0.010575115076316689,0.01034625407741533,0.009168910379243977,0
15.21,1174,0.0,0.009493737723292301,0.01034625407741533,0
15.16,1175,-0.003292726056975979,0.009321346054450619,0.009493737723292301,0
15.08,1176,-0.005291017634415547,0.007978331494629731,0.009321346054450619,0
14.98,1177,-0.006653384490736547,0.007261090418281728,0.007978331494629731,0
14.92,1178,-0.004013383313458676,0.005967442294563621,0.007261090418281728,0
14.86,1179,-0.004029555486001688,0.005091265429894045,0.005967442294563621,0
14.76,1180,-0.006752220117286671,0.005353431162012055,0.005091265429894045,0
14.61,1181,-0.010214593409718295,0.00566834375417814,0.005353431162012055,0
14.75,1182,0.009536857023220822,0.0068930129103787026,0.00566834375417814,0
15.21,1183,0.03071002348537261,0.01201589955990132,0.0068930129103787026,0
15.27,1184,0.003937012959339599,0.01208022554995715,0.01201589955990132,0
15.27,1185,0.0,0.01201326902329275,0.01208022554995715,0
15.21,1186,-0.003937012959339531,0.011945393087419891,0.01201326902329275,0
15.01,1187,-0.01323646062583093,0.012570405753829896,0.011945393087419891,0
15.02,1188,0.0006660006906181381,0.012482922453516641,0.012570405753829896,0
15.04,1189,0.0013306721857049505,0.0123733989957036,0.012482922453516641,0
15.43,1190,0.02560034785337578,0.014162229509765667,0.0123733989957036,0
15.47,1191,0.0025889982099054033,0.01323888599824633,0.014162229509765667,0
12.93,1192,-0.17935247180120875,0.05985780553879301,0.01323888599824633,0
12.84,1193,-0.006984894521950981,0.05794381756089959,0.05985780553879301,1
12.84,1194,0.0,0.05779941124707233,0.05794381756089959,1
12.92,1195,0.0062112000926406764,0.058039239216352616,0.05779941124707233,1
12.89,1196,-0.002324681403359687,0.05808089399322678,0.058039239216352616,1
12.85,1197,-0.003108005609867307,0.058233213074799804,0.05808089399322678,1
12.8,1198,-0.0038986404156571976,0.058109849944557077,0.058233213074799804,1
12.84,1199,0.0031201273362434566,0.05817184926691384,0.058109849944557077,1
12.84,1200,0.0,0.05669120249872457,0.05817184926691384,1
12.93,1201,0.006984894521950969,0.05688851980537853,0.05669120249872457,1
12.78,1202,-0.011668743834377378,0.005760966046926354,0.05688851980537853,1
12.59,1203,-0.014978600893132939,0.007064960995694398,0.005760966046926354,0
12.46,1204,-0.01037933469694861,0.007493433898963255,0.007064960995694398,0
12.38,1205,-0.006441246102856993,0.00680070058693139,0.007493433898963255,0
12.35,1206,-0.002426204182463937,0.00679754989585426,0.00680070058693139,0
12.4,1207,0.004040409537005127,0.007292307596757903,0.00679754989585426,0
12.29,1208,-0.008910549033047877,0.007487427047454808,0.007292307596757903,0
12.34,1209,0.00406009489929836,0.007592822421666069,0.007487427047454808,0
12.57,1210,0.018467004124914397,0.010394897299911186,0.007592822421666069,0
12.64,1211,0.005553366116555314,0.010264537430765457,0.010394897299911186,0
12.64,1212,0.0,0.009726306349469518,0.010264537430765457,0
12.7,1213,0.004735604745834029,0.008524751065323903,0.009726306349469518,0
12.79,1214,0.007061622126205809,0.007713014711440858,0.008524751065323903,0
12.76,1215,-0.0023483376741073965,0.007275280850121379,0.007713014711440858,0
12.65,1216,-0.008658062743114541,0.008022475026167888,0.007275280850121379,0
12.56,1217,-0.007140054133476582,0.008531412145338578,0.008022475026167888,0
12.55,1218,-0.0007964954622597524,0.0078096245649782485,0.008531412145338578,0
12.62,1219,0.005562191535274024,0.007865896121584278,0.0078096245649782485,0
12.66,1220,0.0031645596029631616,0.005488232939165707,0.007865896121584278,0
12.6,1221,-0.004750602758597865,0.005445691426530182,0.005488232939165707,0
12.53,1222,-0.00557104504945536,0.005689183849972327,0.005445691426530182,0
12.8,1223,0.021319402017594736,0.008974535371366617,0.005689183849972327,0
12.86,1224,0.004676547883901803,0.008819527660810378,0.008974535371366617,0
13.27,1225,0.03138412953464273,0.01303369359385022,0.008819527660810378,0
13.59,1226,0.023828379818936134,0.013587391273408042,0.01303369359385022,0
13.76,1227,0.012431604342145176,0.012676516533143145,0.013587391273408042,0
13.55,1228,-0.015379285179487667,0.014632539509003397,0.012676516533143145,0
13.69,1229,0.010279091974647476,0.014633191678339652,0.014632539509003397,0
13.62,1230,-0.005126338578991257,0.015171284904605708,0.014633191678339652,0
13.45,1231,-0.01256019467351818,0.016037337751025626,0.015171284904605708,0
13.67,1232,0.016224544688010174,0.01568752916721224,0.016037337751025626,0
13.51,1233,-0.011773498763750693,0.01621317518290806,0.01568752916721224,0
13.38,1234,-0.009669097272025052,0.01690409191233189,0.01621317518290806,0
13.38,1235,0.0,0.013892780601468039,0.01690409191233189,1
13.47,1236,0.006703935722190134,0.01161026246389243,0.013892780601468039,0
13.36,1237,-0.00819982231377299,0.010784317150420171,0.01161026246389243,0
13.43,1238,0.005225842426646483,0.010091890840059995,0.010784317150420171,0
13.44,1239,0.0007443245598572956,0.009341996455346533,0.010091890840059995,0
13.08,1240,-0.027150989065950745,0.012322789255741502,0.009341996455346533,0
12.87,1241,-0.01618532442101742,0.012650083017923829,0.012322789255741502,0
12.93,1242,0.00465117117573088,0.010970635515044338,0.012650083017923829,0
12.87,1243,-0.004651171175730844,0.010751823562966991,0.010970635515044338,0
12.76,1244,-0.008583743691391442,0.010703174456670106,0.010751823562966991,0
12.79,1245,0.002348337674107429,0.010843679433544461,0.010703174456670106,0
12.68,1246,-0.00863766658167145,0.010143553571130582,0.010843679433544461,0
12.56,1247,-0.009508787969027188,0.010182835280335978,0.010143553571130582,0
12.59,1248,0.0023856870162031526,0.009864142960134744,0.010182835280335978,0
12.49,1249,-0.007974523918769471,0.009536608687985256,0.009864142960134744,0
12.53,1250,0.0031974447704905596,0.0070270702282638825,0.009536608687985256,0
12.51,1251,-0.0015974444291571755,0.005667243453922128,0.0070270702282638825,0
12.51,1252,0.0,0.005151814231824927,0.005667243453922128,0
12.43,1253,-0.0064154189562000245,0.005232716602671307,0.005151814231824927,0
12.57,1254,0.011200117079536328,0.006639063647243561,0.005232716602671307,0
12.47,1255,-0.007987262910210914,0.006776448154140593,0.006639063647243561,0
12.78,1256,0.02455568925744346,0.010539263327763396,0.006776448154140593,0
12.89,1257,0.008570368001707287,0.0101194480124001,0.010539263327763396,0
12.96,1258,0.005415873973032638,0.010157830403300106,0.0101194480124001,0
12.87,1259,-0.006968669316093427,0.010042547974464822,0.010157830403300106,0
12.71,1260,-0.012509936406672487,0.011172534954233378,0.010042547974464822,0
12.77,1261,0.004709584843085167,0.011160886583270527,0.011172534954233378,0
12.78,1262,0.0007827789049407663,0.011147593491866045,0.011160886583270527,0
13.03,1263,0.019372942187364954,0.01190675102818781,0.011147593491866045,0
12.96,1264,-0.005386700212624962,0.012057195122391626,0.01190675102818781,0
12.85,1265,-0.008523879582899924,0.012112868159598961,0.012057195122391626,0
13.03,1266,0.013910579795524895,0.010347269013761743,0.012112868159598961,0
12.99,1267,-0.0030745604542454607,0.010171607367606472,0.010347269013761743,0
13.04,1268,0.0038417258159987072,0.010103721799376665,0.010171607367606472,0
12.87,1269,-0.01312253489047158,0.010781632137102058,0.010103721799376665,0
12.85,1270,-0.0015552102668064743,0.009888893272832072,0.010781632137102058,0
12.83,1271,-0.0015576327136837397,0.00983283191115909,0.009888893272832072,0
12.91,1272,0.00621602623100603,0.010000787710547203,0.00983283191115909,0
12.9,1273,-0.0007748934909246876,0.007642135402256666,0.010000787710547203,0
12.88,1274,-0.001551590691418833,0.007492449379692979,0.007642135402256666,0
12.87,1275,-0.00077669906817236,0.006966348472173549,0.007492449379692979,0
12.89,1276,0.00155279534306082,0.005101735537434444,0.006966348472173549,0
12.94,1277,0.0038714721216584072,0.005270114835689055,0.005101735537434444,0
12.86,1278,-0.006201570263281157,0.005331607558887531,0.005270114835689055,0
12.85,1279,-0.0007779074682444593,0.0033881698012043103,0.005331607558887531,0
12.84,1280,-0.0007785130794136867,0.003361314469947232,0.0033881698012043103,0
12.87,1281,0.0023337233462200966,0.003396036722714151,0.003361314469947232,0
13.04,1282,0.013122534890471632,0.005036420323326081,0.003396036722714151,0
13.1,1283,0.00459067370859905,0.005111346421815163,0.005036420323326081,0
13.06,1284,-0.003058106358820773,0.0052332898759496135,0.005111346421815163,0
13.05,1285,-0.0007659900795825345,0.00523279879956418,0.0052332898759496135,0
12.94,1286,-0.008464844695948028,0.006087090035128567,0.00523279879956418,0
13.04,1287,0.007698267425752336,0.00644050988608228,0.006087090035128567,0
12.99,1288,-0.003841725815998646,0.00619525501708275,0.00644050988608228,0
13.07,1289,0.00613969695362247,0.0063580261460606715,0.00619525501708275,0
13.13,1290,0.004580160678574381,0.006351966047013382,0.0063580261460606715,0
13.01,1291,-0.009181395790290954,0.007304152955303657,0.006351966047013382,0
12.84,1292,-0.013152994262598743,0.007217049721310586,0.007304152955303657,0
12.86,1293,0.001556420547658158,0.006990629526846038,0.007217049721310586,0
12.9,1294,0.0031055925581530666,0.00714226599469793,0.006990629526846038,0
12.82,1295,-0.006220859875102506,0.007309022101873237,0.00714226599469793,0
12.85,1296,0.002337359848704772,0.007002804228969596,0.007309022101873237,0
12.7,1297,-0.011741817876683287,0.007110495756776361,0.007002804228969596,0
12.61,1298,-0.0071118434877173635,0.00724571464739072,0.007110495756776361,0
12.54,1299,-0.005566614772053533,0.006519881075974643,0.00724571464739072,0
12.53,1300,-0.0007977662967977263,0.005914399262228082,0.006519881075974643,0
12.58,1301,0.003982482364317568,0.006255661180006082,0.005914399262228082,0
12.47,1302,-0.008782491580349347,0.005615444943262314,0.006255661180006082,0
12.54,1303,0.005597775512829458,0.006098377369326607,0.005615444943262314,0
12.58,1304,0.0031847160675199195,0.0061065329118559514,0.006098377369326607,0
12.55,1305,-0.0023875856945015225,0.005966549491416114,0.0061065329118559514,0
12.63,1306,0.006354270784606798,0.006418705178709806,0.005966549491416114,0
12.8,1307,0.01337023456317164,0.006955099901836399,0.006418705178709806,0
12.6,1308,-0.015748356968139282,0.008425370194751243,0.006955099901836399,0
12.6,1309,0.0,0.00820351608523164,0.008425370194751243,0
12.39,1310,-0.016807118316381174,0.009872382157882569,0.00820351608523164,0
12.78,1311,0.030991753308337554,0.0141796000975351,0.009872382157882569,0
12.85,1312,0.0054623623918400276,0.013731657700726131,0.0141796000975351,0
12.94,1313,0.006979477731525676,0.013767585585904973,0.013731657700726131,0
13.23,1314,0.022163689054109835,0.015025153924860472,0.013767585585904973,0
13.06,1315,-0.012932854278579353,0.01594604298078075,0.015025153924860472,0
13.09,1316,0.002294456073523404,0.01593064633759069,0.01594604298078075,0
13.1,1317,0.000763650285297175,0.015564180807441883,0.01593064633759069,0
12.94,1318,-0.012288941134351352,0.015150999933033451,0.015564180807441883,0
12.94,1319,0.0,0.015150999933033451,0.015150999933033451,0
12.91,1320,-0.0023210842142032694,0.013706269744805719,0.015150999933033451,0
12.91,1321,0.0,0.009938972510778828,0.013706269744805719,0
12.92,1322,0.0007742934959046463,0.009815533380237915,0.009938972510778828,0
13.17,1323,0.019165017400733883,0.011341165235487411,0.009815533380237915,0
12.96,1324,-0.016073824831061023,0.010073406590118014,0.011341165235487411,0
12.96,1325,0.0,0.009325057870196739,0.010073406590118014,0
12.93,1326,-0.00231749814036259,0.009270620858928236,0.009325057870196739,0
12.97,1327,0.003088805544586421,0.009354949700755389,0.009270620858928236,0
12.75,1328,-0.01710772672391739,0.010095973630457764,0.009354949700755389,0
12.74,1329,-0.0007846214604178179,0.010086244719115216,0.010095973630457764,0
12.69,1330,-0.003932368417721076,0.010112631156242053,0.010086244719115216,0
12.62,1331,-0.005531424613229202,0.010159341800276576,0.010112631156242053,0
12.65,1332,0.002374358060462297,0.010225037582682962,0.010159341800276576,0
12.75,1333,0.007874056430905866,0.007994619262900337,0.010225037582682962,0
12.73,1334,-0.0015698590351200178,0.006602196261331804,0.007994619262900337,0
12.7,1335,-0.0023594191047696398,0.006573190066642897,0.006602196261331804,0
12.62,1336,-0.006319136351478546,0.006713184595876373,0.006573190066642897,0
12.59,1337,-0.0023800090568112326,0.0064307580764289786,0.006713184595876373,0
12.64,1338,0.003963540662455611,0.004423962899418107,0.0064307580764289786,0
12.62,1339,-0.0015835316056443847,0.0044295303590767285,0.004423962899418107,0
12.54,1340,-0.006359321908292504,0.004671205639610957,0.0044295303590767285,0
12.59,1341,0.003979312851481275,0.0046570409374621195,0.004671205639610957,0
12.72,1342,0.010272709855720406,0.005701895375637711,0.0046570409374621195,0
12.66,1343,-0.004728141195946012,0.005280847606777614,0.005701895375637711,0
12.66,1344,0.0,0.005275724179936767,0.005280847606777614,0
12.69,1345,0.0023668650102660225,0.005307363313972825,0.005275724179936767,0
12.68,1346,-0.0007883327172164291,0.004853581601569583,0.005307363313972825,0
12.7,1347,0.0015760444554657142,0.00475531213221241,0.004853581601569583,0
13.02,1348,0.024884643315877593,0.008986931024846477,0.00475531213221241,0
12.94,1349,-0.006163347707668688,0.009353533094081164,0.008986931024846477,0
12.91,1350,-0.0023210842142032694,0.00900918734320203,0.009353533094081164,0
13.02,1351,0.00848443192187191,0.009179745699137593,0.00900918734320203,0
12.9,1352,-0.009259325412796712,0.00961282724174595,0.009179745699137593,0
13.1,1353,0.015384918839479456,0.010268723636878495,0.00961282724174595,0
13.24,1354,0.01063032030175633,0.010424793751380744,0.010268723636878495,0
13.24,1355,0.0,0.010504652275253133,0.010424793751380744,0
12.77,1356,-0.03614388046441424,0.016579443638543658,0.010504652275253133,0
12.9,1357,0.010128641323178665,0.016847664867960483,0.016579443638543658,0
13.57,1358,0.05063416247915139,0.02199089352503575,0.016847664867960483,1
13.65,1359,0.005878047784190969,0.02169182512993254,0.02199089352503575,1
13.41,1360,-0.017738824337381633,0.022815776221945375,0.02169182512993254,1
13.46,1361,0.0037216269229945727,0.022756755222239237,0.022815776221945375,1
13.11,1362,-0.026347026440973406,0.024389536041365664,0.022756755222239237,1
13.17,1363,0.004566217979581184,0.023946782321118472,0.024389536041365664,1
13.3,1364,0.009822519472518434,0.023910270635868747,0.023946782321118472,1
13.14,1365,-0.01210302217124365,0.024239749114016253,0.023910270635868747,1
13.49,1366,0.02628765716320014,0.02205459256076014,0.024239749114016253,1
13.48,1367,-0.0007415647355034903,0.022068167228089776,0.02205459256076014,1
13.45,1368,-0.0022279994363129116,0.014943278675144521,0.022068167228089776,1
13.1,1369,-0.026366875840742224,0.016697036096599626,0.014943278675144521,0
12.78,1370,-0.024730781257717112,0.017459998683690282,0.016697036096599626,1
12.49,1371,-0.022953124811902318,0.018039436365070646,0.017459998683690282,1
12.51,1372,0.0016000003413334314,0.01692183314279049,0.018039436365070646,1
12.46,1373,-0.004004811119512588,0.0166154964129203,0.01692183314279049,1
12.63,1374,0.013551423003092611,0.017035162559492095,0.0166154964129203,0
12.72,1375,0.0071006215495763685,0.01724771278274275,0.017035162559492095,1
12.73,1376,0.000785854657339038,0.013969042316454468,0.01724771278274275,1
12.69,1377,-0.0031471308430189616,0.013892782667718545,0.013969042316454468,0
12.46,1378,-0.018290768366989122,0.014325022664508077,0.013892782667718545,0
12.47,1379,0.0008022463326380474,0.012883745462906058,0.014325022664508077,0
12.41,1380,-0.004823160475429269,0.010863666999850516,0.012883745462906058,0
12.42,1381,0.0008054772888168683,0.008294102081216786,0.010863666999850516,0
12.49,1382,0.005620247632153626,0.008505286360014961,0.008294102081216786,0
12.49,1383,0.0,0.008397739385698981,0.008505286360014961,0
12.47,1384,-0.0016025644455411917,0.006975748063548321,0.008397739385698981,0
12.48,1385,0.00080160324933651,0.006395693587678175,0.006975748063548321,0
12.5,1386,0.0016012813669738276,0.006438862839551148,0.006395693587678175,0
12.49,1387,-0.0008003201707691552,0.006428008943733291,0.006438862839551148,0
12.39,1388,-0.008038628496435173,0.0037118938879466164,0.006428008943733291,0
12.39,1389,0.0,0.003687689808322946,0.0037118938879466164,0
12.3,1390,-0.007290433262679232,0.004061942565501456,0.003687689808322946,0
12.31,1391,0.0008126778179902578,0.0040622772046191215,0.004061942565501456,0
12.32,1392,0.0008120179090114567,0.0034435803995084076,0.0040622772046191215,0
12.29,1393,-0.0024380345274303988,0.003422011775413014,0.0034435803995084076,0
12.25,1394,-0.003259986587207374,0.0034612958689111493,0.003422011775413014,0
11.71,1395,-0.04508275938110999,0.014006956883233135,0.0034612958689111493,0
11.61,1396,-0.008576381899825992,0.01373055826708265,0.014006956883233135,0
11.62,1397,0.0008609557139649925,0.013828793645131298,0.01373055826708265,0
11.57,1398,-0.004312210218179842,0.013854468590925297,0.013828793645131298,0
11.62,1399,0.004312210218179906,0.014155122081930418,0.013854468590925297,0
11.65,1400,0.002578428587944529,0.014428778482608335,0.014155122081930418,0
11.71,1401,0.0051369975979165495,0.014698908846234274,0.014428778482608335,0
11.56,1402,-0.012892314365394562,0.014735954180793848,0.014698908846234274,0
11.53,1403,-0.002598528963263849,0.014731285829252368,0.014735954180793848,0
11.5,1404,-0.002605298911763254,0.014748154162328352,0.014731285829252368,0
11.77,1405,0.023206885902980923,0.009776515009580726,0.014748154162328352,0
11.91,1406,0.011824462095023369,0.009798036359599303,0.009776515009580726,0
11.78,1407,-0.010975205143768135,0.010698441799354044,0.009798036359599303,0
11.69,1408,-0.007669402739463619,0.010946281092350551,0.010698441799354044,0
11.55,1409,-0.012048338516174368,0.011604369729034652,0.010946281092350551,0
11.55,1410,0.0,0.011554333062274172,0.011604369729034652,0
11.73,1411,0.015464225697581551,0.012567230565017337,0.011554333062274172,0
11.8,1412,0.005949868806235047,0.011778856567391468,0.012567230565017337,0
11.61,1413,-0.016232735761819085,0.013093112331653166,0.011778856567391468,0
11.6,1414,-0.0008616975974811197,0.013055888529838744,0.013093112331653166,0
11.78,1415,0.01539808011112166,0.01173821596721185,0.013055888529838744,0
11.66,1416,-0.010238997301094312,0.011353699709938428,0.01173821596721185,0
11.57,1417,-0.007748639716761081,0.011117521173715063,0.011353699709938428,0
11.61,1418,0.0034512545042147446,0.011020813037821316,0.011117521173715063,0
11.03,1419,-0.05124796244438903,0.01934143053794472,0.011020813037821316,0
10.92,1420,-0.010022862948652024,0.019335880779646118,0.01934143053794472,1
10.83,1421,-0.00827590930385971,0.017862316836857593,0.019335880779646118,1
10.84,1422,0.0009229349986008987,0.017493571848579786,0.017862316836857593,1
10.95,1423,0.010096460251009595,0.01816645418295183,0.017493571848579786,1
10.93,1424,-0.0018281540740625898,0.018139502362815505,0.01816645418295183,1
10.95,1425,0.0018281540740626235,0.016825032998514792,0.018139502362815505,1
10.95,1426,0.0,0.016937908491829082,0.016825032998514792,1
11.0,1427,0.0045558165358608824,0.017263363887503255,0.016937908491829082,1
10.99,1428,-0.0009095043828404999,0.017078793449730345,0.017263363887503255,1
10.87,1429,-0.010979067282412013,0.0066599483658281175,0.017078793449730345,1
10.83,1430,-0.00368664012021874,0.006026147810192601,0.0066599483658281175,0
10.9,1431,0.006442728222198712,0.005797953487587612,0.006026147810192601,0
10.94,1432,0.00366300775873702,0.005876797029499278,0.005797953487587612,0
10.88,1433,-0.005499555566038435,0.005201033473087729,0.005876797029499278,0
10.8,1434,-0.007380107297622534,0.005621160288339723,0.005201033473087729,0
10.79,1435,-0.0009263548601308994,0.005523109113164241,0.005621160288339723,0
10.71,1436,-0.007441894810385769,0.005797296011945426,0.005523109113164241,0
10.76,1437,0.00465767027398094,0.005810590024463166,0.005797296011945426,0
10.64,1438,-0.011215070820139957,0.006435398418035366,0.005810590024463166,0
10.44,1439,-0.018975901459005805,0.007846550513490615,0.006435398418035366,0
10.55,1440,0.010481277467583039,0.009096259927192232,0.007846550513490615,0
10.68,1441,0.012246973609973075,0.009889364125986112,0.009096259927192232,0
10.75,1442,0.006532921041623095,0.010112352059400661,0.009889364125986112,0
10.66,1443,-0.00840733583597332,0.010272621415138738,0.010112352059400661,0
10.55,1444,-0.010372558815622936,0.010486729279827885,0.010272621415138738,0
10.62,1445,0.00661315589171723,0.010864059891934074,0.010486729279827885,0
10.42,1446,-0.01901197948857189,0.01210228949960459,0.010864059891934074,0
10.42,1447,0.0,0.011873191177797015,0.01210228949960459,0
10.35,1448,-0.006740516613842855,0.011619633132032993,0.011873191177797015,0
10.21,1449,-0.013618887534803751,0.010889696837913689,0.011619633132032993,0
10.22,1450,0.0009789525989841986,0.010038839376908297,0.010889696837913689,0
10.3,1451,0.007797310460031711,0.009354458164722962,0.010038839376908297,0
9.92,1452,-0.03759097393880878,0.013513577813026815,0.009354458164722962,0
9.89,1453,-0.0030287756621605925,0.013603859226787722,0.013513577813026815,0
9.83,1454,-0.006085211475545563,0.013570698460817734,0.013603859226787722,0
9.76,1455,-0.007146533734074088,0.012698883968086043,0.013570698460817734,0
9.56,1456,-0.020704673361691166,0.012865578737705925,0.012698883968086043,0
9.48,1457,-0.008403410796379504,0.01250995527004878,0.012865578737705925,0
9.37,1458,-0.011671220016599754,0.012488261307136579,0.01250995527004878,0
9.5,1459,0.013778702356164475,0.014445269099589394,0.012488261307136579,0
9.56,1460,0.006295928456814831,0.01487163829933412,0.014445269099589394,0
9.29,1461,-0.028649174237562917,0.015387614079552716,0.01487163829933412,0
9.35,1462,0.006437790474848517,0.012798955512682005,0.015387614079552716,0
9.31,1463,-0.004287252011619812,0.012773555872703573,0.012798955512682005,0
9.26,1464,-0.005385042630887711,0.012775220706623984,0.012773555872703573,0
9.37,1465,0.011809047592242819,0.013935436552723184,0.012775220706623984,0
9.6,1466,0.024250002223459702,0.015171971337208613,0.013935436552723184,0
9.57,1467,-0.003129893008927593,0.014920874890503083,0.015171971337208613,0
9.38,1468,-0.020053442446729543,0.015910967976975127,0.014920874890503083,0
9.57,1469,0.0200534424467296,0.016618069768099555,0.015910967976975127,0
9.49,1470,-0.008394592843026367,0.01672078326309407,0.016618069768099555,0
9.41,1471,-0.008465659024548239,0.013968545214154507,0.01672078326309407,1
9.44,1472,0.0031830265601208913,0.013872691201577393,0.013968545214154507,0
9.51,1473,0.007387896399889543,0.013873495468073318,0.013872691201577393,0
9.56,1474,0.005243850506010948,0.013639337990338675,0.013873495468073318,0
9.87,1475,0.03191212638208018,0.01627748504673871,0.013639337990338675,0
9.96,1476,0.0090772181511169,0.014958005612767227,0.01627748504673871,0
10.02,1477,0.006006024060211728,0.01477362929461493,0.014958005612767227,0
10.02,1478,0.0,0.012191507963298022,0.01477362929461493,0
9.96,1479,-0.006006024060211698,0.01177436158498475,0.012191507963298022,0
9.99,1480,0.0030075210639553224,0.010965636162815389,0.01177436158498475,0
10.13,1481,0.013916725600129989,0.01013392677991871,0.010965636162815389,0
10.17,1482,0.003940891799876406,0.010101895031230802,0.01013392677991871,0
9.91,1483,-0.025897861718571915,0.014604507425854752,0.010101895031230802,0
9.79,1484,-0.012182891799477744,0.015469606347888786,0.014604507425854752,0
9.83,1485,0.0040774776166563,0.011580109447313507,0.015469606347888786,0
9.91,1486,0.0081054141828214,0.011495450980603873,0.011580109447313507,0
10.11,1487,0.019980684690483246,0.013110644449151453,0.011495450980603873,0
10.05,1488,-0.005952398527295161,0.01328965395096156,0.013110644449151453,0
10.14,1489,0.008915363657952329,0.013340660938873615,0.01328965395096156,0
10.07,1490,-0.006927291432566214,0.013607267591241451,0.013340660938873615,0
9.98,1491,-0.00897761640709831,0.013070103347834336,0.013607267591241451,0
10.06,1492,0.007984074348220549,0.013317039711023897,0.013070103347834336,0
9.9,1493,-0.016032407531048887,0.011518851714635604,0.013317039711023897,0
10.06,1494,0.01603240753104901,0.011685021818151687,0.011518851714635604,0
9.98,1495,-0.007984074348220531,0.012142934582106347,0.011685021818151687,0
10.15,1496,0.016890615164423802,0.012962878697764753,0.012142934582106347,0
10.12,1497,-0.0029600416284769385,0.011445638554046494,0.012962878697764753,0
10.09,1498,-0.00296882949380188,0.011308436277804465,0.011445638554046494,0
10.07,1499,-0.0019841276350465926,0.010914611680754933,0.011308436277804465,0
10.3,1500,0.0225831885051192,0.012858073408885019,0.010914611680754933,0
10.33,1501,0.002908387895957002,0.012238459892740203,0.012858073408885019,0
10.3,1502,-0.0029083878959570812,0.012274448096881371,0.012238459892740203,0
10.32,1503,0.0019398648178264545,0.010464957010690822,0.012274448096881371,0
10.17,1504,-0.014641549992948118,0.011074395519792515,0.010464957010690822,0
10.33,1505,0.015610073071078668,0.011434466412182683,0.011074395519792515,0
10.24,1506,-0.00875066352018542,0.010949498969259093,0.011434466412182683,0
10.37,1507,0.012615402630074235,0.011438973841513753,0.010949498969259093,0
10.12,1508,-0.02440335838211648,0.014232326466575018,0.011438973841513753,0
10.14,1509,0.0019743343037178294,0.01421687550268023,0.014232326466575018,0
10.19,1510,0.004918849071596255,0.012140569871950753,0.01421687550268023,0
10.18,1511,-0.0009818361122567018,0.012060859213330008,0.012140569871950753,0
10.02,1512,-0.015841915465657976,0.012897555459345194,0.012060859213330008,0
10.04,1513,0.0019940186068644495,0.012899757436207783,0.012897555459345194,0
10.29,1514,0.02459543558237508,0.014719962302262168,0.012899757436207783,0
10.26,1515,-0.0029197101033347503,0.013840691944535069,0.014719962302262168,0
10.15,1516,-0.010779134254827108,0.013986217187861763,0.013840691944535069,0
10.26,1517,0.01077913425482719,0.01380012286877496,0.013986217187861763,0
10.24,1518,-0.0019512201312616936,0.01115422575215222,0.01380012286877496,0
10.22,1519,-0.0019550348358033506,0.011192233349578282,0.01115422575215222,0
10.49,1520,0.02607583763264735,0.013764424338396917,0.011192233349578282,0
10.35,1521,-0.013435902696827803,0.014687318335615408,0.013764424338396917,0
10.41,1522,0.005780362915499549,0.013356356733677532,0.014687318335615408,0
10.48,1523,0.006701796266018633,0.013367871420624615,0.013356356733677532,0
10.62,1524,0.01327033692089661,0.011849944780170117,0.013367871420624615,0
10.16,1525,-0.044280573663456835,0.019166192380987785,0.011849944780170117,0
10.15,1526,-0.0009847366625394926,0.01885753420576935,0.019166192380987785,1
10.17,1527,0.0019685045726721534,0.018500396158897325,0.01885753420576935,1
9.8,1528,-0.037059824383942265,0.021768677942530727,0.018500396158897325,1
10.03,1529,0.023198216297317876,0.023468387324108553,0.021768677942530727,1
10.03,1530,0.0,0.0213725546987769,0.023468387324108553,1
10.05,1531,0.0019920325312407982,0.021210795949208522,0.0213725546987769,1
10.29,1532,0.023599915340873287,0.022719788244517834,0.021210795949208522,1
10.19,1533,-0.009765702611324789,0.022683449891557,0.022719788244517834,1
10.38,1534,0.018474030503109338,0.02314815865931646,0.022683449891557,1
10.62,1535,0.02285813807604997,0.018974933884893797,0.02314815865931646,1
10.45,1536,-0.016137037402972707,0.020030805734401188,0.018974933884893797,1
10.74,1537,0.02737311066989878,0.02145789914574807,0.020030805734401188,1
10.84,1538,0.009267906930781456,0.015407551016592925,0.02145789914574807,1
10.92,1539,0.007352974305258733,0.014708152059253368,0.015407551016592925,0
10.79,1540,-0.011976191046715762,0.015915352226381557,0.014708152059253368,0
10.95,1541,0.014719676992466514,0.015952234243163048,0.015915352226381557,0
10.98,1542,0.0027359798188748455,0.015111253661058616,0.015952234243163048,0
10.89,1543,-0.00823049913651548,0.01493451833526538,0.015111253661058616,0
11.18,1544,0.02628153078208401,0.015800663880311254,0.01493451833526538,0
11.14,1545,-0.00358423322781505,0.015129173637826218,0.015800663880311254,0
11.03,1546,-0.009923401233726998,0.014278303981922891,0.015129173637826218,0
10.9,1547,-0.011856044030312984,0.012892817668749456,0.014278303981922891,0
11.06,1548,0.014572206859090725,0.013349892224601891,0.012892817668749456,0
10.75,1549,-0.028429241520517026,0.0162408357191244,0.013349892224601891,0
10.8,1550,0.004640379556502301,0.015904294136472933,0.0162408357191244,0
10.82,1551,0.0018501392881613734,0.015088977301791555,0.015904294136472933,0
10.7,1552,-0.011152531950475116,0.015324362681862012,0.015088977301791555,0
10.77,1553,0.006520749700436785,0.015429963281682573,0.015324362681862012,0
10.76,1554,-0.0009289364346588624,0.012103976346599009,0.015429963281682573,0
10.88,1555,0.011090686694158356,0.012993847616893577,0.012103976346599009,0
10.69,1556,-0.017617516390842816,0.013699971208008402,0.012993847616893577,0
10.66,1557,-0.0028103062992553083,0.01335413797589209,0.013699971208008402,0
10.64,1558,-0.0018779348242000977,0.011999367160155424,0.01335413797589209,0
10.5,1559,-0.01324522675002068,0.00917478720871794,0.011999367160155424,0
10.5,1560,0.0,0.008894854695138992,0.00917478720871794,0
10.49,1561,-0.0009528347552718544,0.008774791706179222,0.008894854695138992,0
10.58,1562,0.00854300402194743,0.008974003069514616,0.008774791706179222,0
10.63,1563,0.0047147659237033925,0.008819823457208376,0.008974003069514616,0
10.71,1564,0.007497692105800936,0.009252066043557246,0.008819823457208376,0
11.02,1565,0.028533919265110928,0.012681614341952462,0.009252066043557246,0
11.08,1566,0.005429877594369461,0.010824169213709921,0.012681614341952462,0
11.0,1567,-0.007246408520767198,0.011199703361938861,0.010824169213709921,0
10.9,1568,-0.009132483563272474,0.011780713849597573,0.011199703361938861,0
10.89,1569,-0.0009178522902288858,0.010539632750878547,0.011780713849597573,0
10.83,1570,-0.005524875931969916,0.010890998559371007,0.010539632750878547,0
10.72,1571,-0.010208905370243215,0.011640716257869867,0.010890998559371007,0
10.73,1572,0.0009324009999511908,0.011424455585256359,0.011640716257869867,0
10.8,1573,0.006502577487566847,0.01149572253407948,0.011424455585256359,0
10.62,1574,-0.0168071183163814,0.012621322033479137,0.01149572253407948,0
10.78,1575,0.014953549667058258,0.009438342562773521,0.012621322033479137,0
10.57,1576,-0.01967276559870478,0.010465352586671453,0.009438342562773521,0
10.54,1577,-0.00284225676893014,0.010439493165813682,0.010465352586671453,0
10.25,1578,-0.027899837528799036,0.012824822840118582,0.010439493165813682,0
10.07,1579,-0.017716998853946276,0.013159423343558505,0.012824822840118582,0
9.91,1580,-0.016016358388574264,0.013371871973097419,0.013159423343558505,0
9.79,1581,-0.012182891799477744,0.013408229942296464,0.013371871973097419,0
9.67,1582,-0.012333147077216005,0.012956750454294286,0.013408229942296464,0
9.66,1583,-0.0010346612407763304,0.012051762915199044,0.012956750454294286,0
9.8,1584,0.01438873745209967,0.014261207499583428,0.012051762915199044,0
9.7,1585,-0.01025650016718922,0.011753542779523899,0.014261207499583428,0
9.81,1586,0.011276388067934757,0.013085640990638499,0.011753542779523899,0
9.96,1587,0.015174798019235132,0.014906069823328282,0.013085640990638499,0
9.98,1588,0.002006018726865766,0.012799490113101544,0.014906069823328282,0
9.96,1589,-0.002006018726865743,0.011660811918835829,0.012799490113101544,0
9.99,1590,0.0030075210639553224,0.010445050553478198,0.011660811918835829,0
9.96,1591,-0.003007521063955217,0.009541376983293793,0.010445050553478198,0
10.05,1592,0.008995562908577783,0.008361457533368626,0.009541376983293793,0
10.06,1593,0.0009945301665083635,0.008253550015323574,0.008361457533368626,0
10.11,1594,0.004957868360786687,0.007440647068428393,0.008253550015323574,0
10.13,1595,0.0019762852282121804,0.0058292614225621915,0.007440647068428393,0
10.17,1596,0.003940891799876406,0.005296239896561812,0.0058292614225621915,0
10.43,1597,0.02524405895221256,0.00800500762974521,0.005296239896561812,0
10.35,1598,-0.007699749301303003,0.0088948686459386,0.00800500762974521,0
10.25,1599,-0.009708814126960827,0.009732268678449727,0.0088948686459386,0
10.27,1600,0.001949318356049679,0.009736360146908204,0.009732268678449727,0
10.38,1601,0.010653853797275807,0.009794781822242646,0.009736360146908204,0
10.5,1602,0.011494379425734991,0.009963119936649233,0.009794781822242646,0
10.42,1603,-0.007648220838256845,0.010641247521333443,0.009963119936649233,0
10.58,1604,0.015238390104932446,0.011273824825947224,0.010641247521333443,0
10.5,1605,-0.0075901692666755964,0.011904182682394904,0.011273824825947224,0
10.73,1606,0.021668299479129384,0.013210913736841154,0.011904182682394904,0
10.77,1607,0.003720934525689933,0.011213812014641006,0.013210913736841154,0
10.7,1608,-0.006520749700436757,0.011091925041922837,0.011213812014641006,0
10.72,1609,0.0018674141747954624,0.0101439846962106,0.011091925041922837,0
10.86,1610,0.01297515886313324,0.01043304858657896,0.0101439846962106,0
10.82,1611,-0.0036900410874537957,0.010642793880144217,0.01043304858657896,0
10.66,1612,-0.014897854680636946,0.01182618881095564,0.010642793880144217,0
10.84,1613,0.0167445772738017,0.012235350228044402,0.01182618881095564,0
10.8,1614,-0.0036968618813260916,0.011750115676286622,0.012235350228044402,0
10.83,1615,0.0027739268827252244,0.011251021834701754,0.011750115676286622,0
10.79,1616,-0.0037002817428560277,0.009286160408745308,0.011251021834701754,0
11.01,1617,0.020184171464545386,0.011176294597047257,0.009286160408745308,0
11.92,1618,0.0794137109026151,0.026396423126948506,0.011176294597047257,0
11.65,1619,-0.02291148162549414,0.028413777322012244,0.026396423126948506,1
11.83,1620,0.015332497978585838,0.028466424550652854,0.028413777322012244,1
11.74,1621,-0.007636863590345027,0.028681615250580227,0.028466424550652854,1
12.02,1622,0.02357011470711115,0.027811870679641446,0.028681615250580227,1
12.02,1623,0.0,0.027998409550081857,0.027811870679641446,1
11.98,1624,-0.003333336419758116,0.02797839846347579,0.027998409550081857,1
12.02,1625,0.003333336419758217,0.02796207924754869,0.02797839846347579,1
11.88,1626,-0.011715615172562529,0.02852126414566422,0.02796207924754869,1
11.5,1627,-0.03250927856529451,0.031104058380787766,0.02852126414566422,1
11.47,1628,-0.002612104227924955,0.016495641196254244,0.031104058380787766,1
11.44,1629,-0.002618945189627606,0.015077143218052121,0.016495641196254244,0
11.44,1630,0.0,0.013870464071936935,0.015077143218052121,0
11.46,1631,0.0017467253349418002,0.013865804397374604,0.013870464071936935,0
11.43,1632,-0.002621233479874304,0.010470166819365231,0.013865804397374604,0
11.59,1633,0.013901179544940979,0.012020670070597558,0.010470166819365231,0
11.55,1634,-0.00345722038385768,0.012020379391166368,0.012020670070597558,0
11.55,1635,0.0,0.011850056954709816,0.012020379391166368,0
11.46,1636,-0.007822725681209045,0.011629910332322019,0.011850056954709816,0
11.39,1637,-0.006126933827502787,0.0059469485137560885,0.011629910332322019,0
11.03,1638,-0.03211694419367974,0.01154316296932618,0.0059469485137560885,0
11.09,1639,0.005424968096864654,0.011917455697707363,0.01154316296932618,0
11.08,1640,-0.0009021200431379089,0.011894714153661962,0.011917455697707363,0
11.03,1641,-0.004522848053726713,0.011769732005637173,0.011894714153661962,0
11.28,1642,0.022412412804501815,0.014418325933338982,0.011769732005637173,0
11.44,1643,0.014084739881739023,0.014439959274923935,0.014418325933338982,0
11.44,1644,0.0,0.014424020935277542,0.014439959274923935,0
11.5,1645,0.005231049417552503,0.014556825676227854,0.014424020935277542,0
11.71,1646,0.01809614224042175,0.015379266024192819,0.014556825676227854,0
11.72,1647,0.0008536065392404645,0.01511762870640275,0.015379266024192819,0
11.54,1648,-0.015477523068913174,0.011265508511490817,0.01511762870640275,0
11.48,1649,-0.0052128701885329875,0.011665711784344258,0.011265508511490817,0
11.47,1650,-0.0008714597501409748,0.011664442981474775,0.011665711784344258,0
11.49,1651,0.0017421607193848518,0.011352149105638323,0.011664442981474775,0
11.47,1652,-0.0017421607193849257,0.009425726615963215,0.011352149105638323,0
11.95,1653,0.040996347236240335,0.015346340227794374,0.009425726615963215,0
11.91,1654,-0.003352895010310879,0.015488191341254216,0.015346340227794374,0
11.91,1655,0.0,0.015531256268534173,0.015488191341254216,0
12.01,1656,0.008361252724683403,0.01480295739120177,0.015531256268534173,0
11.71,1657,-0.02529645848226607,0.017240934210686277,0.01480295739120177,0
11.7,1658,-0.0008543358059156426,0.016389485825156383,0.017240934210686277,1
11.62,1659,-0.0068610903799452404,0.016471204345535867,0.016389485825156383,0
11.54,1660,-0.006908490343811673,0.016665545899320632,0.016471204345535867,0
11.32,1661,-0.019248188304916578,0.01779077281668094,0.016665545899320632,1
11.48,1662,0.014035318116383583,0.018453251455975615,0.01779077281668094,1
11.97,1663,0.041797128678461457,0.018651178657648596,0.018453251455975615,1
11.8,1664,-0.014303988098262646,0.019194415531176786,0.018651178657648596,1
11.8,1665,0.0,0.019194415531176786,0.019194415531176786,1
11.51,1666,-0.024883308737827913,0.020256369192470473,0.019194415531176786,1
11.12,1667,-0.03447093391135505,0.02148585014114102,0.020256369192470473,1
11.32,1668,0.017825783952600666,0.022681500914930243,0.02148585014114102,1
11.31,1669,-0.0008837826470077952,0.022656025729754472,0.022681500914930243,1
11.21,1670,-0.008881053043960481,0.022705233072073963,0.022656025729754472,1
11.32,1671,0.009764835690968202,0.02223306671230307,0.022705233072073963,1
11.3,1672,-0.0017683470567420034,0.02167934145242641,0.02223306671230307,1
11.24,1673,-0.005323881252749966,0.015421170396998462,0.02167934145242641,1
11.34,1674,0.008857453834061023,0.015818424149270736,0.015421170396998462,0
11.32,1675,-0.001765225524569081,0.015778920845040526,0.015818424149270736,0
11.16,1676,-0.014235115821871985,0.014534750552955257,0.015778920845040526,0
11.1,1677,-0.005390848634876423,0.00964469769986655,0.014534750552955257,0
11.11,1678,0.0009004953332501659,0.007344641337676464,0.00964469769986655,0
11.22,1679,0.00985229644301164,0.008235841486552573,0.007344641337676464,0
11.29,1680,0.00621947806702027,0.007969363363318178,0.008235841486552573,0
11.12,1681,-0.015172089339134352,0.008690467485075463,0.007969363363318178,0
11.11,1682,-0.0008996851708976849,0.008694965762822004,0.008690467485075463,0
11.13,1683,0.0017985616359148977,0.008656373928689853,0.008694965762822004,0
11.28,1684,0.013387080782459279,0.009321495250410932,0.008656373928689853,0
11.35,1685,0.006186497857498976,0.009541040410401602,0.009321495250410932,0
11.41,1686,0.005272419946572719,0.00813813080529612,0.009541040410401602,0
11.47,1687,0.0052447672672950845,0.00771774673559915,0.00813813080529612,0
11.61,1688,0.01213186456852072,0.008138894896255633,0.00771774673559915,0
11.42,1689,-0.01650059148193595,0.010186842838636563,0.008138894896255633,0
11.6,1690,0.01563889388445473,0.011043758607147644,0.010186842838636563,0
11.7,1691,0.008583743691391435,0.009165379107382604,0.011043758607147644,0
11.79,1692,0.007662872745569097,0.0089414505393138,0.009165379107382604,0
11.77,1693,-0.0016977932770942247,0.00918641531797397,0.0089414505393138,0
11.82,1694,0.0042390907057669415,0.008769846077629286,0.00918641531797397,0
11.88,1695,0.005063301956546855,0.008755534382097143,0.008769846077629286,0
12.2,1696,0.026579637804711887,0.01119884532996846,0.008755534382097143,0
12.09,1697,-0.009057287112509568,0.012266900724363594,0.01119884532996846,0
12.03,1698,-0.004975134640113843,0.012394944428333922,0.012266900724363594,0
11.66,1699,-0.031239349064241122,0.015525497315293312,0.012394944428333922,0
11.66,1700,0.0,0.014777567721868671,0.015525497315293312,0
11.64,1701,-0.001716738619054474,0.014509281781589813,0.014777567721868671,0
11.68,1702,0.0034305350967892222,0.014304540758334776,0.014509281781589813,0
11.71,1703,0.0025652002095451236,0.014342831936394178,0.014304540758334776,0
11.61,1704,-0.008576381899825992,0.014443425783187334,0.014342831936394178,0
11.56,1705,-0.0043159324655685895,0.014252014831296804,0.014443425783187334,0
11.62,1706,0.0051768881795337274,0.010465351573964707,0.014252014831296804,0
11.57,1707,-0.004312210218179842,0.010361500400416295,0.010465351573964707,0
11.36,1708,-0.01831712791258003,0.011264000707152179,0.010361500400416295,0
11.37,1709,0.0008798944694392958,0.006926049948003942,0.011264000707152179,0
11.35,1710,-0.0017605638350329032,0.0068771188247526245,0.006926049948003942,0
11.4,1711,0.004395611473038129,0.007235961179095037,0.0068771188247526245,0
11.52,1712,0.010471299867295437,0.008120564441874518,0.007235961179095037,0
11.5,1713,-0.0017376198985407374,0.008001456184377155,0.008120564441874518,0
11.55,1714,0.004338401598598141,0.007828292705386389,0.008001456184377155,0
11.48,1715,-0.006079046076382226,0.007942355559472215,0.007828292705386389,0
11.49,1716,0.000870700969243891,0.007701745047697347,0.007942355559472215,0
11.58,1717,0.0078023802841848,0.008087830148126765,0.007701745047697347,0
11.48,1718,-0.00867308125342878,0.005939089065516091,0.008087830148126765,0
11.49,1719,0.000870700969243891,0.005939119171696009,0.005939089065516091,0
11.59,1720,0.008665565490995925,0.0062953943981546336,0.005939119171696009,0
11.88,1721,0.024713656582838705,0.009555791579772929,0.0062953943981546336,0
11.87,1722,-0.0008421053129223351,0.00938911746746028,0.009555791579772929,0
11.86,1723,-0.0008428150519972754,0.0093431761564224,0.00938911746746028,0
11.86,1724,0.0,0.009379032489276417,0.0093431761564224,0
11.87,1725,0.0008428150519971494,0.008906889662186014,0.009379032489276417,0
11.65,1726,-0.018708028609866992,0.011331912783615226,0.008906889662186014,0
11.48,1727,-0.014699789120289151,0.012122151542468651,0.011331912783615226,0
11.24,1728,-0.021127546425875394,0.013566932076688132,0.012122151542468651,0
11.09,1729,-0.01343504310326939,0.013965762067019952,0.013566932076688132,0
11.07,1730,-0.0018050546417301423,0.01332659702510483,0.013965762067019952,0
11.26,1731,0.017017875990998722,0.011550137984647862,0.01332659702510483,0
11.37,1732,0.009721685050900375,0.012456756398278188,0.011550137984647862,0
11.43,1733,0.005263170044274691,0.01279042458615901,0.012456756398278188,0
11.33,1734,-0.00878740276680435,0.012810358845285861,0.01279042458615901,0
11.28,1735,-0.004422828970002167,0.012670524837374889,0.012810358845285861,0
11.29,1736,0.0008861320916577982,0.01181841901159549,0.012670524837374889,0
11.22,1737,-0.006219478067020308,0.0111839128103602,0.01181841901159549,0
11.38,1738,0.014159528603634515,0.010093975895144623,0.0111839128103602,0
11.37,1739,-0.0008791209357403515,0.008758599511319947,0.010093975895144623,0
11.41,1740,0.0035118561115396493,0.008629089282760332,0.008758599511319947,0
11.43,1741,0.00175131393273488,0.00709201326729521,0.008629089282760332,0
11.59,1742,0.013901179544940979,0.007725346888060394,0.00709201326729521,0
11.3,1743,-0.025339931633365412,0.0114269795840088,0.007725346888060394,0
11.3,1744,0.0,0.011107284166236051,0.0114269795840088,0
11.32,1745,0.0017683470567419492,0.011022005348761554,0.011107284166236051,0
11.23,1746,-0.007982304024685008,0.011326993295841229,0.011022005348761554,0
11.28,1747,0.004442477319560995,0.01123365796425782,0.011326993295841229,0
11.34,1748,0.005305052229693319,0.010354878572199355,0.01123365796425782,0
11.35,1749,0.0008814456278056417,0.01035988825769166,0.010354878572199355,0
11.49,1750,0.012259347933252639,0.011052060054526398,0.01035988825769166,0
11.62,1751,0.011250659563100876,0.01154962489840648,0.011052060054526398,0
11.69,1752,0.006006024060211949,0.010868778121131321,0.01154962489840648,0
11.75,1753,0.005119465106190995,0.005794214435373554,0.010868778121131321,0
11.85,1754,0.008474626990972236,0.005779330518815562,0.005794214435373554,0
11.95,1755,0.00840341079637938,0.005779536089890015,0.005779330518815562,0
12.0,1756,0.004175371410480592,0.0034620247473275915,0.005779536089890015,0
11.93,1757,-0.005850413678175589,0.005252390537926472,0.0034620247473275915,0
11.81,1758,-0.01010960590055372,0.007236551163570345,0.005252390537926472,0
11.93,1759,0.010109605900553674,0.007373139051359516,0.007236551163570345,0
11.94,1760,0.0008378718546311557,0.0069958706105985495,0.007373139051359516,0
11.95,1761,0.0008371704130635565,0.006530018925825721,0.0069958706105985495,0
11.75,1762,-0.016878037787351637,0.00887170921131898,0.006530018925825721,0
11.75,1763,0.0,0.008722747963391543,0.00887170921131898,0
11.81,1764,0.005093389619103021,0.008417950574384615,0.008722747963391543,0
11.97,1765,0.01345688936061081,0.00912317697260971,0.008417950574384615,0
11.9,1766,-0.005865119452398134,0.009185338566573109,0.00912317697260971,0
11.84,1767,-0.005054770661624171,0.009140421158423796,0.009185338566573109,0
11.9,1768,0.005054770661624054,0.008661814062481376,0.009140421158423796,0
11.99,1769,0.0075345689219391485,0.008386864989422286,0.008661814062481376,0
11.96,1770,-0.002505220516937123,0.008438445706064715,0.008386864989422286,0
12.45,1771,0.04015287438823076,0.015219454770092358,0.008438445706064715,0
12.94,1772,0.03860266616203784,0.01675758374872341,0.015219454770092358,0
13.09,1773,0.011525290849053977,0.01641317066228027,0.01675758374872341,1
13.08,1774,-0.000764233892755906,0.01674069893927989,0.01641317066228027,0
13.17,1775,0.006857169726137045,0.016728725600487486,0.01674069893927989,1
12.78,1776,-0.030060066805801013,0.020525399284174718,0.016728725600487486,1
12.91,1777,0.010120755909162421,0.02008023851229657,0.020525399284174718,1
12.93,1778,0.0015479879252149533,0.020180408500918786,0.02008023851229657,1
12.86,1779,-0.005428473974292759,0.02064609627873724,0.020180408500918786,1
13.09,1780,0.017726861112335197,0.020601879584248698,0.02064609627873724,1
12.9,1781,-0.01462126855418211,0.018590485958112836,0.020601879584248698,1
12.7,1782,-0.01562531790308087,0.014740209706695812,0.018590485958112836,1
12.77,1783,0.005496676579902368,0.014246395454743132,0.014740209706695812,0
12.59,1784,-0.014195821988192112,0.014693341215602137,0.014246395454743132,0
12.51,1785,-0.006374523577435989,0.014213113326595656,0.014693341215602137,0
12.75,1786,0.019002947125615482,0.013078383298695437,0.014213113326595656,0
12.74,1787,-0.0007846214604178179,0.01256345793830459,0.013078383298695437,0
12.95,1788,0.01634913800152941,0.013754976520280226,0.01256345793830459,0
12.92,1789,-0.0023192897910908937,0.013649490736725611,0.013754976520280226,0
12.76,1790,-0.012461220437812002,0.01271390110768477,0.013649490736725611,0
12.57,1791,-0.015002255314487763,0.012754587922600551,0.01271390110768477,0
12.29,1792,-0.022527099024212734,0.013690632809391408,0.012754587922600551,0
12.24,1793,-0.004076646493763376,0.01333878977698569,0.013690632809391408,0
12.23,1794,-0.0008173273850990331,0.012892630615848914,0.01333878977698569,0
12.14,1795,-0.007386164067728783,0.012926837393710576,0.012892630615848914,0
12.15,1796,0.000823384155205135,0.010547696478155658,0.012926837393710576,0
12.24,1797,0.00738010729762246,0.011191170128765667,0.010547696478155658,0
12.23,1798,-0.0008173273850990331,0.008778923758212024,0.011191170128765667,0
12.04,1799,-0.015657509818406096,0.009207567791285254,0.008778923758212024,0
11.96,1800,-0.006666691358189122,0.009009688893708505,0.009207567791285254,0
11.99,1801,0.002505220516937142,0.008868426524436016,0.009009688893708505,0
12.07,1802,0.006650066070017278,0.006953253127862948,0.008868426524436016,0
12.06,1803,-0.0008288438104007421,0.006911147310031497,0.006953253127862948,0
11.99,1804,-0.005821222259616537,0.0070377055608687,0.006911147310031497,0
11.96,1805,-0.002505220516937123,0.0067860077482077286,0.0070377055608687,0
11.91,1806,-0.004189365155276994,0.006780962212591668,0.0067860077482077286,0
11.87,1807,-0.0033641747456320988,0.00592798813384206,0.006780962212591668,0
11.86,1808,-0.0008428150519972754,0.005926917588370269,0.00592798813384206,0
11.75,1809,-0.009318152979411373,0.0046278924785175,0.005926917588370269,0
11.89,1810,0.011844470112522468,0.006187817342697681,0.0046278924785175,0
11.92,1811,0.0025199509345131947,0.006188636952748492,0.006187817342697681,0
11.9,1812,-0.001679261519719914,0.0056430651836694365,0.006188636952748492,0
11.86,1813,-0.003367006547904407,0.005670612387381603,0.0056430651836694365,0
11.98,1814,0.01006719911772394,0.006538433817833704,0.005670612387381603,0
11.9,1815,-0.006700192569819562,0.006838751393490494,0.006538433817833704,0
12.12,1816,0.018318580523684628,0.00888766683461191,0.006838751393490494,0
12.13,1817,0.0008247423147905182,0.008717034042976253,0.00888766683461191,0
12.39,1818,0.02120797268509224,0.010481555413090746,0.008717034042976253,0
12.4,1819,0.00080677696994011,0.009450511915512327,0.010481555413090746,0
12.41,1820,0.0008061266055245932,0.009254737299960852,0.009450511915512327,0
12.42,1821,0.0008054772888168683,0.009306710434690729,0.009254737299960852,0
12.2,1822,-0.017872124766121912,0.011561334352865294,0.009306710434690729,0
12.28,1823,0.006535970979785449,0.011427274276393734,0.011561334352865294,0
12.24,1824,-0.0032626456348162714,0.011350714069631463,0.011427274276393734,0
12.29,1825,0.004076646493763415,0.01092084452926275,0.011350714069631463,0
12.32,1826,0.0024380345274302557,0.00955079815656546,0.01092084452926275,0
12.34,1827,0.001622060371868051,0.009546593807150124,0.00955079815656546,0
12.37,1828,0.0024281679271546926,0.006712801129220035,0.009546593807150124,0
12.47,1829,0.008051573287548776,0.00720203932565905,0.006712801129220035,0
12.6,1830,0.010371054265487052,0.007844429953464281,0.00720203932565905,0
12.46,1831,-0.011173300598125076,0.008819562202473229,0.007844429953464281,0
12.5,1832,0.0032051309489483314,0.006082237617526638,0.008819562202473229,0
12.32,1833,-0.01450468620288169,0.007877996452355705,0.006082237617526638,0
12.37,1834,0.004050228299022738,0.0078472981067567,0.007877996452355705,0
12.39,1835,0.0016155092366545928,0.007780361533835814,0.0078472981067567,0
12.41,1836,0.001612903575464779,0.0077655430266168075,0.007780361533835814,0
12.43,1837,0.0016103063061039097,0.007765393529006886,0.0077655430266168075,0
12.25,1838,-0.014586968531883775,0.009100510422075355,0.007765393529006886,0
12.2,1839,-0.004089985251525166,0.00855609090308041,0.009100510422075355,0
12.23,1840,0.002455997959870304,0.007574934977000528,0.00855609090308041,0
12.25,1841,0.001633987291654955,0.007103874220534986,0.007574934977000528,0
12.08,1842,-0.013974744484067046,0.007826506376419776,0.007103874220534986,0
11.77,1843,-0.025997271234483588,0.010137907975443209,0.007826506376419776,0
11.35,1844,-0.03633617734477361,0.013731197791398858,0.010137907975443209,0
10.47,1845,-0.08070371904496605,0.026061736557456087,0.013731197791398858,0
10.66,1846,0.017984393855252887,0.02780542220891985,0.026061736557456087,1
10.7,1847,0.003745322730161892,0.027956629801566806,0.02780542220891985,1
10.79,1848,0.008376037802182682,0.028919612825467313,0.027956629801566806,1
10.86,1849,0.006466535235746134,0.029456139957344325,0.028919612825467313,1
10.77,1850,-0.008321823337492217,0.029078023747509833,0.029456139957344325,1
10.86,1851,0.008321823337492278,0.029518233196818514,0.029078023747509833,1
10.86,1852,0.0,0.02974658631734683,0.029518233196818514,1
10.76,1853,-0.009250759772150998,0.02925366362218726,0.02974658631734683,1
10.86,1854,0.009250759772150997,0.028042488622657524,0.02925366362218726,1
11.18,1855,0.02904015322116365,0.011411153342546146,0.028042488622657524,1
11.06,1856,-0.010791471632764319,0.011831000453573584,0.011411153342546146,0
11.11,1857,0.004510607557349879,0.01183391840310214,0.011831000453573584,0
11.23,1858,0.010743165098813335,0.01195951597858659,0.01183391840310214,0
11.3,1859,0.0062139569679430726,0.011953986156511106,0.01195951597858659,0
11.16,1860,-0.012466768765130047,0.012487567413698612,0.011953986156511106,0
11.09,1861,-0.0062921555908892444,0.01272095309933339,0.012487567413698612,0
11.2,1862,0.009869976938773221,0.012921595393844664,0.01272095309933339,0
11.21,1863,0.0008924587830197916,0.012225211405562268,0.012921595393844664,0
10.85,1864,-0.03264115709760004,0.01664246756352353,0.012225211405562268,0
11.04,1865,0.017359960862480598,0.014662834926864828,0.01664246756352353,0
11.06,1866,0.0018099552452396077,0.014289421987989593,0.014662834926864828,0
11.03,1867,-0.0027161628287777004,0.014218522996086617,0.014289421987989593,0
11.32,1868,0.025952239509625837,0.01624962087832598,0.014218522996086617,0
11.12,1869,-0.017825783952600687,0.017114595818634844,0.01624962087832598,0
10.78,1870,-0.031052723341585254,0.019295375048898698,0.017114595818634844,1
10.87,1871,0.00831413565226696,0.019607835828436792,0.019295375048898698,1
10.77,1872,-0.009242209964820874,0.019250076200124373,0.019607835828436792,1
10.64,1873,-0.012144007254798724,0.019329599403283798,0.019250076200124373,1
10.7,1874,0.005623257554362039,0.016937242079900425,0.019329599403283798,1
10.51,1875,-0.017916556579000723,0.016257660571995732,0.016937242079900425,1
10.43,1876,-0.007640915876178667,0.016096883712155605,0.016257660571995732,0
10.21,1877,-0.021318636836106762,0.016754058331184672,0.016096883712155605,0
9.94,1878,-0.026800611508091703,0.012813663398800095,0.016754058331184672,1
10.09,1879,0.014977813697034964,0.015382524639802756,0.012813663398800095,0
9.84,1880,-0.025089123301355497,0.014557043098814856,0.015382524639802756,0
10.06,1881,0.022111453607431185,0.016864450587828202,0.014557043098814856,0
10.15,1882,0.00890654081620325,0.01764383342391275,0.016864450587828202,1
10.23,1883,0.007850874475738854,0.017990818518785454,0.01764383342391275,1
10.24,1884,0.0009770396478266119,0.017775405415388905,0.017990818518785454,1
10.28,1885,0.003898640415657323,0.01726271725590531,0.017775405415388905,1
10.15,1886,-0.012726554539222664,0.01751349313958785,0.01726271725590531,1
10.09,1887,-0.00592887112227881,0.016334162293044917,0.01751349313958785,1
10.2,1888,0.010842885924707705,0.013935749871068309,0.016334162293044917,0
10.15,1889,-0.004914014802428929,0.01337831769931147,0.013935749871068309,0
10.28,1890,0.012726554539222673,0.010303570780530739,0.01337831769931147,0
10.24,1891,-0.0038986404156571976,0.008443686800845738,0.010303570780530739,0
10.2,1892,-0.0039138993211364406,0.00821036671772344,0.008443686800845738,0
10.21,1893,0.000979911886349009,0.007803467047910804,0.00821036671772344,0
10.11,1894,-0.009842599144194247,0.008353494818560169,0.007803467047910804,0
10.25,1895,0.013752672552037097,0.009530270314461681,0.008353494818560169,0
10.18,1896,-0.006852694462040507,0.00883435096844373,0.009530270314461681,0
10.16,1897,-0.001966568972040827,0.008610193682649436,0.00883435096844373,0
10.2,1898,0.003929278139889557,0.007957315055687553,0.008610193682649436,0
10.11,1899,-0.008862687257845317,0.008318054317067138,0.007957315055687553,0
10.03,1900,-0.007944431058535862,0.007186449348520259,0.008318054317067138,0
10.07,1901,0.003980104756626948,0.007438893770729042,0.007186449348520259,0
10.06,1902,-0.0009935420588777898,0.007398406910832415,0.007438893770729042,0
10.06,1903,0.0,0.0073700820738942605,0.007398406910832415,0
10.34,1904,0.027452704408689837,0.011140221563602747,0.0073700820738942605,0
10.33,1905,-0.0009675859487358597,0.010399243604430746,0.011140221563602747,0
10.61,1906,0.026744669494344633,0.012808404289965655,0.010399243604430746,0
10.63,1907,0.0018832397279648725,0.01266157471195669,0.012808404289965655,0
10.46,1908,-0.016121733717079756,0.014253476773825598,0.01266157471195669,0
10.39,1909,-0.0067146535256408695,0.014078031838130932,0.014253476773825598,0
10.44,1910,0.004800777343356508,0.0135719137263903,0.014078031838130932,0
10.43,1911,-0.0009583134418115908,0.013662521530650933,0.0135719137263903,0
10.34,1912,-0.008666399932398025,0.01415044258347524,0.013662521530650933,0
10.38,1913,0.0038610086574595937,0.014119855409092932,0.01415044258347524,0
10.3,1914,-0.0077369825021524515,0.011533021744949846,0.014119855409092932,0
10.28,1915,-0.0019436352085711256,0.011542601838816098,0.011533021744949846,0
10.32,1916,0.003883500026397612,0.0068673239939671124,0.011542601838816098,0
10.35,1917,0.00290275965796141,0.006951159452793778,0.0068673239939671124,0
10.41,1918,0.005780362915499549,0.005551067493759407,0.006951159452793778,0
10.33,1919,-0.007714599495330324,0.005683302772823593,0.005551067493759407,0
10.14,1920,-0.018564284968510043,0.007678455565841021,0.005683302772823593,0
10.27,1921,0.012739025777429712,0.009147582236299821,0.007678455565841021,0
10.27,1922,0.0,0.008802035184177381,0.009147582236299821,0
10.35,1923,0.007759495770911124,0.009106538193872651,0.008802035184177381,0
10.53,1924,0.017241806434505954,0.010197199254641949,0.009106538193872651,0
10.57,1925,0.003791473736262217,0.010098530905844422,0.010197199254641949,0
10.65,1926,0.00754009227328786,0.010208451551457281,0.010098530905844422,0
10.68,1927,0.0028129413766146577,0.01020873043008799,0.010208451551457281,0
10.7,1928,0.0018709079358116025,0.01017111152215744,0.01020873043008799,0
10.64,1929,-0.005623257554362008,0.00995121150605049,0.01017111152215744,0
10.67,1930,0.0028155814001637213,0.006518278669181707,0.00995121150605049,0
10.61,1931,-0.005639112687770262,0.006711507154883143,0.006518278669181707,0
10.68,1932,0.006575880906156959,0.006679003160000884,0.006711507154883143,0
10.58,1933,-0.009407407101895368,0.007707885496659293,0.006679003160000884,0
10.48,1934,-0.009496747537257197,0.006443374064243588,0.007707885496659293,0
10.55,1935,0.006657181029179368,0.006712369456528694,0.006443374064243588,0
10.35,1936,-0.01913934021069751,0.008390996664905809,0.006712369456528694,0
10.45,1937,0.009615458699441973,0.009143732401658574,0.008390996664905809,0
10.47,1938,0.0019120464716256631,0.009145765020466818,0.009143732401658574,0
10.5,1939,0.002861232281032195,0.009183591890201539,0.009145765020466818,0
10.61,1940,0.010421695462414131,0.00985502196692824,0.009183591890201539,0
10.55,1941,-0.005671092703816169,0.009856856903883137,0.00985502196692824,0
10.48,1942,-0.006657181029179467,0.009678004412982593,0.009856856903883137,0
10.6,1943,0.01138532222512521,0.010107644045613672,0.009678004412982593,0
10.57,1944,-0.0028342012358751373,0.009605375813414687,0.010107644045613672,0
10.58,1945,0.0009456265480070302,0.009389421968880825,0.009605375813414687,0
10.74,1946,0.015009662650565228,0.007574942029602843,0.009389421968880825,0
11.05,1947,0.0284553388830433,0.010846406645957643,0.007574942029602843,0
11.19,1948,0.012590094360071998,0.010969784491996018,0.010846406645957643,0
12.2,1949,0.08641542941537693,0.027351529617235283,0.010969784491996018,0
12.11,1950,-0.007404394174210009,0.028249662730952668,0.027351529617235283,1
12.14,1951,0.0024742280663515004,0.02775747793520043,0.028249662730952668,1
11.99,1952,-0.012432816591929338,0.028290901487326867,0.02775747793520043,1
11.6,1953,-0.033067870927103934,0.03191367514584355,0.028290901487326867,1
11.66,1954,0.005159082810027423,0.03168318423001265,0.03191367514584355,1
11.38,1955,-0.02430675222416143,0.03342695022849894,0.03168318423001265,1
11.18,1956,-0.01773096097123186,0.03418163427766994,0.03342695022849894,1
11.2,1957,0.0017873105740956587,0.0330857111022239,0.03418163427766994,1
11.27,1958,0.006230549750636163,0.03290625235977202,0.0330857111022239,1
11.52,1959,0.021940327216060148,0.0164495939048079,0.03290625235977202,1
11.54,1960,0.0017346058122083715,0.016599734363316698,0.0164495939048079,0
11.62,1961,0.006908490343811609,0.016873243079004153,0.016599734363316698,0
10.84,1962,-0.069484755412265,0.026689358212485064,0.016873243079004153,1
10.42,1963,-0.03951595968627932,0.027375442463043527,0.026689358212485064,1
10.37,1964,-0.0048100140837849205,0.026910184735889152,0.027375442463043527,1
10.39,1965,0.001926782869700144,0.026825896123061313,0.026910184735889152,1
10.51,1966,0.011483379777723691,0.027366995920304775,0.026825896123061313,1
10.4,1967,-0.01052137874153276,0.027245372910130985,0.027366995920304775,1
10.36,1968,-0.0038535693159900777,0.026868386385521352,0.027245372910130985,1
10.41,1969,0.004814645795540672,0.025213083586720603,0.026868386385521352,1
10.66,1970,0.02373153611082087,0.027241354809505368,0.025213083586720603,1
10.51,1971,-0.01417123384883879,0.026777004154932973,0.027241354809505368,1
10.53,1972,0.0019011412570243728,0.016840417441079968,0.026777004154932973,1
10.43,1973,-0.009542057133203047,0.011382392907568204,0.016840417441079968,1
10.52,1974,0.008591938296882633,0.011528624433751007,0.011382392907568204,0
10.47,1975,-0.004764182427118161,0.011690018109026472,0.011528624433751007,0
10.56,1976,0.008559253395669911,0.011425761365169597,0.011690018109026472,0
10.51,1977,-0.0047460933892556805,0.010944002903592933,0.011425761365169597,0
10.59,1978,0.0075829747244553205,0.010971919759881932,0.010944002903592933,0
10.84,1979,0.023332836398184998,0.012862828058751254,0.010971919759881932,0
10.69,1980,-0.013934270974546272,0.01194008657030218,0.012862828058751254,0
10.58,1981,-0.010343298606800472,0.011477679402026198,0.01194008657030218,0
10.47,1982,-0.010451401547707824,0.011983288722757298,0.011477679402026198,0
10.5,1983,0.002861232281032195,0.011586964615435326,0.011983288722757298,0
10.46,1984,-0.003816798526700742,0.011305205251713357,0.011586964615435326,0
10.45,1985,-0.0009564802259569342,0.011212058848455726,0.011305205251713357,0
10.37,1986,-0.007684956169384023,0.010977708393068384,0.011212058848455726,0
10.35,1987,-0.0019305025300578502,0.010930200436031485,0.010977708393068384,0
10.46,1988,0.010571938925398896,0.011243591113876683,0.010930200436031485,0
10.36,1989,-0.00960622180543998,0.007421848214001499,0.011243591113876683,0
10.29,1990,-0.006779686985378804,0.006726756087318169,0.007421848214001499,0
10.18,1991,-0.01074753872358147,0.006771422091572557,0.006726756087318169,0
10.12,1992,-0.005911347263057237,0.006423183294151962,0.006771422091572557,0
10.07,1993,-0.004952957128848419,0.006040764107346861,0.006423183294151962,0
10.01,1994,-0.005976113403341778,0.006064826086963432,0.006040764107346861,0
10.05,1995,0.003988041177955627,0.006558029613097058,0.006064826086963432,0
10.01,1996,-0.003988041177955656,0.0064239708042161895,0.006558029613097058,0
9.96,1997,-0.005007521730622293,0.006412353743226591,0.0064239708042161895,0
9.92,1998,-0.004024150299725491,0.003958988217063066,0.006412353743226591,0
9.9,1999,-0.0020181641562371246,0.003764449660760766,0.003958988217063066,0
9.86,2000,-0.0040485885260003315,0.0036822196891391572,0.003764449660760766,0
9.86,2001,0.0,0.0031041698859262334,0.0036822196891391572,0
9.83,2002,-0.0030472344554687463,0.0029540823513713064,0.0031041698859262334,0
9.94,2003,0.011128086509407487,0.005222731840024719,0.0029540823513713064,0
9.84,2004,-0.010111309604320566,0.005769274250044014,0.005222731840024719,0
9.7,2005,-0.014329825554824968,0.00660549279569443,0.005769274250044014,0
9.63,2006,-0.007242659699302812,0.006709132080116241,0.00660549279569443,0
9.5,2007,-0.013591427203539114,0.007385824106262128,0.006709132080116241,0
9.47,2008,-0.0031628914085081953,0.007399958495788306,0.007385824106262128,0
9.46,2009,-0.0010565241341999848,0.007443967663477869,0.007399958495788306,0
9.43,2010,-0.00317628641842093,0.007455549099540826,0.007443967663477869,0
9.39,2011,-0.004250803425194488,0.007292466295457153,0.007455549099540826,0
9.42,2012,0.003189795368100081,0.007721140415795935,0.007292466295457153,0
9.59,2013,0.01788580030707505,0.009343006157787105,0.007721140415795935,0
9.54,2014,-0.005227403435151799,0.009088097320818696,0.009343006157787105,0
9.53,2015,-0.0010487677940843767,0.008190110577691326,0.009088097320818696,0
9.62,2016,0.0093995470115043,0.008632953605429233,0.008190110577691326,0
9.72,2017,0.010341353794732751,0.007750719978590016,0.008632953605429233,0
9.65,2018,-0.007227703121453144,0.008164001578959391,0.007750719978590016,0
9.58,2019,-0.007280323368125385,0.008636545005850274,0.008164001578959391,0
9.7,2020,0.012448293526567863,0.009143166448307613,0.008636545005850274,0
9.65,2021,-0.005167970158442449,0.009226231837519349,0.009143166448307613,0
9.7,2022,0.005167970158442377,0.009258306544717055,0.009226231837519349,0
9.6,2023,-0.010362787035546547,0.00846311028687084,0.009258306544717055,0
9.48,2024,-0.012578782206860073,0.009259506797359077,0.00846311028687084,0
9.4,2025,-0.008474626990972232,0.009588656753490622,0.009259506797359077,0
9.37,2026,-0.003196593025627481,0.008812111774834498,0.009588656753490622,0
9.26,2027,-0.011809047592242695,0.007927985690834709,0.008812111774834498,0
9.25,2028,-0.0010804971337541407,0.007961231205566964,0.007927985690834709,0
9.3,2029,0.005390848634876594,0.008417695003713928,0.007961231205566964,0
9.34,2030,0.004291852081540863,0.007040646387665157,0.008417695003713928,0
9.36,2031,0.0021390382487494423,0.007256677549679174,0.007040646387665157,0
9.39,2032,0.003200002730671071,0.007032223952836515,0.007256677549679174,0
9.43,2033,0.004250803425194568,0.00690673946416742,0.007032223952836515,0
9.46,2034,0.0031762864184209584,0.005894134872768306,0.00690673946416742,0
9.56,2035,0.010515343999522907,0.005994254657660512,0.005894134872768306,0
9.43,2036,-0.01369163041794387,0.0076378798919076495,0.005994254657660512,0
9.36,2037,-0.007450806155865527,0.0069412825609737805,0.0076378798919076495,0
9.45,2038,0.009569451016150672,0.007377282529965225,0.0069412825609737805,0
9.53,2039,0.008429976160459401,0.0075857775279870475,0.007377282529965225,0
9.7,2040,0.017681167843226445,0.008998465694150925,0.0075857775279870475,0
9.74,2041,0.0041152321451065794,0.008980056883639658,0.008998465694150925,0
9.67,2042,-0.007212808189240798,0.009658571327569558,0.008980056883639658,0
9.9,2043,0.023506447675341317,0.011661141492870475,0.009658571327569558,0
9.85,2044,-0.005063301956546762,0.012077304915516165,0.011661141492870475,0
9.81,2045,-0.004069181606725743,0.01208905311688875,0.012077304915516165,0
9.98,2046,0.01718081674610096,0.011393585543703809,0.01208905311688875,0
10.2,2047,0.021804629966852705,0.011406542473092352,0.011393585543703809,0
10.06,2048,-0.013820555618632087,0.01340707037840473,0.011406542473092352,0
10.3,2049,0.02357673056399702,0.014491790381302978,0.01340707037840473,0
10.25,2050,-0.004866189651173011,0.014532369598242938,0.014491790381302978,0
10.24,2051,-0.0009760859730554598,0.014675347596184862,0.014532369598242938,0
10.17,2052,-0.006859409550893143,0.01464304381429653,0.014675347596184862,0
9.99,2053,-0.01785761740000646,0.014689664511891437,0.01464304381429653,0
9.98,2054,-0.0010015023370895213,0.014561900922026616,0.014689664511891437,0
9.91,2055,-0.007038741981476047,0.01471330314696058,0.014561900922026616,0
9.82,2056,-0.009123225975522063,0.013826502895266839,0.01471330314696058,0
9.7,2057,-0.012295236857037466,0.011400664305522125,0.013826502895266839,0
9.75,2058,0.005141399500418652,0.01135223672307032,0.011400664305522125,0
9.71,2059,-0.004111002706522206,0.006419692147812398,0.01135223672307032,0
9.65,2060,-0.006198366952339019,0.006409698512349671,0.006419692147812398,0
9.77,2061,0.012358550703796725,0.008593449642034873,0.006409698512349671,0
9.76,2062,-0.0010240656296902568,0.008628463130500127,0.008593449642034873,0
9.75,2063,-0.001025115415245297,0.007167885822850349,0.008628463130500127,0
9.61,2064,-0.0144630620275547,0.008075981565290425,0.007167885822850349,0
9.55,2065,-0.006263068489562073,0.008044847133848815,0.008075981565290425,0
9.55,2066,0.0,0.00787709204030579,0.008044847133848815,0
9.58,2067,0.0031364374901303115,0.007297905799714624,0.00787709204030579,0
9.57,2068,-0.0010443865179062734,0.006950337522206103,0.007297905799714624,0
9.53,2069,-0.004188487798752247,0.0069531642578689375,0.006950337522206103,0
9.5,2070,-0.0031529190596155305,0.006807749899316552,0.0069531642578689375,0
9.68,2071,0.018770102681990468,0.008384311618881998,0.006807749899316552,0
9.69,2072,0.001032524614189184,0.008406816954422261,0.008384311618881998,0
9.68,2073,-0.001032524614189153,0.008406847179373877,0.008406816954422261,0
9.82,2074,0.01435922107788888,0.008107236162736462,0.008406847179373877,0
9.81,2075,-0.0010188487891027657,0.007658942426168051,0.008107236162736462,0
9.83,2076,0.0020366605818033334,0.007606476648185905,0.007658942426168051,0
9.69,2077,-0.014344508256400365,0.009351932760858347,0.007606476648185905,0
9.78,2078,0.00924505814405099,0.009646106473303481,0.009351932760858347,0
9.84,2079,0.006116227017436054,0.00943949749658094,0.009646106473303481,0
9.87,2080,0.003044142381228052,0.00917573942226717,0.00943949749658094,0
9.92,2081,0.005053067851391201,0.007578984283156173,0.00917573942226717,0
10.08,2082,0.016000341346441117,0.00866791572675818,0.007578984283156173,0
10.16,2083,0.007905179507113247,0.008557635228449894,0.00866791572675818,0
9.98,2084,-0.017875351826963193,0.010437861931012166,0.008557635228449894,0
9.97,2085,-0.00100250634962559,0.010437404793655868,0.010437861931012166,0
9.79,2086,-0.01821912743132806,0.012168970456909426,0.010437404793655868,0
9.72,2087,-0.007175838070071202,0.011446442183497251,0.012168970456909426,0
9.68,2088,-0.004123717183862152,0.011061022494838634,0.011446442183497251,0
9.73,2089,0.005151994909428112,0.010995836671144841,0.011061022494838634,0
9.66,2090,-0.007220247973487132,0.011042479334601849,0.010995836671144841,0
9.96,2091,0.030583423372080403,0.01509919698703018,0.011042479334601849,0
10.44,2092,0.04706751085798573,0.02078912832333294,0.01509919698703018,0
10.22,2093,-0.021297997678934127,0.02211202940668878,0.02078912832333294,1
10.26,2094,0.003906254967064989,0.0211426707666839,0.02211202940668878,1
10.28,2095,0.0019474202843956288,0.021104778864434747,0.0211426707666839,1
10.72,2096,0.04191089561563695,0.022860683018566662,0.021104778864434747,1
10.72,2097,0.0,0.02240192081630395,0.022860683018566662,1
10.68,2098,-0.0037383221106072153,0.022375635703642874,0.02240192081630395,1
10.69,2099,0.0009358915049050237,0.022512896940979413,0.022375635703642874,1
10.83,2100,0.013011335975945367,0.02174848259451048,0.022512896940979413,1
10.97,2101,0.012844213274239732,0.020711619336068,0.02174848259451048,1
10.71,2102,-0.023986389827481473,0.01852461041581774,0.020711619336068,1
10.78,2103,0.006514681021193452,0.0165257464735894,0.01852461041581774,1
10.6,2104,-0.016838564362829593,0.017964399621832557,0.0165257464735894,0
10.8,2105,0.018692133012152546,0.018597677029188464,0.017964399621832557,1
10.54,2106,-0.02436859101695792,0.015509832653856527,0.018597677029188464,1
10.58,2107,0.0037878833169371563,0.015601766083275865,0.015509832653856527,0
10.47,2108,-0.010451401547707824,0.015859930215338897,0.015601766083275865,0
10.92,2109,0.042081945434313414,0.021155438658453377,0.015859930215338897,0
10.88,2110,-0.00366972888896229,0.02085755472267012,0.021155438658453377,1
10.86,2111,-0.0018399269220072938,0.020400748842445266,0.02085755472267012,1
10.75,2112,-0.010180559932117493,0.019098512767418044,0.020400748842445266,1
10.73,2113,-0.001862197931064651,0.01898254693985013,0.019098512767418044,1
10.72,2114,-0.000932400999951134,0.01810418887150072,0.01898254693985013,1
10.9,2115,0.01665163359244216,0.017894485918773094,0.01810418887150072,1
10.9,2116,0.0,0.015576988747466656,0.017894485918773094,1
11.12,2117,0.019982499587338137,0.016444279118049396,0.015576988747466656,0
11.11,2118,-0.0008996851708976849,0.01570946751541989,0.016444279118049396,0
10.92,2119,-0.017249633334779566,0.011054258451099865,0.01570946751541989,0
11.03,2120,0.010022862948652084,0.011392062702597619,0.011054258451099865,0
10.65,2121,-0.03505894110997684,0.016242524586188523,0.011392062702597619,0
10.75,2122,0.009345862418237599,0.016317018740451064,0.016242524586188523,0
10.78,2123,0.002786810907179216,0.016324293793696234,0.016317018740451064,0
10.68,2124,-0.009319731948802255,0.016616908944527768,0.016324293793696234,0
10.63,2125,-0.004692641178192064,0.015521750990702762,0.016616908944527768,0
10.62,2126,-0.0009411765400639644,0.015507699112800385,0.015521750990702762,0
10.48,2127,-0.013270336920896585,0.01357101555206271,0.015507699112800385,0
11.01,2128,0.04933527184169245,0.02219586618680438,0.01357101555206271,0
10.99,2129,-0.0018181823190585162,0.021457338593322755,0.02219586618680438,1
10.89,2130,-0.009140831470660858,0.02138176570797743,0.021457338593322755,1
10.76,2131,-0.012009382211230792,0.01836504339783372,0.02138176570797743,1
10.7,2132,-0.0055918132657779415,0.018220202736461348,0.01836504339783372,1
10.65,2133,-0.004683849312426314,0.01822515806847067,0.018220202736461348,1
10.66,2134,0.0009385265822642868,0.018005553900131185,0.01822515806847067,1
10.59,2135,-0.006588259124383465,0.01806812431608394,0.018005553900131185,1
10.73,2136,0.01313339702929217,0.018560763003592738,0.01806812431608394,1
10.76,2137,0.0027919980910311335,0.017867748296971034,0.018560763003592738,1
10.59,2138,-0.01592539512032329,0.008240857157827934,0.017867748296971034,1
10.43,2139,-0.01522389060063402,0.008928204580839535,0.008240857157827934,0
10.54,2140,0.010491274100535127,0.010059464683222899,0.008928204580839535,0
10.58,2141,0.0037878833169371563,0.009770215540793183,0.010059464683222899,0
10.5,2142,-0.0075901692666755964,0.009878790143099494,0.009770215540793183,0
10.58,2143,0.007590169266675653,0.010248251609757918,0.009878790143099494,0
10.43,2144,-0.01427915741747227,0.011080639593337872,0.010248251609757918,0
10.43,2145,0.0,0.010984940747059383,0.011080639593337872,0
10.3,2146,-0.012542373777090844,0.010147488937137936,0.010984940747059383,0
10.27,2147,-0.002916871295123357,0.00987420537690157,0.010147488937137936,0
10.25,2148,-0.0019493183560496533,0.009058015648626662,0.00987420537690157,0
10.54,2149,0.027899837528799105,0.012385223897405406,0.009058015648626662,0
10.05,2150,-0.047604908608131415,0.019209628318175784,0.012385223897405406,0
10.1,2151,0.004962789342128876,0.01927121577640671,0.019209628318175784,1
10.03,2152,-0.00695482187336961,0.019261464594401347,0.01927121577640671,1
9.95,2153,-0.0080080508033428,0.018792317887292687,0.019261464594401347,1
10.05,2154,0.010000083334583399,0.01918805925270418,0.018792317887292687,1
10.12,2155,0.006941029354234542,0.019460832533082673,0.01918805925270418,1
10.09,2156,-0.00296882949380188,0.01917355039812914,0.019460832533082673,1
10.19,2157,0.009862012869115843,0.01953257418321884,0.01917355039812914,1
10.21,2158,0.0019607849419408453,0.01954574285137135,0.01953257418321884,1
10.22,2159,0.0009789525989841986,0.016889694605385565,0.01954574285137135,1
10.12,2160,-0.009832920916239057,0.007363966890484615,0.016889694605385565,1
10.16,2161,0.003944778291016546,0.007305200942220951,0.007363966890484615,0
10.09,2162,-0.0069136077848182325,0.007300480047745376,0.007305200942220951,0
10.09,2163,0.0,0.006663156907059484,0.007300480047745376,0
10.32,2164,0.02253892568789923,0.009170114116357138,0.006663156907059484,0
10.35,2165,0.00290275965796141,0.009048315460581938,0.009170114116357138,0
10.29,2166,-0.005813969865419845,0.009272507838990278,0.009048315460581938,0
10.35,2167,0.005813969865419816,0.00897285823675723,0.009272507838990278,0
10.27,2168,-0.0077594957709111855,0.009438774247907832,0.00897285823675723,0
10.19,2169,-0.007820176705833433,0.009801247033750576,0.009438774247907832,0
10.22,2170,0.002939737540924974,0.009235988102829077,0.009801247033750576,0
10.23,2171,0.0009779951879767099,0.00917775531422671,0.009235988102829077,0
10.23,2172,0.0,0.008793994205898744,0.00917775531422671,0
10.23,2173,0.0,0.008793994205898744,0.008793994205898744,0
10.31,2174,0.007789718065333437,0.0054526211477301835,0.008793994205898744,0
10.21,2175,-0.009746665852294384,0.0061073521624314415,0.0054526211477301835,0
10.23,2176,0.001956947786960947,0.005970787102053871,0.0061073521624314415,0
10.17,2177,-0.0058823699030665245,0.00571831669777861,0.005970787102053871,0
10.03,2178,-0.013861608086624429,0.006675757716157839,0.00571831669777861,0
10.05,2179,0.0019920325312407982,0.006503686840352317,0.006675757716157839,0
10.04,2180,-0.0009955202415018161,0.0063297676133849045,0.006503686840352317,0
10.1,2181,0.005958309583630625,0.006752429667021251,0.0063297676133849045,0
10.04,2182,-0.005958309583630635,0.0068885469776263,0.006752429667021251,0
10.0,2183,-0.003992021269537338,0.006883500960320899,0.0068885469776263,0
9.99,2184,-0.0010005003335835344,0.005954090632297116,0.006883500960320899,0
10.02,2185,0.002998502996256633,0.005746309280611972,0.005954090632297116,0
10.08,2186,0.005970166986503975,0.006168563510347516,0.005746309280611972,0
10.01,2187,-0.006968669316093316,0.006263593564603343,0.006168563510347516,0
9.98,2188,-0.0030015030037565085,0.004626099499263074,0.006263593564603343,0
10.0,2189,0.0020020026706729687,0.0046266972323537004,0.004626099499263074,0
10.03,2190,0.002995508979798371,0.0047495872612927665,0.0046266972323537004,0
9.93,2191,-0.010020123916762958,0.005155504801269103,0.0047495872612927665,0
9.92,2192,-0.0010075567602998278,0.004933823648399159,0.005155504801269103,0
9.99,2193,0.007031671363680747,0.00544619879722884,0.004933823648399159,0
10.03,2194,0.003996009313381923,0.005581916363620137,0.00544619879722884,0
9.94,2195,-0.009013581305361524,0.006216865980410036,0.005581916363620137,0
9.91,2196,-0.00302267232658601,0.005762270838666346,0.006216865980410036,0
9.91,2197,0.0,0.005468304628197305,0.005762270838666346,0
9.96,2198,0.00503272325461042,0.00572633995439698,0.005468304628197305,0
9.83,2199,-0.013138137437431734,0.006950017577317684,0.00572633995439698,0
9.94,2200,0.011128086509407487,0.007964229374191374,0.006950017577317684,0
9.98,2201,0.004016069654889965,0.007395105583239369,0.007964229374191374,0
10.01,2202,0.003001503003756558,0.0074128093517837204,0.007395105583239369,0
9.99,2203,-0.002000000666666999,0.007127882596919941,0.0074128093517837204,0
9.55,2204,-0.04504343816782316,0.015739959351419197,0.007127882596919941,0
9.64,2205,0.00937995412981541,0.016272080121760478,0.015739959351419197,0
9.58,2206,-0.006243516639685159,0.016303005003582383,0.016272080121760478,0
9.34,2207,-0.025371339742017947,0.0176370101563174,0.016303005003582383,0
9.15,2208,-0.020552372953321237,0.017726523390294402,0.0176370101563174,1
9.21,2209,0.00653597097978567,0.018236812669369412,0.017726523390294402,1
9.12,2210,-0.009820046180975685,0.01715614003319896,0.018236812669369412,1
9.03,2211,-0.009917436657345916,0.01657268006211124,0.01715614003319896,1
9.13,2212,0.011013327177983192,0.01744207765188041,0.01657268006211124,0
9.12,2213,-0.0010958905206372234,0.017485844850338123,0.01744207765188041,1
9.07,2214,-0.005497539959194719,0.012098484657794298,0.017485844850338123,1
9.05,2215,-0.002207506415210458,0.011062007571207365,0.012098484657794298,0
9.08,2216,0.0033094349013670092,0.011473752590260566,0.011062007571207365,0
9.17,2217,0.009863093655171577,0.009955396492892572,0.011473752590260566,0
9.2,2218,0.0032661977866211027,0.007535319500874737,0.009955396492892572,0
9.21,2219,0.0010863662122210114,0.007245385151430217,0.007535319500874737,0
9.17,2220,-0.004352563998842109,0.0065995170207070256,0.007245385151430217,0
9.18,2221,0.0010899183640256005,0.005483939241094876,0.0065995170207070256,0
9.22,2222,0.0043478329361034225,0.004543521483820741,0.005483939241094876,0
9.19,2223,-0.003259101200906943,0.004702115823015519,0.004543521483820741,0
9.33,2224,0.015119078491656867,0.005993706456152573,0.004702115823015519,0
9.23,2225,-0.010775966344491635,0.007269883223112343,0.005993706456152573,0
9.27,2226,0.004324331063002803,0.007297699523555972,0.007269883223112343,0
9.2,2227,-0.007579895522769218,0.007312866913002482,0.007297699523555972,0
9.21,2228,0.0010863662122210114,0.0072477056261867545,0.007312866913002482,0
9.19,2229,-0.0021739138996199076,0.0072721254013836745,0.0072477056261867545,0
9.14,2230,-0.0054555509015369145,0.007349763981348621,0.0072721254013836745,0
9.17,2231,0.003276900802314791,0.007428746325700918,0.007349763981348621,0
8.96,2232,-0.023167059281534303,0.010180486266606838,0.007428746325700918,0
9.05,2233,0.009994530724995588,0.010956009308063855,0.010180486266606838,0
9.18,2234,0.014262446920564152,0.010813749862135931,0.010956009308063855,0
9.23,2235,0.005431843882361821,0.01049913998206683,0.010813749862135931,0
9.24,2236,0.0010828371388318981,0.010400370891399592,0.01049913998206683,0
9.21,2237,-0.0032520353863772318,0.010151973312599205,0.010400370891399592,0
9.34,2238,0.014016401973535562,0.011072059221906017,0.010151973312599205,0
9.34,2239,0.0,0.011015251430522762,0.011072059221906017,0
9.3,2240,-0.00429185208154092,0.010938084768162184,0.011015251430522762,0
9.41,2241,0.011758553438077916,0.011390389699759149,0.010938084768162184,0
9.39,2242,-0.0021276603771167293,0.007321991894535163,0.011390389699759149,0
9.21,2243,-0.01935544295295598,0.010253784730828054,0.007321991894535163,0
9.19,2244,-0.0021739138996199076,0.009298529002331841,0.010253784730828054,0
9.12,2245,-0.007646132281355707,0.009385961863033872,0.009298529002331841,0
9.11,2246,-0.0010970928143730994,0.009352333310485548,0.009385961863033872,0
9.03,2247,-0.008820343842972882,0.009635223020508602,0.009352333310485548,0
9.03,2248,0.0,0.007916947563443393,0.009635223020508602,0
9.02,2249,-0.001108033354361733,0.007872084339131441,0.007916947563443393,0
9.02,2250,0.0,0.00793998217233106,0.007872084339131441,0
9.03,2251,0.0011080333543616427,0.006270683399458647,0.00793998217233106,0
9.02,2252,-0.001108033354361733,0.00631485015819332,0.006270683399458647,0
9.0,2253,-0.002219756738312888,0.0032931101618186753,0.00631485015819332,0
9.08,2254,0.0088496152769826,0.004829208377984834,0.0032931101618186753,0
9.15,2255,0.007679686674228136,0.004986953811298903,0.004829208377984834,0
9.14,2256,-0.0010934938213713295,0.004986839633478388,0.004986953811298903,0
9.07,2257,-0.007688121339013401,0.004763905977520312,0.004986839633478388,0
9.04,2258,-0.003313089722960238,0.0049109945981832825,0.004763905977520312,0
9.07,2259,0.0033130897229601943,0.004987499241881982,0.0049109945981832825,0
9.02,2260,-0.005527930052513054,0.005348833205288638,0.004987499241881982,0
9.01,2261,-0.0011092624542857338,0.005343752688158291,0.005348833205288638,0
9.02,2262,0.0011092624542857557,0.005348889817088786,0.005343752688158291,0
9.04,2263,0.0022148403295528213,0.00532819787202328,0.005348889817088786,0
9.07,2264,0.0033130897229601943,0.0045948430817028575,0.00532819787202328,0
9.03,2265,-0.004419896698151247,0.0038480092836140445,0.0045948430817028575,0
9.03,2266,0.0,0.003870636349346157,0.0038480092836140445,0
8.99,2267,-0.0044395189453650275,0.00337062532950575,0.003870636349346157,0
8.96,2268,-0.0033426214966897263,0.0033730002618951264,0.00337062532950575,0
8.94,2269,-0.002234637801416488,0.003045411845410252,0.0033730002618951264,0
8.72,2270,-0.02491635126453444,0.008028874245167033,0.003045411845410252,0
8.54,2271,-0.020858230120409924,0.009668944426643677,0.008028874245167033,0
8.53,2272,-0.0011716462968907467,0.009525281588772092,0.009668944426643677,0
8.51,2273,-0.0023474189183048965,0.00921434490362485,0.009525281588772092,0
8.53,2274,0.0023474189183048913,0.009109880452373605,0.00921434490362485,0
8.49,2275,-0.00470036118033174,0.009104432341079861,0.009109880452373605,0
8.54,2276,0.005872007477222368,0.009715200972668273,0.009104432341079861,0
8.48,2277,-0.007050557996666687,0.009716256554045977,0.009715200972668273,0
8.62,2278,0.016374634871789886,0.012009423684576812,0.009716256554045977,0
8.65,2279,0.0034742362681862726,0.012229398202302774,0.012009423684576812,0
8.75,2280,0.011494379425734991,0.010354192361029347,0.012229398202302774,0
8.73,2281,-0.0022883305180121626,0.007362176204162983,0.010354192361029347,0
8.65,2282,-0.00920604890772285,0.008165622694142586,0.007362176204162983,0
8.56,2283,-0.01045913079013716,0.00894466729630257,0.008165622694142586,0
8.65,2284,0.01045913079013729,0.009474308115824658,0.00894466729630257,0
8.6,2285,-0.005797117684325957,0.009558706606922379,0.009474308115824658,0
8.63,2286,0.0034823018358747116,0.00946072211284999,0.009558706606922379,0
8.68,2287,0.00577702357692208,0.009103483650443967,0.00946072211284999,0
8.64,2288,-0.004618945856294417,0.007837731282017818,0.009103483650443967,0
8.56,2289,-0.009302392662313561,0.00827937339626691,0.007837731282017818,0
8.59,2290,0.0034985458425131457,0.0072566601579288036,0.00827937339626691,0
8.51,2291,-0.009356793410881267,0.00763878417655613,0.0072566601579288036,0
8.56,2292,0.00585824756836807,0.00766617486536993,0.00763878417655613,0
8.58,2293,0.0023337233462200966,0.0069552513860808305,0.00766617486536993,0
8.59,2294,0.0011648224962931065,0.00599112995592695,0.0069552513860808305,0
8.6,2295,0.0011634672632980494,0.00573134461872602,0.00599112995592695,0
8.68,2296,0.009259325412796726,0.0063762239010813765,0.00573134461872602,0
8.67,2297,-0.0011527378798082853,0.006119780352091452,0.0063762239010813765,0
8.75,2298,0.00918490957707257,0.006533852956060451,0.006119780352091452,0
8.77,2299,0.00228310601456855,0.005376521952980196,0.006533852956060451,0
8.65,2300,-0.01377748544030362,0.007390974670294188,0.005376521952980196,0
8.57,2301,-0.009291588334099527,0.007381142577642938,0.007390974670294188,0
8.55,2302,-0.0023364496610194874,0.007197768653864173,0.007381142577642938,0
8.6,2303,0.005830920310793144,0.007411843153958987,0.007197768653864173,0
8.56,2304,-0.00466201310581119,0.007558030579898506,0.007411843153958987,0
8.58,2305,0.0023337233462200966,0.007593044578829364,0.007558030579898506,0
8.61,2306,0.0034904049397683464,0.006986672752014241,0.007593044578829364,0
8.57,2307,-0.004656585829950861,0.007092839726911919,0.006986672752014241,0
8.58,2308,0.001166180890182394,0.006189037296071645,0.007092839726911919,0
8.54,2309,-0.004672905699392482,0.006048208321630172,0.006189037296071645,0
8.56,2310,0.0023391823531724626,0.004767576247567181,0.006048208321630172,0
8.57,2311,0.0011675424560376464,0.0038084253496118562,0.004767576247567181,0
8.54,2312,-0.0035067248092100775,0.0039049555449013175,0.0038084253496118562,0
8.54,2313,0.0,0.003307798012186726,0.0039049555449013175,0
8.53,2314,-0.0011716462968907467,0.0030144323227429904,0.003307798012186726,0
8.57,2315,0.004678371106100721,0.003321959020408026,0.0030144323227429904,0
8.64,2316,0.008134850206275815,0.004112821852506839,0.003321959020408026,0
8.57,2317,-0.008134850206275841,0.004689699835314366,0.004112821852506839,0
8.71,2318,0.016204058254722972,0.006964491776934231,0.004689699835314366,0
8.72,2319,0.0011474470564766996,0.006625917946119384,0.006964491776934231,0
8.73,2320,0.0011461319306225416,0.006631587618696566,0.006625917946119384,0
8.69,2321,-0.004592430574210262,0.006951141427455152,0.006631587618696566,0
8.72,2322,0.003446298643587649,0.006751741015182817,0.006951141427455152,0
8.59,2323,-0.015020501924724363,0.008666591076737616,0.006751741015182817,0
8.57,2324,-0.0023310033864754783,0.008700371774899848,0.008666591076737616,0
8.63,2325,0.006976772485648235,0.00885298191755094,0.008700371774899848,0
8.64,2326,0.0011580777206276467,0.008468310149233327,0.00885298191755094,0
8.8,2327,0.018349138668196617,0.00969413010462355,0.008468310149233327,0
8.76,2328,-0.004555816535860802,0.00863348137080328,0.00969413010462355,0
8.69,2329,-0.008022965670999471,0.009042941995471402,0.00863348137080328,0
8.56,2330,-0.015072749123649781,0.010134446843000378,0.009042941995471402,0
8.57,2331,0.0011675424560376464,0.010132304246748637,0.010134446843000378,0
8.45,2332,-0.014101291240606105,0.010704876254428774,0.010132304246748637,0
8.41,2333,-0.004744967384225638,0.009901340069089342,0.010704876254428774,0
8.52,2334,0.01299486685636768,0.010990832383640365,0.009901340069089342,0
8.65,2335,0.015142980102563751,0.011882330961741393,0.010990832383640365,0
8.64,2336,-0.001156738127823644,0.011884821496765409,0.011882330961741393,0
8.69,2337,0.00577035646133636,0.010284964137220527,0.011884821496765409,0
8.74,2338,0.005737250390143593,0.010432242169842914,0.010284964137220527,0
8.6,2339,-0.016147986407982103,0.011380093165395734,0.010432242169842914,0
8.55,2340,-0.005830920310793099,0.010451327707478869,0.011380093165395734,0
8.59,2341,0.004667453047495021,0.010557185530520954,0.010451327707478869,0
8.56,2342,-0.00349854584251317,0.009429834906112756,0.010557185530520954,0
8.67,2343,0.012768600638799739,0.009802736577602009,0.009429834906112756,0
8.6,2344,-0.008106587532988485,0.009693424988953,0.009802736577602009,0
8.58,2345,-0.0023282897595910735,0.008326035262871382,0.009693424988953,0
8.54,2346,-0.004672905699392482,0.008415946313035756,0.008326035262871382,0
8.44,2347,-0.011778699192612763,0.008636083519940272,0.008415946313035756,0
8.43,2348,-0.001185536594101587,0.00812758198613578,0.008636083519940272,0
8.39,2349,-0.004756251534649153,0.006877374318205462,0.00812758198613578,0
8.44,2350,0.0059417881287508224,0.007236775512860879,0.006877374318205462,0
8.42,2351,-0.0023724803536303565,0.0069281533042605085,0.007236775512860879,0
8.46,2352,0.004739345363896568,0.007213893613806569,0.0069281533042605085,0
8.4,2353,-0.0071174677688639896,0.0054741986668889984,0.007213893613806569,0
8.29,2354,-0.013181736702064503,0.006173912693049329,0.0054741986668889984,0
8.08,2355,-0.025658096614199447,0.009251101526822353,0.006173912693049329,0
7.9,2356,-0.022529113060028222,0.010591725081557563,0.009251101526822353,0
7.92,2357,0.0025284463533586906,0.01095317266099247,0.010591725081557563,0
8.01,2358,0.011299555253933247,0.012243922637319632,0.01095317266099247,0
7.91,2359,-0.012562979300705266,0.012465689139181642,0.012243922637319632,0
7.63,2360,-0.03603993648319692,0.014874342683497034,0.012465689139181642,0
7.77,2361,0.01818231908319033,0.017284243981639004,0.014874342683497034,0
7.74,2362,-0.003868476777920206,0.016784550305228137,0.017284243981639004,1
7.9,2363,0.020461071871340025,0.01920080450905287,0.016784550305228137,1
7.76,2364,-0.017880425277848524,0.01944825324605871,0.01920080450905287,1
7.83,2365,0.008980175807584319,0.018750198163358912,0.01944825324605871,1
7.8,2366,-0.003838776307165713,0.017492401060912217,0.018750198163358912,1
7.8,2367,0.0,0.017449554340599378,0.017492401060912217,1
7.8,2368,0.0,0.016883362775076235,0.017449554340599378,1
7.86,2369,0.007662872745569097,0.01677591614023266,0.016883362775076235,1
7.82,2370,-0.00510205188389551,0.011564108327210608,0.01677591614023266,1
7.92,2371,0.012706651269114662,0.010844138508421438,0.011564108327210608,0
8.0,2372,0.010050335853501506,0.010912787732978399,0.010844138508421438,0
8.07,2373,0.008711940602021536,0.009386021402139675,0.010912787732978399,0
8.17,2374,0.012315426590054052,0.006708861920448186,0.009386021402139675,0
8.07,2375,-0.012315426590054026,0.008498646202304073,0.006708861920448186,0
8.11,2376,0.004944385845464066,0.008158191510821835,0.008498646202304073,0
8.01,2377,-0.012407107047053643,0.009627845754700918,0.008158191510821835,0
8.11,2378,0.01240710704705373,0.010038135113983555,0.009627845754700918,0
8.1,2379,-0.0012338064489284325,0.010061549763847977,0.010038135113983555,0
8.11,2380,0.001233806448928344,0.009686627601553187,0.010061549763847977,0
8.15,2381,0.004920059125449853,0.009176472370484275,0.009686627601553187,0
8.03,2382,-0.014833399294101175,0.010314160781721112,0.009176472370484275,0
8.14,2383,0.013605652055778678,0.010855591556359059,0.010314160781721112,0
8.11,2384,-0.0036923118871274906,0.010135659151562285,0.010855591556359059,0
8.07,2385,-0.004944385845463967,0.009444544112222732,0.010135659151562285,0
8.09,2386,0.002475248788542752,0.00933252950577388,0.009444544112222732,0
7.82,2387,-0.033944176513180574,0.013844837165624974,0.00933252950577388,0
7.87,2388,0.006373507872092201,0.013246348533035699,0.013844837165624974,0
7.83,2389,-0.00509555242660017,0.013245299347912302,0.013246348533035699,0
7.99,2390,0.020228249775471663,0.015199819942779663,0.013245299347912302,0
8.03,2391,0.004993768180486974,0.01520329163902159,0.015199819942779663,0
7.99,2392,-0.0049937681804869145,0.01454753846062501,0.01520329163902159,0
7.85,2393,-0.017677227983866346,0.01454091067817615,0.01454753846062501,0
7.82,2394,-0.0038289772370972393,0.014541042412044628,0.01454091067817615,0
7.85,2395,0.0038289772370972515,0.014717289905162552,0.014541042412044628,0
7.86,2396,0.0012730746467981126,0.014674586243823713,0.014717289905162552,0
7.87,2397,0.0012714559881966659,0.009812834391031524,0.014674586243823713,0
8.05,2398,0.022614029001160173,0.01197367902078472,0.009812834391031524,0
7.97,2399,-0.009987598628348417,0.012400004206074752,0.01197367902078472,0
8.02,2400,0.006253929076299451,0.010769157859477256,0.012400004206074752,0
7.95,2401,-0.008766493212182551,0.01099022704387123,0.010769157859477256,0
7.91,2402,-0.0050441468866780255,0.01099227189789612,0.01099022704387123,0
8.04,2403,0.016301301411312367,0.010507401648173166,0.01099227189789612,0
7.95,2404,-0.011257154524634334,0.011233500865380972,0.010507401648173166,0
7.88,2405,-0.008844024796452772,0.011666704715265413,0.011233500865380972,0
7.88,2406,0.0,0.011662839349991357,0.011666704715265413,0
7.9,2407,0.0025348556031881157,0.011681911635968305,0.011662839349991357,0
8.0,2408,0.012578782206859965,0.009846604526532318,0.011681911635968305,0
7.88,2409,-0.015113637810048184,0.010500027892086665,0.009846604526532318,0
7.94,2410,0.007585371389256564,0.01061198670569565,0.010500027892086665,0
7.91,2411,-0.003785493479481856,0.010319953320917652,0.01061198670569565,0
7.89,2412,-0.0025316469217797305,0.010227317262026076,0.010319953320917652,0
7.86,2413,-0.0038095284166676188,0.00842967636610543,0.010227317262026076,0
7.88,2414,0.002541297428672548,0.007907212988723114,0.00842967636610543,0
7.86,2415,-0.0025412974286725325,0.007439634335846226,0.007907212988723114,0
7.95,2416,0.011385322225125429,0.008303835361726427,0.007439634335846226,0
7.93,2417,-0.002518893019484026,0.008345907331402287,0.008303835361726427,0
7.77,2418,-0.020382871267200557,0.009430817661821205,0.008345907331402287,0
7.87,2419,0.012787898049755907,0.00954816364103261,0.009430817661821205,0
8.03,2420,0.0201264655293584,0.011330885774051606,0.00954816364103261,0
7.92,2421,-0.01379332213233576,0.012220070085697893,0.011330885774051606,0
7.97,2422,0.006293286975789142,0.012324994335578045,0.012220070085697893,0
7.91,2423,-0.007556711022561115,0.012542803112202978,0.012324994335578045,0
7.97,2424,0.00755671102256102,0.012726467247042472,0.012542803112202978,0
7.92,2425,-0.006293286975789179,0.012901025814880429,0.012726467247042472,0
7.97,2426,0.006293286975789142,0.012530229215793297,0.012901025814880429,0
7.95,2427,-0.002512564135883048,0.012530073911041792,0.012530229215793297,0
7.97,2428,0.0025125641358831386,0.010219382350734498,0.012530073911041792,0
8.04,2429,0.008744590388751236,0.009841952501005983,0.010219382350734498,0
8.05,2430,0.0012430082395972445,0.007552041458398062,0.009841952501005983,0
8.01,2431,-0.004981330350204248,0.006107451647370386,0.007552041458398062,0
7.99,2432,-0.002500001302084449,0.005911317710343936,0.006107451647370386,0
7.96,2433,-0.0037617599218916845,0.005458913733778965,0.005911317710343936,0
7.98,2434,0.002509411605425707,0.004957645288139183,0.005458913733778965,0
7.9,2435,-0.010075651988741587,0.005603921745527652,0.004957645288139183,0
7.87,2436,-0.0038046970436639714,0.005187617079852999,0.005603921745527652,0
7.88,2437,0.001269841440475937,0.005224119855562978,0.005187617079852999,0
7.87,2438,-0.0012698414404758189,0.00508594333212948,0.005224119855562978,0
7.91,2439,0.00506971935025058,0.004364057758142791,0.00508594333212948,0
7.85,2440,-0.007614249985245517,0.004608140922751218,0.004364057758142791,0
7.79,2441,-0.0076726719116601665,0.00484085070240128,0.004608140922751218,0
7.67,2442,-0.015524244503492116,0.006290635122825387,0.00484085070240128,0
7.79,2443,0.015524244503492171,0.00884097110813583,0.006290635122825387,0
7.81,2444,0.002564103968937634,0.008844196188125252,0.00884097110813583,0
7.79,2445,-0.0025641039689376474,0.008404639538026497,0.008844196188125252,0
7.33,2446,-0.060865343984096765,0.020656569025825487,0.008404639538026497,0
7.35,2447,0.0027247973261850357,0.02072714088306912,0.020656569025825487,1
7.35,2448,0.0,0.020769739675433066,0.02072714088306912,1
7.38,2449,0.004073325387635869,0.02070857892886326,0.020769739675433066,1
7.34,2450,-0.005434795985956945,0.020712109197849788,0.02070857892886326,1
7.33,2451,-0.0013633267278640533,0.020775778763224024,0.020712109197849788,1
7.26,2452,-0.009595687061855438,0.020560009322360046,0.020775778763224024,1
7.23,2453,-0.004140792666031277,0.01922334139056659,0.020560009322360046,1
7.14,2454,-0.012526259819180369,0.018939196874086225,0.01922334139056659,1
7.07,2455,-0.009852296443011594,0.018805085482442793,0.018939196874086225,1
7.09,2456,0.002824860635554619,0.00592327548091945,0.018805085482442793,1
7.15,2457,0.008427016161880142,0.006782910353352706,0.00592327548091945,0
7.12,2458,-0.004204631282031924,0.006722949506093541,0.006782910353352706,0
7.12,2459,0.0,0.006347623893700155,0.006722949506093541,0
7.09,2460,-0.00422238487984825,0.006319918606671086,0.006347623893700155,0
7.18,2461,0.012614042516096664,0.008124476210998259,0.006319918606671086,0
7.24,2462,0.008321823337492278,0.00825448567573447,0.008124476210998259,0
7.21,2463,-0.004152255100767307,0.008255082779127757,0.00825448567573447,0
7.19,2464,-0.002777779563902275,0.007149389533155165,0.008255082779127757,0
7.28,2465,0.012439690475639201,0.006967355328086595,0.007149389533155165,0
7.21,2466,-0.009661910911736972,0.008026176731141406,0.006967355328086595,0
7.2,2467,-0.0013879252748480802,0.007702813881506274,0.008026176731141406,0
7.23,2468,0.004158010148663677,0.007564254576617619,0.007702813881506274,0
7.17,2469,-0.00833338155914441,0.008185451738970562,0.007564254576617619,0
7.15,2470,-0.0027932979056125994,0.008102017593766685,0.008185451738970562,0
7.2,2471,0.006968669316093215,0.007352703143357341,0.008102017593766685,0
7.22,2472,0.0027739268827252244,0.006871928859395626,0.007352703143357341,0
7.15,2473,-0.009742596198818482,0.007427198986246373,0.006871928859395626,0
7.19,2474,0.005578815027038934,0.007651143328851864,0.007427198986246373,0
7.27,2475,0.011065119812472607,0.007411417475996604,0.007651143328851864,0
7.23,2476,-0.005517255374754517,0.00691914552259386,0.007411417475996604,0
7.21,2477,-0.0027700848738157124,0.0069697195055070955,0.00691914552259386,0
7.26,2478,0.00691087753984701,0.0071967747954663425,0.0069697195055070955,0
7.26,2479,0.0,0.006522192653036844,0.0071967747954663425,0
7.22,2480,-0.005524875931969916,0.006762982561092666,0.006522192653036844,0
7.24,2481,0.00276625349289011,0.006473481483496491,0.006762982561092666,0
7.31,2482,0.00962206736406203,0.007069225033405515,0.006473481483496491,0
7.35,2483,0.005457039463058117,0.0059987415072893634,0.007069225033405515,0
7.28,2484,-0.009569451016150672,0.007031281353601889,0.0059987415072893634,0
7.32,2485,0.0054794657646255705,0.006353605575144253,0.007031281353601889,0
7.14,2486,-0.0248975516217272,0.010229422527181307,0.006353605575144253,0
7.16,2487,0.002797204621061219,0.0102889840895153,0.010229422527181307,0
7.11,2488,-0.007007737157404688,0.010085039884289703,0.0102889840895153,0
7.13,2489,0.002808990611054952,0.010188242890151656,0.010085039884289703,0
7.12,2490,-0.0014035090023200867,0.010104141709172324,0.010188242890151656,0
7.16,2491,0.0056022555486697516,0.010272308019095597,0.010104141709172324,0
7.06,2492,-0.014064929467403665,0.01025332019255886,0.010272308019095597,0
7.07,2493,0.0014154284033307597,0.009936675582137419,0.01025332019255886,0
7.08,2494,0.0014134277971469427,0.009844983797709919,0.009936675582137419,0
6.99,2495,-0.01279335145990947,0.00983623718570209,0.009844983797709919,0
7.04,2496,0.00712761392423214,0.007413054953303905,0.00983623718570209,0
7.03,2497,-0.0014214643473774253,0.007265568810007319,0.007413054953303905,0
7.01,2498,-0.0028490047760748255,0.00705230989251893,0.007265568810007319,0
7.05,2499,0.005689915777678676,0.007298643795259967,0.00705230989251893,0
7.0,2500,-0.0071174677688639896,0.007542181850177654,0.007298643795259967,0
7.03,2501,0.004276556767260172,0.007410066374869103,0.007542181850177654,0
7.02,2502,-0.0014234877848538462,0.00604365367543423,0.007410066374869103,0
7.02,2503,0.0,0.0060085080485119575,0.00604365367543423,0
6.97,2504,-0.0071479932652871725,0.006276350919568557,0.0060085080485119575,0
6.97,2505,0.0,0.004882642828182387,0.006276350919568557,0
6.92,2506,-0.007199455142854344,0.0045564878262952645,0.004882642828182387,0
6.81,2507,-0.01602364946815729,0.00641230855538982,0.0045564878262952645,0
6.84,2508,0.004395611473038129,0.006848222389113227,0.00641230855538982,0
6.82,2509,-0.002928259779088334,0.006223079164061131,0.006848222389113227,0
6.82,2510,0.0,0.006146642144820429,0.006223079164061131,0
6.8,2511,-0.002936859673309825,0.0056527365993093315,0.006146642144820429,0
6.64,2512,-0.02381064869371856,0.008520858932793593,0.0056527365993093315,0
6.74,2513,0.014947961435873366,0.010650598782984766,0.008520858932793593,0
6.71,2514,-0.004460973940625228,0.01059809139238947,0.010650598782984766,0
6.66,2515,-0.007479466431292624,0.010563857449976488,0.01059809139238947,0
6.79,2516,0.01933145701830694,0.012898098919326764,0.010563857449976488,0
6.81,2517,0.002941178590816229,0.011949468891730824,0.012898098919326764,0
6.79,2518,-0.002941178590816151,0.011874597273110401,0.011949468891730824,0
6.79,2519,0.0,0.011850546978328606,0.011874597273110401,0
6.78,2520,-0.0014738396183005525,0.011853619525745202,0.011850546978328606,0
6.94,2521,0.02332467256640904,0.013991739905120676,0.011853619525745202,0
7.03,2522,0.012884931303860299,0.0109380677663171,0.013991739905120676,0
7.06,2523,0.004258345682577025,0.010445937644568,0.0109380677663171,0
7.03,2524,-0.00425834568257708,0.010426503864993011,0.010445937644568,0
6.98,2525,-0.007137789048292406,0.010382775208367752,0.010426503864993011,0
6.91,2526,-0.010079278994702668,0.009931160349746615,0.010382775208367752,0
6.88,2527,-0.004350985834326257,0.010100408879031176,0.009931160349746615,0
7.02,2528,0.020144566092467495,0.011618016498112088,0.010100408879031176,0
7.05,2529,0.004264398786457518,0.011560276751754922,0.011618016498112088,0
7.03,2530,-0.002840911001603641,0.011636846032992264,0.011560276751754922,0
7.17,2531,0.019718948788955425,0.010996739430419438,0.011636846032992264,0
7.07,2532,-0.014045174703047527,0.01165562386485922,0.010996739430419438,0
7.27,2533,0.02789581163694648,0.014529774793740203,0.01165562386485922,0
7.22,2534,-0.006901338640693157,0.014698146164733498,0.014529774793740203,0
7.22,2535,0.0,0.014338007788078793,0.014698146164733498,0
7.23,2536,0.0013840832659385552,0.013580553876076944,0.014338007788078793,0
7.36,2537,0.01782089657011149,0.01377854804718124,0.013580553876076944,0
7.36,2538,0.0,0.013055295421596478,0.01377854804718124,0
7.34,2539,-0.0027210901143607247,0.013268108426303417,0.013055295421596478,0
7.38,2540,0.005434795985956995,0.013048120476720354,0.013268108426303417,0
7.32,2541,-0.00816331063916087,0.012486812532142183,0.013048120476720354,0
7.26,2542,-0.008230499136515591,0.011767654971038068,0.012486812532142183,0
7.32,2543,0.008230499136515444,0.008175124504869714,0.011767654971038068,0
7.32,2544,0.0,0.00774340018772579,0.008175124504869714,0
7.24,2545,-0.010989121575595206,0.008683053928309868,0.00774340018772579,0
7.35,2546,0.0150791068271203,0.009875280347793747,0.008683053928309868,0
7.24,2547,-0.015079106827120192,0.009354498368374837,0.009875280347793747,0
7.14,2548,-0.013908430046132,0.010088124845857197,0.009354498368374837,0
7.19,2549,0.006978395381462498,0.010576117727109252,0.010088124845857197,0
7.24,2550,0.0069300346646696325,0.010703726422772565,0.010576117727109252,0
7.19,2551,-0.006930034664669632,0.010630592770144843,0.010703726422772565,0
7.1,2552,-0.012596387685685726,0.011007374721841937,0.010630592770144843,0
7.22,2553,0.0167601688574651,0.012176316339048457,0.011007374721841937,0
7.3,2554,0.011019395249610698,0.012797411473223316,0.012176316339048457,0
7.24,2555,-0.008253141756720414,0.012570095810406221,0.012797411473223316,0
7.28,2556,0.0055096558109697,0.011623181737476788,0.012570095810406221,0
7.23,2557,-0.0068918260379212575,0.010775328747634644,0.011623181737476788,0
7.31,2558,0.011004237591013778,0.010096428487364875,0.010775328747634644,0
7.35,2559,0.005457039463058117,0.010030233692426373,0.010096428487364875,0
7.34,2560,-0.0013614705983210744,0.009938149780901729,0.010030233692426373,0
7.34,2561,0.0,0.009528091403804489,0.009938149780901729,0
7.28,2562,-0.008207980417829509,0.008855097730605402,0.009528091403804489,0
7.3,2563,0.002743485945750834,0.007324813772181289,0.008855097730605402,0
7.27,2564,-0.004118056608917486,0.006573129289299539,0.007324813772181289,0
7.34,2565,0.009582551080996156,0.006628588578614628,0.006573129289299539,0
7.33,2566,-0.0013633267278640533,0.006507076980483378,0.006628588578614628,0
7.3,2567,-0.004101167744214678,0.006198582032385703,0.006507076980483378,0
7.31,2568,0.0013689256073417405,0.005119314287536294,0.006198582032385703,0
7.33,2569,0.0027322421368730716,0.00486266758428622,0.005119314287536294,0
7.36,2570,0.004084416842224855,0.005029255544359093,0.00486266758428622,0
7.4,2571,0.005420067469339113,0.005282365019647623,0.005029255544359093,0
7.37,2572,-0.004062294008878904,0.004616310492067617,0.005282365019647623,0
7.36,2573,-0.0013577734604603596,0.004648847057733282,0.004616310492067617,0
7.36,2574,0.0,0.004334743889618655,0.004648847057733282,0
7.27,2575,-0.012303641195356955,0.005105767685077992,0.004334743889618655,0
7.25,2576,-0.0027548226788445085,0.005136900479286386,0.005105767685077992,0
7.24,2577,-0.0013802624689583467,0.005031090033914826,0.005136900479286386,0
7.23,2578,-0.0013821702269516474,0.00497265131574421,0.005031090033914826,0
7.26,2579,0.004140792666031387,0.005111294359415672,0.00497265131574421,0
7.24,2580,-0.00275862243907964,0.004810175045533631,0.005111294359415672,0
7.23,2581,-0.0013821702269516474,0.0041336323858533405,0.004810175045533631,0
7.24,2582,0.0013821702269516739,0.004236522586802071,0.0041336323858533405,0
7.2,2583,-0.005540180375615356,0.0043937767726580385,0.004236522586802071,0
7.19,2584,-0.0013898542890543016,0.004338157556273852,0.0043937767726580385,0
7.13,2585,-0.00837993730675081,0.003415961486830962,0.004338157556273852,0
7.26,2586,0.01806859441050007,0.007161046082111736,0.003415961486830962,0
7.29,2587,0.004123717183862156,0.007242455657767735,0.007161046082111736,0
7.24,2588,-0.006882339622941789,0.007616358857068082,0.007242455657767735,0
7.23,2589,-0.0013821702269516474,0.007493115016491165,0.007616358857068082,0
7.18,2590,-0.006939653110540591,0.007750692323275913,0.007493115016491165,0
7.16,2591,-0.0027894020875785254,0.007774525892954272,0.007750692323275913,0
7.18,2592,0.0027894020875785922,0.00783439583113838,0.007774525892954272,0
7.26,2593,0.011080445776571959,0.008462471164658874,0.00783439583113838,0
7.27,2594,0.0013764627087232354,0.008426987360242165,0.008462471164658874,0
7.35,2595,0.01094402167931721,0.008223066348884886,0.008426987360242165,0
7.33,2596,-0.0027247973261851424,0.006434815788648714,0.008223066348884886,0
7.31,2597,-0.002732242136873062,0.006425460657899856,0.006434815788648714,0
7.31,2598,0.0,0.005922691731188019,0.006425460657899856,0
7.27,2599,-0.005486982216259193,0.006237124361775212,0.005922691731188019,0
7.15,2600,-0.016643934839511557,0.00802958526743758,0.006237124361775212,0
7.06,2601,-0.012667305200765686,0.00891265584575228,0.00802958526743758,0
7.02,2602,-0.005681833467430946,0.008872026739949381,0.00891265584575228,0
7.08,2603,0.00851068966790861,0.008471051568548337,0.008872026739949381,0
7.12,2604,0.005633817718256064,0.008789122957374471,0.008471051568548337,0
7.11,2605,-0.0014054816087348096,0.007532868709519741,0.008789122957374471,0
7.13,2606,0.002808990611054952,0.007780622947441113,0.007532868709519741,0
7.13,2607,0.0,0.00782977424361142,0.007780622947441113,0
7.18,2608,0.006988148633928163,0.008370217313486025,0.00782977424361142,0
7.21,2609,0.004169568236724831,0.00845349031679529,0.008370217313486025,0
7.21,2610,0.0,0.00637719594777866,0.00845349031679529,0
7.15,2611,-0.008356594590941418,0.005439841814755764,0.00637719594777866,0
7.18,2612,0.004187026354216453,0.0049084174591383,0.005439841814755764,0
7.16,2613,-0.0027894020875785254,0.004598851572911981,0.0049084174591383,0
7.19,2614,0.0041811907604011106,0.004461448796537436,0.004598851572911981,0
7.19,2615,0.0,0.0043997186917385,0.004461448796537436,0
7.19,2616,0.0,0.004369390609854745,0.0043997186917385,0
7.21,2617,0.0027777795639023694,0.004398397414828831,0.004369390609854745,0
7.18,2618,-0.004169568236724892,0.004151487563330037,0.004398397414828831,0
7.23,2619,0.0069396531105406205,0.004535291120013659,0.004151487563330037,0
7.21,2620,-0.0027700848738157124,0.004637534032440921,0.004535291120013659,0
7.18,2621,-0.004169568236724892,0.003935027943889103,0.004637534032440921,0
7.21,2622,0.004169568236724831,0.00393317376658701,0.003935027943889103,0
7.25,2623,0.005532517569725698,0.004057797603299011,0.00393317376658701,0
7.27,2624,0.002754822678844462,0.003967342010511089,0.004057797603299011,0
7.39,2625,0.016371443414682368,0.006206175872200133,0.003967342010511089,0
7.54,2626,0.020094447059754328,0.008163558452930517,0.006206175872200133,0
7.53,2627,-0.0013271402080624634,0.008374402675243671,0.008163558452930517,0
7.68,2628,0.019724505347778573,0.009056786759978827,0.008374402675243671,0
7.59,2629,-0.01178795575204224,0.01078116876910797,0.009056786759978827,0
7.49,2630,-0.013262793878410445,0.012042953429091842,0.01078116876910797,0
7.56,2631,0.00930239266231341,0.011802252397242778,0.012042953429091842,0
7.46,2632,-0.013315775975772062,0.013179695996483831,0.011802252397242778,0
7.48,2633,0.0026773777707163942,0.013159484206185424,0.013179695996483831,0
7.6,2634,0.015915455305899363,0.0137628157311086,0.013159484206185424,0
7.68,2635,0.010471299867295437,0.013313578890782865,0.0137628157311086,0
7.76,2636,0.010362787035546658,0.012312190543261584,0.013313578890782865,0
8.07,2637,0.039171148086730126,0.01666656447549641,0.012312190543261584,0
7.96,2638,-0.01372448242556579,0.017161701925342214,0.01666656447549641,1
7.7,2639,-0.03320867099665346,0.020336349937482696,0.017161701925342214,1
7.67,2640,-0.0039037134804734033,0.019792672964668554,0.020336349937482696,1
7.62,2641,-0.0065402456806098784,0.019810592371690822,0.019792672964668554,1
7.69,2642,0.009144413818997832,0.019300230759506404,0.019810592371690822,1
7.67,2643,-0.002604168138387855,0.01938323803926591,0.019300230759506404,1
7.61,2644,-0.007853443505570287,0.019010263386501018,0.01938323803926591,1
7.68,2645,0.009156375285986241,0.018935196552539463,0.019010263386501018,1
7.54,2646,-0.018397365139716057,0.01936559397481134,0.018935196552539463,1
7.54,2647,0.0,0.01274583028692839,0.01936559397481134,1
7.45,2648,-0.012008149628396496,0.01265334347939821,0.01274583028692839,0
7.29,2649,-0.021710486370901425,0.0102661409994037,0.01265334347939821,0
7.31,2650,0.0027397277411202693,0.010588767651165449,0.0102661409994037,0
7.32,2651,0.0013670542115330967,0.010739157600041606,0.010588767651165449,0
7.41,2652,0.012220111334775397,0.01119244833705,0.010739157600041606,0
7.37,2653,-0.005412733106750335,0.011196880289662394,0.01119244833705,0
7.35,2654,-0.0027173929765000266,0.011117481054115825,0.011196880289662394,0
7.28,2655,-0.009569451016150672,0.010300282313475734,0.011117481054115825,0
7.35,2656,0.009569451016150672,0.010159511435110296,0.010300282313475734,0
7.41,2657,0.008130126083250309,0.010697503918384794,0.010159511435110296,0
7.38,2658,-0.00405680069561443,0.010129859344893105,0.010697503918384794,0
7.46,2659,0.010781775603288413,0.007631813244325903,0.010129859344893105,0
7.57,2660,0.014637653233688045,0.00857610374825832,0.007631813244325903,0
7.56,2661,-0.0013218772579158245,0.008691611578927403,0.00857610374825832,0
7.43,2662,-0.017345331461773847,0.010191370006886741,0.008691611578927403,0
7.46,2663,0.004029555486001642,0.010042741847207205,0.010191370006886741,0
7.4,2664,-0.008075414005545307,0.010411927140871862,0.010042741847207205,0
7.45,2665,0.0067340321813441194,0.009892533541027055,0.010411927140871862,0
7.43,2666,-0.002688173661800414,0.009649271098838012,0.009892533541027055,0
7.34,2667,-0.012187016103243565,0.010127577909474926,0.009649271098838012,0
7.29,2668,-0.006835296605857366,0.010259562911167645,0.010127577909474926,0
7.27,2669,-0.002747254475138807,0.009351912735496765,0.010259562911167645,0
7.16,2670,-0.015246310572873638,0.007900860721768406,0.009351912735496765,0
7.19,2671,0.0041811907604011106,0.008405055255961044,0.007900860721768406,0
7.21,2672,0.0027777795639023694,0.00748421878425684,0.008405055255961044,0
7.18,2673,-0.004169568236724892,0.00706524463386056,0.00748421878425684,0
7.24,2674,0.008321823337492278,0.007830646867062597,0.00706524463386056,0
7.32,2675,0.010989121575595165,0.008459554247271727,0.007830646867062597,0
7.28,2676,-0.005479465764625596,0.008539244323888454,0.008459554247271727,0
7.25,2677,-0.004129393342011178,0.007825679094851315,0.008539244323888454,0
7.21,2678,-0.005532517569725667,0.0077323533983082605,0.007825679094851315,0
7.22,2679,0.001386001607877153,0.007745181839635167,0.0077323533983082605,0
7.22,2680,0.0,0.005823702347829886,0.007745181839635167,0
7.28,2681,0.008275909303859881,0.006215904025587566,0.005823702347829886,0
7.25,2682,-0.004129393342011178,0.006407345702935147,0.006215904025587566,0
7.4,2683,0.0204785313435407,0.008714263959677846,0.006407345702935147,0
7.44,2684,0.005390848634876373,0.008564051068783812,0.008714263959677846,0
7.42,2685,-0.0026917916657115256,0.008181380933906754,0.008564051068783812,0
7.39,2686,-0.0040513222191786895,0.008060355895943158,0.008181380933906754,0
7.41,2687,0.002702704347885073,0.007816058825845759,0.008060355895943158,0
7.42,2688,0.001348617871293463,0.0073503618709129925,0.007816058825845759,0
7.12,2689,-0.04127133175540461,0.015813590159682832,0.0073503618709129925,0
7.13,2690,0.0014035090023200904,0.01583355989058525,0.015813590159682832,0
7.27,2691,0.019445057119223372,0.016936087977120706,0.01583355989058525,0
7.29,2692,0.0027472544751389236,0.016895551224597696,0.016936087977120706,1
7.37,2693,0.010914160180678553,0.015882424140286344,0.016895551224597696,1
7.5,2694,0.01748531434101955,0.0168065337254814,0.015882424140286344,0
7.6,2695,0.013245226750020503,0.017189550581772035,0.0168065337254814,1
7.6,2696,0.0,0.017068001013715115,0.017189550581772035,1
7.48,2697,-0.015915455305899457,0.01806630233884345,0.017068001013715115,1
7.56,2698,0.010638398205055577,0.018326602121650444,0.01806630233884345,1
7.58,2699,0.0026420094628387975,0.010378565199260581,0.018326602121650444,1
7.52,2700,-0.007947061692531945,0.011249462000401566,0.010378565199260581,0
7.52,2701,0.0,0.01016607219521516,0.011249462000401566,0
7.55,2702,0.003981425299184822,0.01016501523309766,0.01016607219521516,0
7.42,2703,-0.017368506081644253,0.011693923640506892,0.01016501523309766,0
7.23,2704,-0.025940021008615706,0.012771608856357107,0.011693923640506892,0
7.1,2705,-0.01814425212340374,0.011986572012567307,0.012771608856357107,0
7.17,2706,0.00981087056425924,0.012966888534893724,0.011986572012567307,0
7.14,2707,-0.004192878260036038,0.012473746072572699,0.012966888534893724,0
7.1,2708,-0.005617992304223261,0.011259854249784226,0.012473746072572699,0
7.07,2709,-0.004234304138788232,0.010857386411075212,0.011259854249784226,0
6.96,2710,-0.015681005562153204,0.011204980386992792,0.010857386411075212,0
7.01,2711,0.007158226700170449,0.011957660093214865,0.011204980386992792,0
7.02,2712,0.0014255169912209468,0.01172129263644097,0.011957660093214865,0
6.99,2713,-0.004282661792000736,0.011187987048238462,0.01172129263644097,0
7.05,2714,0.008547060578458348,0.009542516423025693,0.011187987048238462,0
7.15,2715,0.014084739881739023,0.009112503763246243,0.009542516423025693,0
7.07,2716,-0.01125187679743492,0.009206815187738948,0.009112503763246243,0
7.03,2717,-0.005673774085907825,0.009268352988183178,0.009206815187738948,0
6.98,2718,-0.007137789048292406,0.009354483336809096,0.009268352988183178,0
7.01,2719,0.004288784272217499,0.009485743388178916,0.009354483336809096,0
7.11,2720,0.01416454276865085,0.008983639519909107,0.009485743388178916,0
7.04,2721,-0.009894073645198542,0.009525677894496237,0.008983639519909107,0
7.09,2722,0.007077170374085079,0.009756365073969897,0.009525677894496237,0
7.04,2723,-0.007077170374085087,0.009962092858353533,0.009756365073969897,0
7.0,2724,-0.005698021114637778,0.009733215184433357,0.009962092858353533,0
7.04,2725,0.005698021114637796,0.00861352103933014,0.009733215184433357,0
7.06,2726,0.0028368813351995355,0.007979247407827525,0.00861352103933014,0
7.05,2727,-0.0014174346809733935,0.007761916842860972,0.007979247407827525,0
7.11,2728,0.008474626990972236,0.007672838077427343,0.007761916842860972,0
7.12,2729,0.0014054816087349464,0.007624840016224222,0.007672838077427343,0
7.07,2730,-0.007047245515402944,0.006610872197288484,0.007624840016224222,0
7.13,2731,0.00845075451772303,0.006270755805502127,0.006610872197288484,0
7.13,2732,0.0,0.005932835005279506,0.006270755805502127,0
7.1,2733,-0.004216450378934915,0.005582131221636229,0.005932835005279506,0
7.18,2734,0.011204599012863062,0.005927883605576922,0.005582131221636229,0
7.16,2735,-0.0027894020875785254,0.006032004966557667,0.005927883605576922,0
7.15,2736,-0.0013976242666379726,0.006090906444726014,0.006032004966557667,0
7.13,2737,-0.002801122279711779,0.006173811143340987,0.006090906444726014,0
7.1,2738,-0.004216450378934915,0.005788269322841536,0.006173811143340987,0
7.03,2739,-0.009908078224696075,0.006512781038236079,0.005788269322841536,0
7.01,2740,-0.0028490047760748255,0.0062282391710343915,0.006512781038236079,0
7.02,2741,0.0014255169912209468,0.005403961611728059,0.0062282391710343915,0
7.14,2742,0.016949558313773205,0.007986727784449634,0.005403961611728059,0
7.1,2743,-0.005617992304223261,0.008083386268109996,0.007986727784449634,0
7.07,2744,-0.004234304138788232,0.007122893618337081,0.008083386268109996,0
7.09,2745,0.002824860635554619,0.007234202806307472,0.007122893618337081,0
7.05,2746,-0.005657723719858837,0.007385225961231146,0.007234202806307472,0
6.84,2747,-0.030239885189718235,0.011761029311017152,0.007385225961231146,0
6.87,2748,0.004376374599799003,0.01206578113333718,0.011761029311017152,0
6.83,2749,-0.005839432651559328,0.011885181681519964,0.01206578113333718,0
6.82,2750,-0.0014652017273278806,0.011893715720991528,0.011885181681519964,0
6.93,2751,0.016000341346441117,0.013274782315387425,0.011893715720991528,0
6.96,2752,0.00431966114451638,0.011873431543515734,0.013274782315387425,0
6.99,2753,0.004301081899390702,0.01200258026743864,0.011873431543515734,0
6.8,2754,-0.027557944063657906,0.014571025296947508,0.01200258026743864,0
6.82,2755,0.0029368596733097057,0.014576805233482851,0.014571025296947508,0
6.86,2756,0.00584796988242312,0.014872210411283468,0.014576805233482851,0
6.94,2757,0.011594332780919227,0.011851840605273174,0.014872210411283468,0
6.89,2758,-0.007230689493146059,0.012099339004071579,0.011851840605273174,0
6.94,2759,0.007230689493145981,0.012069466585886963,0.012099339004071579,0
6.91,2760,-0.004332136739134681,0.012183814108212523,0.012069466585886963,0
6.9,2761,-0.0014482261763647637,0.011042341962139976,0.012183814108212523,0
6.93,2762,0.004338401598598141,0.011043239891492883,0.011042341962139976,0
6.88,2763,-0.0072411612565595855,0.011096643050863022,0.011043239891492883,0
6.88,2764,0.0,0.006326833227155958,0.011096643050863022,0
6.88,2765,0.0,0.006303805151097292,0.006326833227155958,0
6.96,2766,0.011560822401076006,0.0070223757304217595,0.006303805151097292,0
6.93,2767,-0.004319661144516395,0.006225314051872761,0.0070223757304217595,0
6.86,2768,-0.010152371464017962,0.006648996400182552,0.006225314051872761,0
6.91,2769,0.007262196041784696,0.006653039375365079,0.006648996400182552,0
6.96,2770,0.00720983656674975,0.006898142241895726,0.006653039375365079,0
6.94,2771,-0.002877699827615058,0.006962598569286067,0.006898142241895726,0
6.93,2772,-0.0014419613169014062,0.006854834409908813,0.006962598569286067,0
6.95,2773,0.00288184637488895,0.006398974630705845,0.006854834409908813,0
6.9,2774,-0.00722024797348702,0.00691261965703825,0.006398974630705845,0
6.87,2775,-0.004357305368955813,0.007068521264693578,0.00691261965703825,0
6.82,2776,-0.00730463437888722,0.006039704967445884,0.007068521264693578,0
6.85,2777,0.004389180418763187,0.006295643127535209,0.006039704967445884,0
6.85,2778,0.0,0.005445839944388131,0.006295643127535209,0
6.81,2779,-0.005856532112712983,0.005026998618748839,0.005445839944388131,0
6.71,2780,-0.014793169177830577,0.005594933025737449,0.005026998618748839,0
6.61,2781,-0.015015297119995443,0.006628016397575705,0.005594933025737449,0
6.61,2782,0.0,0.00672588832380585,0.006628016397575705,0
6.67,2783,0.0090362060639373,0.00770922556089534,0.00672588832380585,0
6.72,2784,0.0074682946075257444,0.008417979468577478,0.00770922556089534,0
6.71,2785,-0.0014892035514677455,0.008401938108848022,0.008417979468577478,0
6.71,2786,0.0,0.008239920393032656,0.008401938108848022,0
6.64,2787,-0.010486987495247962,0.008375027096317753,0.008239920393032656,0
6.57,2788,-0.010598130991823248,0.008604649330860348,0.008375027096317753,0
6.58,2789,0.0015209128407067448,0.008759190196914086,0.008604649330860348,0
6.56,2790,-0.0030441423812282435,0.007802199441269132,0.008759190196914086,0
6.53,2791,-0.004583659667657928,0.006495350007244976,0.007802199441269132,0
6.57,2792,0.006106889208179481,0.006897207133253824,0.006495350007244976,0
6.58,2793,0.0015209128407067448,0.006092181613344929,0.006897207133253824,0
6.58,2794,0.0,0.00529557044354623,0.006092181613344929,0
6.56,2795,-0.0030441423812282435,0.005298296753087424,0.00529557044354623,0
6.6,2796,0.0060790460763821925,0.005900981983318204,0.005298296753087424,0
6.68,2797,0.012048338516174574,0.006431643987004206,0.005900981983318204,0
6.62,2798,-0.00902261759963742,0.006139497886603885,0.006431643987004206,0
6.6,2799,-0.0030257209165370676,0.006244193986439553,0.006139497886603885,0
6.64,2800,0.006042314455962662,0.00636291961234527,0.006244193986439553,0
6.62,2801,-0.0030165935394255677,0.0062220579861133425,0.00636291961234527,0
6.68,2802,0.009022617599637552,0.0065294809112748054,0.0062220579861133425,0
6.59,2803,-0.013564639034138473,0.008115366260865809,0.0065294809112748054,0
6.61,2804,0.0030303053491790633,0.008165487228601616,0.008115366260865809,0
6.57,2805,-0.006069821367075834,0.008363211755260462,0.008165487228601616,0
6.53,2806,-0.00610688920817945,0.008291171917012135,0.008363211755260462,0
6.5,2807,-0.004604766386748289,0.006924089804135299,0.008291171917012135,0
6.51,2808,0.0015372793188863979,0.0066581784507571806,0.006924089804135299,0
6.59,2809,0.012213892293937998,0.007936220680481389,0.0066581784507571806,0
6.53,2810,-0.009146405226076147,0.008071373967549972,0.007936220680481389,0
6.56,2811,0.004583659667657893,0.008285528821531848,0.008071373967549972,0
6.59,2812,0.004562745558418237,0.007797083816262321,0.008285528821531848,0
6.59,2813,0.0,0.006511111489229198,0.007797083816262321,0
6.62,2814,0.004542021434500986,0.006606140536370463,0.006511111489229198,0
6.71,2815,0.013503581034673525,0.007409034356027448,0.006606140536370463,0
6.77,2816,0.008902135940593251,0.007072462568015853,0.007409034356027448,0
6.87,2817,0.01466301931007449,0.007209270276926118,0.007072462568015853,0
6.9,2818,0.004357305368955847,0.007089627888947166,0.007209270276926118,0
6.83,2819,-0.010196738020515093,0.008284623891593994,0.007089627888947166,0
6.83,2820,0.0,0.007151198259354357,0.008284623891593994,0
6.8,2821,-0.004402061400637764,0.007683129124581226,0.007151198259354357,0
6.84,2822,0.005865119452398058,0.007712372725649652,0.007683129124581226,0
6.89,2823,0.007283353391108094,0.007665438426102025,0.007712372725649652,0
7.0,2824,0.015839064029746167,0.008470408862912969,0.007665438426102025,0
6.94,2825,-0.008608374536600164,0.00903959668097498,0.008470408862912969,0
6.96,2826,0.002877699827614974,0.008828241449274712,0.00903959668097498,0
7.12,2827,0.02272825107755609,0.010284068408567,0.008828241449274712,0
7.1,2828,-0.0028129413766147236,0.010471665294675182,0.010284068408567,0
7.24,2829,0.019526422350355236,0.010572526542344826,0.010471665294675182,0
7.21,2830,-0.004152255100767307,0.010903283770011171,0.010572526542344826,0
7.28,2831,0.00966191091173689,0.01039140934921428,0.010903283770011171,0
7.1,2832,-0.025036078161325002,0.014492499972478142,0.01039140934921428,0
7.14,2833,0.005617992304223274,0.014456663976239159,0.014492499972478142,0
7.1,2834,-0.005617992304223261,0.01401806262236407,0.014456663976239159,0
7.15,2835,0.00701757265864654,0.013642051967554782,0.01401806262236407,0
7.11,2836,-0.005610112890766788,0.013910601387153249,0.013642051967554782,0
7.07,2837,-0.005641763906668126,0.012006013605926336,0.013910601387153249,0
7.16,2838,0.012649501064072744,0.012681050234018065,0.012006013605926336,0
7.12,2839,-0.005602255548669898,0.010936853712057581,0.012681050234018065,0
7.14,2840,0.0028050509276084604,0.010982692242416199,0.010936853712057581,0
7.12,2841,-0.0028050509276086096,0.010329155404678866,0.010982692242416199,0
7.11,2842,-0.0014054816087348096,0.0065369200849563535,0.010329155404678866,0
7.1,2843,-0.0014074597678798285,0.006254269064572607,0.0065369200849563535,0
7.04,2844,-0.008486613877318694,0.006569776197809827,0.006254269064572607,0
7.04,2845,0.0,0.005984940258501264,0.006569776197809827,0
7.09,2846,0.007077170374085079,0.006361630194179462,0.005984940258501264,0
7.09,2847,0.0,0.006077271493137629,0.006361630194179462,0
7.01,2848,-0.011347639497537391,0.005345086468920447,0.006077271493137629,0
7.03,2849,0.002849004776074871,0.0054006708943391156,0.005345086468920447,0
7.1,2850,0.009908078224696077,0.006375588588057633,0.0054006708943391156,0
7.04,2851,-0.008486613877318694,0.006834354898055029,0.006375588588057633,0
7.06,2852,0.0028368813351995355,0.0069461082435040055,0.006834354898055029,0
7.15,2853,0.012667305200765635,0.008115631141017689,0.0069461082435040055,0
7.17,2854,0.0027932979056126536,0.007453529785375115,0.008115631141017689,0
7.17,2855,0.0,0.007453529785375115,0.007453529785375115,0
7.13,2856,-0.0055944201853244365,0.0075389498130342385,0.007453529785375115,0
7.23,2857,0.013927801744468804,0.008630925706214149,0.0075389498130342385,0
7.27,2858,0.005517255374754659,0.00728552918456953,0.008630925706214149,0
7.23,2859,-0.005517255374754517,0.007845534807534135,0.00728552918456953,0
7.28,2860,0.006891826037921258,0.00759613792662089,0.007845534807534135,0
7.26,2861,-0.002751033371889982,0.006854425945430087,0.00759613792662089,0
7.27,2862,0.0013764627087232354,0.006875639507157071,0.006854425945430087,0
7.24,2863,-0.004135085147802879,0.006257225361581319,0.006875639507157071,0
7.13,2864,-0.015309971971420418,0.00810682791743895,0.006257225361581319,0
7.3,2865,0.023563113728140902,0.011143252155798838,0.00810682791743895,0
7.26,2866,-0.005494519317640702,0.011135931868195606,0.011143252155798838,0
7.34,2867,0.010959013789719602,0.010811743223946043,0.011135931868195606,0
7.33,2868,-0.0013633267278640533,0.010747131541666465,0.010811743223946043,0
7.34,2869,0.0013633267278641253,0.01051391263283607,0.010747131541666465,0
7.29,2870,-0.006835296605857366,0.010628667903503109,0.01051391263283607,0
7.34,2871,0.006835296605857438,0.01077058110195363,0.010628667903503109,0
7.36,2872,0.0027210901143608075,0.0107828592216419,0.01077058110195363,0
7.41,2873,0.006770506567210707,0.010731275249777671,0.0107828592216419,0
7.42,2874,0.001348617871293463,0.008811535777964622,0.010731275249777671,0
7.42,2875,0.0,0.005537028001456145,0.008811535777964622,0
7.7,2876,0.037041271680349076,0.01200998698449479,0.005537028001456145,0
7.85,2877,0.01929320293467885,0.012672202037704534,0.01200998698449479,0
7.82,2878,-0.0038289772370972393,0.012869354923583381,0.012672202037704534,0
7.8,2879,-0.002560820861673704,0.013100158944096838,0.012869354923583381,0
7.8,2880,0.0,0.012516822101404696,0.013100158944096838,0
7.94,2881,0.017789541563498455,0.01299418186377372,0.012516822101404696,0
7.96,2882,0.002515724597247149,0.013003360582371242,0.01299418186377372,0
7.88,2883,-0.010101095986503933,0.014196854550572544,0.013003360582371242,0
7.89,2884,0.0012682309879951483,0.014199897587828754,0.014196854550572544,0
8.02,2885,0.01634228702064021,0.014354085875239418,0.014199897587828754,0
8.16,2886,0.017305747097592646,0.010800032841453845,0.014354085875239418,0
8.32,2887,0.019418085857101516,0.010817424043048864,0.010800032841453845,0
8.42,2888,0.011947573421117982,0.010396934378841493,0.010817424043048864,0
8.53,2889,0.012979533249352325,0.009893103284589769,0.010396934378841493,0
8.52,2890,-0.0011730206623633988,0.010017145407976906,0.009893103284589769,0
8.44,2891,-0.009434032233358642,0.010965794081312584,0.010017145407976906,0
8.54,2892,0.011778699192612705,0.011019831578640595,0.010965794081312584,0
8.54,2893,0.0,0.00965291415652669,0.011019831578640595,0
8.49,2894,-0.005872007477222442,0.010441609259600852,0.00965291415652669,0
8.4,2895,-0.01065729447398798,0.011306979233815503,0.010441609259600852,0
8.34,2896,-0.007168489478612628,0.010899684523998004,0.011306979233815503,0
8.28,2897,-0.007220247973487132,0.009366503899503891,0.010899684523998004,0
8.32,2898,0.004819286435948922,0.00855122908581881,0.009366503899503891,0
8.29,2899,-0.003612285685913772,0.006956346054480153,0.00855122908581881,0
8.25,2900,-0.0048367688006138825,0.0069544595976557926,0.006956346054480153,0
8.31,2901,0.007246408520767253,0.0072907769131581425,0.0069544595976557926,0
8.15,2902,-0.019441681614585496,0.007624842032056006,0.0072907769131581425,0
8.11,2903,-0.00492005912544987,0.0074463599141707795,0.007624842032056006,0
8.13,2904,0.0024630554323978138,0.007815912760224437,0.0074463599141707795,0
8.14,2905,0.0012292564547296896,0.00764929078285247,0.007815912760224437,0
8.1,2906,-0.004926118336056001,0.007550438817191909,0.00764929078285247,0
8.09,2907,-0.0012353306079927434,0.007407542551793931,0.007550438817191909,0
8.22,2908,0.015941477997688403,0.009213629416954947,0.007407542551793931,0
8.2,2909,-0.0024360547978813383,0.009187012052251269,0.009213629416954947,0
8.17,2910,-0.0036652453982958058,0.009141303002438766,0.009187012052251269,0
8.15,2911,-0.002450981619140074,0.008674771101194904,0.009141303002438766,0
8.2,2912,0.006116227017436054,0.006418300285178029,0.008674771101194904,0
8.21,2913,0.0012187691941296472,0.006116932861316054,0.006418300285178029,0
8.22,2914,0.0012172856037517249,0.006101594984897371,0.006116932861316054,0
8.23,2915,0.0012158056208899498,0.006101565034529494,0.006101594984897371,0
8.28,2916,0.006056953708189683,0.005880906139187102,0.006101565034529494,0
8.53,2917,0.02974639310641934,0.010340920713140585,0.005880906139187102,0
8.53,2918,0.0,0.009728092898017645,0.010340920713140585,0
8.5,2919,-0.0035231980073169053,0.00981003749066748,0.009728092898017645,0
8.34,2920,-0.019002947125615358,0.012020851672133109,0.00981003749066748,0
8.43,2921,0.010733555643108633,0.012192991133132054,0.012020851672133109,0
8.64,2922,0.024605810802200194,0.013932221488067083,0.012192991133132054,0
8.69,2923,0.00577035646133636,0.013860897109980114,0.013932221488067083,0
8.6,2924,-0.010410736017838575,0.014737109788377955,0.013860897109980114,0
8.84,2925,0.027524673390089936,0.016342736796321273,0.014737109788377955,0
8.88,2926,0.004514680354526834,0.016361465495854377,0.016342736796321273,0
8.86,2927,-0.002254792387089316,0.014433210666496868,0.016361465495854377,0
9.04,2928,0.02011240978709547,0.015225100936782053,0.014433210666496868,0
8.77,2929,-0.030322368019993363,0.018952253959551694,0.015225100936782053,0
8.73,2930,-0.004571436532580766,0.017579641101195444,0.018952253959551694,1
8.58,2931,-0.017331456351639976,0.01869143000606703,0.017579641101195444,1
8.59,2932,0.0011648224962931065,0.016891731374481717,0.01869143000606703,1
8.55,2933,-0.004667453047495058,0.016777805204990868,0.016891731374481717,1
8.52,2934,-0.003514942107444608,0.01651621676700007,0.016777805204990868,1
8.33,2935,-0.02255288466247297,0.01438252771945337,0.01651621676700007,0
8.53,2936,0.023725905324836313,0.016982547906388847,0.01438252771945337,0
8.39,2937,-0.01654884102447278,0.017413441337001526,0.016982547906388847,1
8.4,2938,0.0011911853701530104,0.015216566626475268,0.017413441337001526,1
8.57,2939,0.02003602676042042,0.015099052812242495,0.015216566626475268,0
8.47,2940,-0.011737223945725307,0.015385781639049243,0.015099052812242495,0
8.38,2941,-0.010682594169971285,0.014832485657144371,0.015385781639049243,0
8.24,2942,-0.016847570572611357,0.015438389424726574,0.014832485657144371,0
8.31,2943,0.008459264945976543,0.01594033269401425,0.015438389424726574,0
8.38,2944,0.00838830562663482,0.016324722417809405,0.01594033269401425,0
8.53,2945,0.017741447009595842,0.01554832899337598,0.016324722417809405,0
8.58,2946,0.005844551996283225,0.01374316393490496,0.01554832899337598,0
8.59,2947,0.0011648224962931065,0.012361591922108308,0.01374316393490496,0
8.57,2948,-0.0023310033864754783,0.012448337518813232,0.012361591922108308,0
8.74,2949,0.019642457057755566,0.012385454455709002,0.012448337518813232,0
8.85,2950,0.012507269352393961,0.011762656871755336,0.012385454455709002,0
9.02,2951,0.019026875054694206,0.011274889356130795,0.011762656871755336,0
8.91,2952,-0.012270092591814247,0.01022714351052544,0.011274889356130795,0
8.96,2953,0.005595985504121247,0.010247237978213405,0.01022714351052544,0
9.01,2954,0.005564844633407286,0.010259883719703844,0.010247237978213405,0
9.0,2955,-0.0011104942840271764,0.009841106182857539,0.010259883719703844,0
8.88,2956,-0.013423020332140548,0.011485281260322125,0.009841106182857539,0
8.88,2957,0.0,0.011516746834865008,0.011485281260322125,0
8.82,2958,-0.006779686985378804,0.011840666217330308,0.011516746834865008,0
8.55,2959,-0.031090587070031005,0.014441389903421595,0.011840666217330308,0
8.43,2960,-0.014134510934904919,0.013873421461198708,0.014441389903421595,0
8.39,2961,-0.004756251534649153,0.011080574894093899,0.013873421461198708,0
8.25,2962,-0.016827320132525293,0.01139954593405526,0.011080574894093899,0
8.32,2963,0.008449054486527663,0.011797925086310265,0.01139954593405526,0
8.32,2964,0.0,0.01123573273820763,0.011797925086310265,0
8.43,2965,0.013134517180646763,0.012970708701797461,0.01123573273820763,0
8.38,2966,-0.005948857519772285,0.012743548659389562,0.012970708701797461,0
8.5,2967,0.014218249002278954,0.014174801194331071,0.012743548659389562,0
8.25,2968,-0.02985296314968116,0.016324823577329367,0.014174801194331071,0
8.47,2969,0.026317308317373576,0.01687199281785381,0.016324823577329367,0
8.35,2970,-0.014268969801199008,0.016883725771091537,0.01687199281785381,1
8.32,2971,-0.0035992840296467615,0.016858717539490444,0.016883725771091537,1
8.52,2972,0.023754086008107057,0.01745585040634015,0.016858717539490444,1
8.51,2973,-0.0011743982559415578,0.01740074425642371,0.01745585040634015,1
8.63,2974,0.014002562510053926,0.017758575360211803,0.01740074425642371,1
9.09,2975,0.051930403094050885,0.02340036556090163,0.017758575360211803,1
9.49,2976,0.043063704432448974,0.02531615529956903,0.02340036556090163,1
9.84,2977,0.036217098442325554,0.026419697411038338,0.02531615529956903,1
9.87,2978,0.003044142381228052,0.021930928595161433,0.026419697411038338,1
10.13,2979,0.02600146481520193,0.021917728608109803,0.021930928595161433,1
10.5,2980,0.03587393890288553,0.019323454133020827,0.021917728608109803,1
9.91,2981,-0.057830908821581,0.03141648013143405,0.019323454133020827,1
10.31,2982,0.039569949686972014,0.03215636260910695,0.03141648013143405,1
10.16,2983,-0.014655855878532747,0.033359493271946046,0.03215636260910695,1
10.4,2984,0.023347363996991107,0.03337461882894622,0.033359493271946046,1
10.25,2985,-0.014528100562909856,0.03262093616931458,0.03337461882894622,1
10.34,2986,0.008742163495865894,0.030742113479101822,0.03262093616931458,1
10.22,2987,-0.011673284304724621,0.029669579973496375,0.030742113479101822,1
10.15,2988,-0.006872879287762064,0.02986235765112343,0.029669579973496375,1
10.16,2989,0.0009847366625395598,0.02872884024373411,0.02986235765112343,1
10.13,2990,-0.0029571238897437044,0.025867401093462177,0.02872884024373411,1
10.18,2991,0.004923692861784521,0.017506721364241192,0.025867401093462177,1
10.14,2992,-0.003937012959339531,0.011797835995394607,0.017506721364241192,1
10.08,2993,-0.005934735519814578,0.01102785150901908,0.011797835995394607,0
10.06,2994,-0.001986097971629403,0.007064270169729858,0.01102785150901908,0
9.99,2995,-0.00698257201113103,0.006067151507603614,0.007064270169729858,0
9.94,2996,-0.005017571991979592,0.004599570429749807,0.006067151507603614,0
9.84,2997,-0.010111309604320566,0.004326383432161144,0.004599570429749807,0
9.94,2998,0.010111309604320474,0.005993731342706368,0.004326383432161144,0
9.99,2999,0.005017571991979571,0.0063488050356804715,0.005993731342706368,0
10.06,3000,0.006982572011130951,0.0068834914403325224,0.0063488050356804715,0
9.95,3001,-0.010994613501091832,0.007269919916552337,0.0068834914403325224,0
10.28,3002,0.03262770885651763,0.013157819029695683,0.007269919916552337,0
10.06,3003,-0.021633095355425822,0.014941856561567591,0.013157819029695683,0
9.72,3004,-0.034381546199245425,0.01846818049771699,0.014941856561567591,0
9.66,3005,-0.006191970247921107,0.018453007339429648,0.01846818049771699,1
9.63,3006,-0.003110422414392391,0.018443815244230895,0.018453007339429648,1
9.65,3007,0.002074689540860297,0.018336377091399604,0.018443815244230895,1
9.54,3008,-0.011464429890699486,0.0180262523641474,0.018336377091399604,1
9.83,3009,0.029945448698880054,0.020919690719915392,0.0180262523641474,1
9.79,3010,-0.004077477616656262,0.02070594070293003,0.020919690719915392,1
9.71,3011,-0.008205174239185287,0.020600611691936076,0.02070594070293003,1
9.72,3012,0.0010293361691140592,0.016672700168408397,0.020600611691936076,1
9.48,3013,-0.02500130220541727,0.017062031967842714,0.016672700168408397,1
9.33,3014,-0.015949301407678064,0.014442387402768143,0.017062031967842714,1
9.31,3015,-0.0021459235702766598,0.01443378767110369,0.014442387402768143,0
9.43,3016,0.012807005356390393,0.015353252896793016,0.01443378767110369,0
9.44,3017,0.0010598835120432524,0.015325932383511537,0.015353252896793016,0
9.46,3018,0.0021164029063776937,0.01501229443573878,0.015325932383511537,0
9.49,3019,0.0031662295580495133,0.010670838781929693,0.01501229443573878,0
9.65,3020,0.016719302729058076,0.012431458869282099,0.010670838781929693,0
9.75,3021,0.010309369658861287,0.012688073624014981,0.012431458869282099,0
9.64,3022,-0.011346176387301454,0.013213717276115162,0.012688073624014981,0
9.7,3023,0.00620477688688287,0.010214661113119134,0.013213717276115162,0
9.66,3024,-0.004132237284910383,0.008390233641811093,0.010214661113119134,0
9.8,3025,0.01438873745209967,0.008779464783751913,0.008390233641811093,0
9.63,3026,-0.017499159866492035,0.010826749141168025,0.008779464783751913,0
9.82,3027,0.0195378965563403,0.012128335672113997,0.010826749141168025,0
9.66,3028,-0.01642747414194793,0.013748661722213416,0.012128335672113997,0
9.64,3029,-0.0020725396019723123,0.013802888460453263,0.013748661722213416,0
9.53,3030,-0.011476390956343573,0.013232057414365036,0.013802888460453263,0
9.54,3031,0.00104876779408443,0.012644063511843271,0.013232057414365036,0
9.53,3032,-0.0010487677940843767,0.012226811857744112,0.012644063511843271,0
9.58,3033,0.005232874316658512,0.012165583627621735,0.012226811857744112,0
9.93,3034,0.03588288607431198,0.016806156092731398,0.012165583627621735,0
10.13,3035,0.019940840203510914,0.017317075475531334,0.016806156092731398,1
10.35,3036,0.021485201450785935,0.01647935099512073,0.017317075475531334,1
10.34,3037,-0.00096665063109499,0.016044976809919082,0.01647935099512073,0
10.36,3038,0.0019323677510538603,0.014250404751273364,0.016044976809919082,0
10.47,3039,0.010561788051108521,0.013913158028622984,0.014250404751273364,0
10.29,3040,-0.01734147503648744,0.014924423914265536,0.013913158028622984,0
