y,t,y_smooth,return,rolling_vol,vol_label,E_t
10.17,301,9.191947445267203,0.0008234628779873354,,,0
10.24,302,9.199984537302552,0.0008739802381342236,,,0
10.09,303,9.206802724308695,0.0007408340435596562,,,0
10.23,304,9.214633226431955,0.0008501511625726115,,,0
10.27,305,9.222701784102286,0.0008752412624487051,,,0
9.98,306,9.228485740669274,0.0006269468291596445,,,0
10.55,307,9.238568951734672,0.0010920216824367877,,,0
10.29,308,9.246583517640254,0.000867135547954536,,,0
10.11,309,9.253158506239249,0.0007108195203316781,,,0
9.91,310,9.258155559087632,0.0005398917604799763,,,0
9.82,311,9.262425789876554,0.0004611335663964665,,,0
9.88,312,9.267115105709209,0.0005061448590862704,,,0
10.12,313,9.27358502670233,0.0006979155274107131,,,0
9.93,314,9.27855985823441,0.0005363079775599465,,,0
10.02,315,9.284173832721262,0.0006048650755302079,,,0
9.98,316,9.289437550619644,0.0005667953238238793,,,0
10.07,317,9.295336844840055,0.000634852411228585,,,0
10.15,318,9.301790280046406,0.0006940249880586357,,,0
10.48,319,9.310678711671263,0.0009551051292014596,,,0
10.59,320,9.320321257032985,0.0010351077493292527,,,0
10.33,321,9.32792465544629,0.000815454587023655,,,0
10.42,322,9.33614126263262,0.0008804734995268329,,,0
10.3,323,9.343386816536649,0.0007757748736158812,,,0
10.2,324,9.349820565419405,0.0006883515498798342,,,0
10.03,325,9.354924755526952,0.0005457642054634984,,,0
10.05,326,9.360136246371013,0.0005569301621017591,,,0
9.98,327,9.364779859281224,0.0004959822494482608,,,0
9.97,328,9.369309935655263,0.0004836185277126733,,,0
10.12,329,9.374924136611016,0.0005990323319683595,,,0
9.64,330,9.376904912460708,0.00021126214961482296,,,0
9.49,331,9.377749314853743,9.004723663481213e-05,,,0
9.68,332,9.380004157590585,0.00024041714281145994,,,0
10.1,333,9.38537107437828,0.0005720020908383598,,,0
9.97,334,9.389725428245384,0.00046384357540479117,,,0
10.05,335,9.39463924727367,0.000523181829702485,,,0
10.07,336,9.399661333487224,0.0005344265205831371,,,0
10.06,337,9.404567829007446,0.0005218502273260094,,,0
9.93,338,9.40846886739667,0.0004147165083540435,,,0
9.9,339,9.4121153656657,0.00038750107536553554,,,0
9.93,340,9.415954399460599,0.00040779898268832873,,,0
9.96,341,9.419984265696419,0.00042789121040833996,,,0
9.99,342,9.424203280607786,0.0004477789208470331,,,0
10.32,343,9.430828572585465,0.0007027611835329517,,,0
10.26,344,9.436956500547508,0.0006495651878327482,,,0
10.4,345,9.444068494936724,0.000753348372482375,,,0
10.35,346,9.450753772344084,0.0007076306505305311,,,0
10.22,347,9.456426218537755,0.0006000309265154042,,,0
10.11,348,9.461242179118756,0.0005091494981099108,,,0
10.14,349,9.466240093051523,0.0005281118721507579,,,0
9.93,350,9.46965245480156,0.0003604120353293571,,,0
9.88,351,9.472669653687554,0.0003185669522701772,,,0
9.83,352,9.47529516872546,0.00027712897710296345,,,0
9.74,353,9.477238743470197,0.0002050991978755234,,,0
9.69,354,9.478799837041974,0.00016470673117445977,,,0
9.71,355,9.480495048022508,0.00017882637464400602,,,0
9.61,356,9.481443954546918,0.0001000853894818959,,,0
9.36,357,9.480554719478151,-9.379128062460072e-05,,,0
9.34,358,9.479526248818411,-0.00010848800302789217,,,0
9.34,359,9.478505990047056,-0.00010763340408805943,,,0
9.27,360,9.476982347699613,-0.00016076002090545215,,,0
9.09,361,9.474156375720042,-0.00029823769872199023,,,0
9.24,362,9.472447553106836,-0.000180382998901494,,,0
9.2,363,9.470460587774358,-0.00020978461437780443,,,0
9.43,364,9.470165699152169,-3.113821240608517e-05,,,0
9.33,365,9.469144787693027,-0.00010780872522675724,,,0
9.14,366,9.46674895851276,-0.00025304632832884717,,,0
9.19,367,9.464735793289517,-0.00021267906423867738,,,0
9.14,368,9.462375042497897,-0.000249457069739188,,,0
9.2,369,9.460468831144055,-0.00020147197461625353,,,0
9.29,370,9.459231106519267,-0.0001308397734247875,,,0
9.41,371,9.458873873890674,-3.776621696576085e-05,,,0
9.39,372,9.45837441419536,-5.280468785148247e-05,,,0
9.4,373,9.457951351421826,-4.472990990383352e-05,,,0
9.23,374,9.456300292020128,-0.00017458363534723432,,,0
9.18,375,9.454300236659758,-0.000211527430320798,,,0
9.12,376,9.451881774018624,-0.0002558382917248638,,,0
9.07,377,9.449120716065968,-0.0002921599501130873,,,0
9.16,378,9.447031556822866,-0.00022112006946642507,,,0
9.34,379,9.446258606191874,-8.182276615185241e-05,,,0
9.22,380,9.444625575214404,-0.00017289089974349591,,,0
9.23,381,9.443077393270682,-0.0001639354398755577,,,0
9.12,382,9.440748229101883,-0.00024668350864787505,,,0
9.19,383,9.438941528499605,-0.00019139092124813425,,,0
9.29,384,9.437868970782155,-0.00011363759981001506,,,0
9.17,385,9.43594106601051,-0.00020429418062298493,,,0
9.18,386,9.434100026172421,-0.00019512833437266658,,,0
9.29,387,9.433064051734336,-0.00010981771662656065,,,0
9.54,388,9.43383242489285,8.145199290100765e-05,,,0
9.5,389,9.43430760566489,5.0368586555896684e-05,,,0
9.6,390,9.435496882826314,0.00012605081984020582,,,0
9.59,391,9.436605256723402,0.00011746162564889208,,,0
9.52,392,9.437203197151057,6.336192605916213e-05,,,0
9.26,393,9.435933317276454,-0.000134570093905452,,,0
9.49,394,9.43632056983106,4.103935406740933e-05,,,0
9.39,395,9.435988970563386,-3.514135532788689e-05,,,0
9.29,396,9.434944403260916,-0.0001107064799440596,,,0
9.01,397,9.43190543052566,-0.0003221494619727794,,,0
8.83,398,9.427603109176387,-0.00045624957987091424,,,0
8.85,399,9.423476573795044,-0.00043780361832344405,,,0
8.94,400,9.42002422621037,-0.0003664231673236966,,,0
8.91,401,9.416384116603673,-0.0003864972117572556,,,0
8.85,402,9.412343749423567,-0.000429170496368173,,,0
8.87,403,9.40847676834199,-0.0004109258820402507,,,0
8.7,404,9.403427689236146,-0.0005367961801497295,,,0
8.8,405,9.399129332552825,-0.0004572098096251094,,,0
8.73,406,9.39436524832689,-0.0005069929179460292,,,0
8.44,407,9.387573562233031,-0.0007232146221312708,,,0
8.46,408,9.38097565137052,-0.0007030816350495172,,,0
8.56,409,9.375138715656675,-0.0006224035307158277,,,0
8.84,410,9.371335779781141,-0.0004057227857565182,,,0
8.99,411,9.368627087819812,-0.00028908189406029596,,,0
8.99,412,9.365938869101248,-0.00028697955887478204,,,0
8.89,413,9.362561283501218,-0.0003606893888059284,,,0
9.05,414,9.360344138765143,-0.00023683768052394852,,,0
8.99,415,9.35771829184283,-0.0002805682424956141,,,0
9.89,416,9.36149064130735,0.00040304582624824977,,,0
9.8,417,9.364597039048743,0.0003317722124249416,,,0
9.75,418,9.367326032051379,0.00029137350303927,,,0
9.58,419,9.368831294543234,0.00016067995895366991,,,0
9.69,420,9.371103475935012,0.00024249619123455958,,,0
9.67,421,9.373217178354095,0.00022552990498033034,,,0
9.72,422,9.375668470528733,0.0002614867074782207,,,0
9.73,423,9.378172060109293,0.0002669948687408199,,,0
9.94,424,9.382140079669378,0.00042302277165676247,,,0
9.67,425,9.384172296754146,0.0002165813988330794,,,0
9.73,426,9.386612738162208,0.00026002550423687566,,,0
10.14,427,9.391927060066843,0.0005659994976828809,,,0
10.1,428,9.396919695149018,0.0005314466890627976,,,0
10.23,429,9.402791372582376,0.0006246561559513703,,,0
10.25,430,9.408760219360813,0.0006345937972818045,,,0
10.12,431,9.413769116044895,0.0005322235617820536,,,0
9.85,432,9.416840044103813,0.0003261634352904543,,,0
9.9,433,9.420239994504117,0.0003609848692319013,,,0
9.76,434,9.422629915396492,0.00025366846097421835,,,0
9.78,435,9.425142729068227,0.00026664303883789986,,,0
9.71,436,9.427144901192216,0.00021240627883291043,,,0
9.9,437,9.430467174584791,0.00035235356561558244,,,0
9.88,438,9.433624381633479,0.00033473195025126326,,,0
9.87,439,9.436688021105368,0.0003247046931095251,,,0
9.84,440,9.439518467799335,0.0002998957144111029,,,0
9.67,441,9.441135385133924,0.000171277684675197,,,0
9.8,442,9.443652026237856,0.00026652575578519895,,,0
9.77,443,9.445939792551172,0.0002422250672698096,,,0
9.74,444,9.44800046143218,0.00021813013712093828,,,0
9.7,445,9.449765743154808,0.00018682438005124887,,,0
9.66,446,9.451237924102928,0.00015577807157899268,,,0
9.75,447,9.453329278836446,0.00022125391389271235,,,0
9.76,448,9.455475231629496,0.00022697921500810833,,,0
9.93,449,9.45879458454966,0.00035098927809533946,,,0
9.9,450,9.461879783288342,0.000326119323872573,,,0
9.81,451,9.464313221855955,0.0002571503503489251,,,0
9.73,452,9.466169790330223,0.00019614591756868835,,,0
9.75,453,9.468152461007035,0.0002094261054332697,,,0
9.52,454,9.468514513956482,3.8238297158615384e-05,,,0
9.55,455,9.469083337042427,6.007341486412286e-05,,,0
9.6,456,9.469996915640873,9.647549796139881e-05,,,0
9.6,457,9.470903816267306,9.576108760221943e-05,,,0
9.7,458,9.472501460097737,0.00016867546366790859,,,0
9.74,459,9.474366295895523,0.0001968489808260705,,,0
9.66,460,9.475659997384954,0.0001365382265351494,,,0
9.68,461,9.477083603015844,0.00015022686568046622,,,0
9.62,462,9.478078958922776,0.00010502214418827491,,,0
9.57,463,9.478718947592142,6.75207566980644e-05,,,0
9.54,464,9.479145473626307,4.4997266016821455e-05,,,0
9.45,465,9.478942680427263,-2.1393844928223754e-05,,,0
9.62,466,9.479923844842647,0.0001035045438979701,,,0
9.51,467,9.48013298301967,2.2060923016213905e-05,,,0
9.54,468,9.480549146914766,4.389756574277773e-05,,,0
9.63,469,9.481587731544964,0.00010954299485272614,,,0
9.59,470,9.482340895561762,7.943122250702708e-05,,,0
9.54,471,9.482741344901022,4.223017166406104e-05,,,0
9.73,472,9.484458069625136,0.00018102037009073228,,,0
9.81,473,9.486717643111467,0.00023821122435752756,,,0
9.73,474,9.488405755769502,0.00017792903129031283,,,0
9.73,475,9.490081661416772,0.00017661108757372474,,,0
9.64,476,9.491121320129494,0.00010954613517087728,,,0
9.7,477,9.492569438579794,0.0001525644798490128,,,0
9.66,478,9.493729870098303,0.00012223883138968162,,,0
9.04,479,9.490586048951315,-0.0003312019447139467,,,0
8.98,480,9.4870492860784,-0.0003727295684022274,,,0
8.99,481,9.483607262453072,-0.00036287870736510954,,,0
8.97,482,9.480051573263678,-0.0003750003374207362,,,0
9.05,483,9.477075166645466,-0.0003140145322131393,,,0
9.06,484,9.474189368333834,-0.0003045494223999375,,,0
9.06,485,9.47132432402462,-0.0003024509525133351,,,0
9.07,486,9.468549027086619,-0.00029306394044091463,,,0
9.07,487,9.465793668519922,-0.00029104348964651837,,,0
9.05,488,9.462919862491326,-0.000303645152214748,,,0
9.05,489,9.460066681182727,-0.00030155719062997815,,,0
8.92,490,9.456335934178757,-0.00039444572292118927,,,0
8.92,491,9.452631934648325,-0.0003917717353482041,,,0
8.94,492,9.449092563648504,-0.00037450244727744146,,,0
9.0,493,9.445992693640772,-0.00032811389769695393,,,0
9.01,494,9.442984021976095,-0.00031856375656746125,,,0
9.02,495,9.440065867446604,-0.00030907661313291226,,,0
8.99,496,9.43696166592152,-0.0003288866901928548,,,0
9.02,497,9.434086517770112,-0.0003047152596579666,,,0
8.98,498,9.43095616176306,-0.0003318684287079344,,,0
9.06,499,9.428399522291484,-0.000271126917596653,,,0
9.08,500,9.425998937926098,-0.00025464449406040375,,,0
9.32,501,9.425268750754347,-7.746823016626772e-05,,,0
9.39,502,9.4250258567696,-2.5770842293643814e-05,,,0
9.76,503,9.427332246499144,0.0002446791778955985,,,0
9.78,504,9.42975987716169,0.00025747667350164424,,,0
9.71,505,9.43168848243367,0.0002045023523041874,,,0
9.8,506,9.434222591025737,0.000268644180229621,,,0
9.76,507,9.436463522013646,0.00023750392381278725,,,0
9.92,508,9.439788854386121,0.00035232972526181905,,,0
9.87,509,9.442746774731123,0.00031329694563209386,,,0
9.74,510,9.444790069797097,0.0002163643772889598,,,0
9.56,511,9.445581832076526,8.382707169612146e-05,,,0
9.54,512,9.446230558415378,6.867804165090651e-05,,,0
9.7,513,9.447973757677097,0.00018452211455976871,,,0
9.64,514,9.449292532705714,0.0001395731012615996,,,0
9.61,515,9.450395974122227,0.00011676821206535744,,,0
9.6,516,9.451422950046089,0.00010866424326591195,,,0
9.68,517,9.452991701073302,0.00016596663369524827,,,0
9.72,518,9.454823809760418,0.00019379379831592388,,,0
9.71,519,9.456574351008937,0.0001851308125012659,,,0
9.64,520,9.457832403134772,0.00013302580874368765,,,0
9.5,521,9.458121553960614,3.0572164271620434e-05,,,0
9.54,522,9.458682889874785,5.93478582496195e-05,,,0
9.44,523,9.458554832210497,-1.3538727606147096e-05,,,0
9.46,524,9.458564735710569,1.047041018634176e-06,,,0
9.45,525,9.458506055192508,-6.2039750984366534e-06,,,0
9.36,526,9.457831289399625,-7.134211881271727e-05,,,0
9.47,527,9.457914627858644,8.811543502922451e-06,,,0
9.49,528,9.458134322451185,2.3228380633564014e-05,,,0
9.6,529,9.459105506663052,0.00010267715813659845,,,0
9.68,530,9.46061740211063,0.00015982215575627122,,,0
9.71,531,9.462323941062765,0.00018036719829258295,,,0
9.74,532,9.464223716562346,0.00020075246054677092,,,0
9.7,533,9.465836508479038,0.00017039480080063024,,,0
9.59,534,9.466685663726032,8.970334114388169e-05,,,0
9.6,535,9.467597224393282,9.628679082693793e-05,,,0
9.6,536,9.46850237726091,9.560077179131885e-05,,,0
9.6,537,9.46940116975411,9.491995686275611e-05,,,0
9.62,538,9.470430323823399,0.00010867615909356825,,,0
9.57,539,9.471110628911614,7.183207429684206e-05,,,0
9.73,540,9.472879145891138,0.0001867100864902182,,,0
9.85,541,9.47545484132708,0.0002718651099925926,,,0
9.61,542,9.476373600175357,9.6957277956859e-05,,,0
9.63,543,9.477422464616499,0.00011067592355919187,,,0
9.76,544,9.479351373606395,0.00020350604095557392,,,0
9.71,545,9.48092552360767,0.00016604715357535377,,,0
9.72,546,9.482556884812643,0.00017205291452933495,,,0
9.76,547,9.484449721212478,0.00019959252879865104,,,0
9.75,548,9.48626109729515,0.00019096554741737716,,,0
9.84,549,9.488673600834339,0.00025428319944889447,,,0
9.85,550,9.49113741880552,0.00025962513351393475,,,0
9.83,551,9.493447657483818,0.0002433804774156436,,,0
9.73,552,9.495060103989358,0.0001698339363650559,,,0
9.72,553,9.496593131297315,0.00016144221804114038,,,0
9.79,554,9.498592438474624,0.0002105067283863005,,,0
9.89,555,9.501259081074583,0.00028070141650571957,,,0
9.85,556,9.503634637570393,0.00024999419027020933,,,0
9.9,557,9.50633415107108,0.00028401030520837844,,,0
9.78,558,9.508197689103364,0.0001960119821949439,,,0
9.78,559,9.510048231926058,0.0001946070984904034,,,0
9.75,560,9.511681655335776,0.0001717428880984701,,,0
9.68,561,9.512827262137654,0.00012043483574076829,,,0
9.47,562,9.512535818730168,-3.063735564674934e-05,,,0
9.59,563,9.513062884884974,5.5405999375034065e-05,,,0
9.7,564,9.514334601878097,0.0001336721951492943,,,0
9.81,565,9.516345669414354,0.00021135004267582575,,,0
10.2,566,9.520995042593832,0.0004884477661296133,,,0
10.16,567,9.52534008692722,0.0004562604174731496,,,0
10.07,568,9.529043038275596,0.00038867187362209247,,,0
9.99,569,9.532176439719915,0.00032877240369244673,,,0
10.03,570,9.53555992763355,0.0003548914127992241,,,0
10.18,571,9.539939237692641,0.00045915549554686037,,,0
10.55,572,9.546802096752453,0.0007191232107473449,,,0
10.92,573,9.55613089239145,0.0009766873375804612,,,0
11.05,574,9.566277954173305,0.001061274530386221,,,0
10.94,575,9.575607540254715,0.0009747824291263882,,,0
10.9,576,9.584600784613285,0.000938741882814383,,,0
10.75,577,9.592513235646358,0.0008251973131840644,,,0
10.45,578,9.598334278400687,0.0006066478229885121,,,0
10.47,579,9.604250723087134,0.0006162133768140257,,,0
10.57,580,9.610804824154348,0.0006821839578113939,,,0
10.79,581,9.618806349019282,0.0008322087487549677,,,0
10.86,582,9.627227381687293,0.000875092844918928,,,0
11.08,583,9.637082517404686,0.0010231497135106172,,,0
11.32,584,9.648497292404553,0.0011837628368338343,,,0
11.48,585,9.660918164165786,0.0012865095271605358,,,0
12.4,586,9.679491499822971,0.001920677140724893,,,0
12.16,587,9.69630919241527,0.0017359485765565358,,,0
12.87,588,9.717823704247397,0.0022163771880865037,,,0
12.58,589,9.737223843790812,0.0019943560585783766,,,0
13.27,590,9.761166183048685,0.0024558285333427473,,,0
13.53,591,9.786704944275938,0.0026129470151894127,,,0
13.81,592,9.813964419656328,0.002781485922652515,,,0
12.65,593,9.833177209971485,0.001955785406505617,,,0
13.16,594,9.855711920245911,0.0022890798932666684,,,0
13.05,595,9.877346094183844,0.0021926842347455597,,,0
12.98,596,9.898356956418278,0.002124917641257966,,,0
12.76,597,9.917733248988172,0.0019556126909299914,,,0
13.29,598,9.940564105322986,0.0022993780369610604,,,0
14.11,599,9.96878839431833,0.002835281348637536,,,0
13.89,600,9.995329058501767,0.002658838276397712,0.0005863695516153686,,0
14.09,601,10.023040344403933,0.0027685874953334117,0.0006028973918033969,0.0005863695516153686,0
14.68,602,10.054553121498218,0.0031391016084604687,0.0006240658662009062,0.0006028973918033969,1
14.11,603,10.081992218191726,0.0027253049829350016,0.0006391314317999543,0.0006240658662009062,1
13.46,604,10.10484499558524,0.002264127551430694,0.0006483296121484711,0.0006391314317999543,1
14.25,605,10.132884267099,0.0027709916553573842,0.0006629565051729066,0.0006483296121484711,1
14.77,606,10.164247573987163,0.003090420074668548,0.0006818369292969529,0.0006629565051729066,1
14.95,607,10.196612338712242,0.0031791183793327526,0.0007001230377645479,0.0006818369292969529,1
15.36,608,10.231526822217358,0.003418276841264926,0.0007218389518913837,0.0007001230377645479,1
15.69,609,10.268432321069517,0.0036005475390715044,0.0007457241569892857,0.0007218389518913837,1
16.07,610,10.307652955760425,0.0038122589077288754,0.0007720237122708632,0.0007457241569892857,1
16.13,611,10.347009507474985,0.0038109167279931906,0.0007973307557446139,0.0007720237122708632,1
15.81,612,10.383932716072273,0.003562138878381032,0.0008183324215539227,0.0007973307557446139,1
15.25,613,10.41681768787818,0.003161905081784275,0.0008337606618558726,0.0008183324215539227,1
15.43,614,10.450693020886808,0.0032467085545934355,0.0008499071555984441,0.0008337606618558726,1
15.22,615,10.482916794283657,0.003078666234182151,0.0008638219372989716,0.0008499071555984441,1
15.18,616,10.514649035396943,0.0030224708452128977,0.0008768983041395732,0.0008638219372989716,1
15.49,617,10.548257441499167,0.0031912437783952,0.000891363283558247,0.0008768983041395732,1
16.12,618,10.585890305004686,0.0035613362537316837,0.0009094835926142131,0.000891363283558247,1
16.47,619,10.625628609839648,0.0037468652278026668,0.0009289382868891815,0.0009094835926142131,1
14.82,620,10.65395218903695,0.0026620445384906055,0.0009371348960735709,0.0009289382868891815,1
15.0,621,10.683296826266288,0.0027505566166483725,0.000946302748026834,0.0009371348960735709,1
15.74,622,10.717436158205262,0.0031904851972114207,0.0009591105853923771,0.000946302748026834,1
15.63,623,10.750598820692309,0.0030894945809163228,0.0009708890693909461,0.0009591105853923771,1
15.63,624,10.783534122700406,0.003058895175908126,0.0009822712704313575,0.0009708890693909461,1
15.43,625,10.814893839072845,0.002903890826210855,0.000992219901123089,0.0009822712704313575,1
15.01,626,10.84320429665524,0.0026143083782535314,0.0009998107439742824,0.000992219901123089,1
14.81,627,10.869971230997091,0.0024655028341464594,0.0010062936528613155,0.0009998107439742824,1
14.42,628,10.893923454891004,0.0022010980948018455,0.0010110922922816306,0.0010062936528613155,1
14.47,629,10.918048950805156,0.0022121342631172586,0.001015884983645888,0.0010110922922816306,1
14.04,630,10.939108608397929,0.0019270267922712405,0.0010190340382625035,0.001015884983645888,1
14.45,631,10.962789534532535,0.002162455071989646,0.0010231688750322193,0.0010190340382625035,1
14.18,632,10.984487405841707,0.0019772729379870023,0.0010264869764310411,0.0010231688750322193,1
14.18,633,11.006036789441563,0.001959879656011669,0.0010298155362605751,0.0010264869764310411,1
14.09,634,11.026831863034781,0.0018876416045457217,0.0010327817088147413,0.0010298155362605751,1
14.16,635,11.04795664421929,0.0019139288810060297,0.0010358420211652695,0.0010327817088147413,1
14.43,636,11.07075718887747,0.0020616526716882425,0.0010395589789451009,0.0010358420211652695,1
14.42,637,11.093334410909044,0.002037279961494526,0.0010431197391142161,0.0010395589789451009,1
14.35,638,11.115285452824873,0.0019768044298825614,0.0010463334981250997,0.0010431197391142161,1
14.43,639,11.13762562387512,0.0020078432415866995,0.0010496391952131562,0.0010463334981250997,1
14.4,640,11.159610945510956,0.001972022738536603,0.0010527556154432524,0.0010496391952131562,1
14.47,641,11.181917731904628,0.0019968905555433287,0.0010559580753481226,0.0010527556154432524,1
14.28,642,11.202791946259639,0.001865042764086963,0.0010585695884374492,0.0010559580753481226,1
14.62,643,11.225814214537307,0.0020529386622008794,0.0010619738811312284,0.0010585695884374492,1
14.53,644,11.248072971981868,0.001980855785031813,0.0010650393863249016,0.0010619738811312284,1
14.48,645,11.269842952738967,0.0019335703723635804,0.0010678386246833751,0.0010650393863249016,1
14.0,646,11.288231373717714,0.0016303186863891315,0.0010695085061974779,0.0010678386246833751,1
13.91,647,11.30588816351769,0.0015629547648671582,0.0010709759527102467,0.0010695085061974779,1
13.58,648,11.321202212984408,0.0013536032737887092,0.0010718577978838194,0.0010709759527102467,1
13.63,649,11.336748448056019,0.0013722545117826437,0.0010727806815967545,0.0010718577978838194,1
14.51,650,11.358113561428162,0.001882815561937798,0.0010752364938089287,0.0010727806815967545,1
14.1,651,11.376572715383201,0.0016238762027893875,0.0010767089508633874,0.0010752364938089287,1
14.25,652,11.395915741842913,0.001698806974736515,0.001078364190843044,0.0010767089508633874,1
15.12,653,11.420982943556059,0.0021972496914632513,0.0010819580049489113,0.001078364190843044,1
15.29,654,11.44702344837572,0.0022774627249099208,0.0010858414403894087,0.0010819580049489113,1
15.47,655,11.47409785247834,0.002362398971581284,0.0010901243647928722,0.0010858414403894087,1
15.54,656,11.501458806097302,0.0023817456925887175,0.001094322827321286,0.0010901243647928722,1
15.88,657,11.530921123167452,0.0025583403217668854,0.0010990467424166418,0.001094322827321286,1
15.64,658,11.558567952816608,0.0023947557064359112,0.0011027451702899469,0.0010990467424166418,1
15.75,659,11.586766513011671,0.0024366529840892607,0.001106591257935057,0.0011027451702899469,1
15.91,660,11.615849371228862,0.002506861604990464,0.001110608313993536,0.001106591257935057,1
15.69,661,11.643254358810378,0.002356496671705703,0.0011133738025959146,0.001110608313993536,1
15.24,662,11.66744607219415,0.002075589460758135,0.0011151116704999394,0.0011133738025959146,1
15.36,663,11.692280168632056,0.00212623260545502,0.0011169291075766889,0.0011151116704999394,1
15.36,664,11.716945248279554,0.002107296447083116,0.0011190530303492317,0.0011169291075766889,1
16.02,665,11.745880570913254,0.0024664835792398395,0.0011226280862470734,0.0011190530303492317,1
15.79,666,11.77307254594679,0.0023123467285806115,0.0011249731780891559,0.0011226280862470734,1
15.95,667,11.801155272363735,0.0023824949785985596,0.0011276996884072505,0.0011249731780891559,1
16.18,668,11.830593229602787,0.002491391820919746,0.0011307923484069416,0.0011276996884072505,1
16.2,669,11.859965439277282,0.002479656569951949,0.0011338813349404807,0.0011307923484069416,1
16.71,670,11.892566011428944,0.0027450204783546397,0.0011385271427975516,0.0011338813349404807,1
17.02,671,11.927028524189256,0.0028936291720039068,0.0011441961224485635,0.0011385271427975516,1
16.87,672,11.960248679983977,0.002781411788995149,0.0011490465829131985,0.0011441961224485635,1
17.53,673,11.997678374962401,0.0031246213702512326,0.0011559662844762971,0.0011490465829131985,1
18.03,674,12.038213555929694,0.0033728908011825313,0.0011641521746858854,0.0011559662844762971,1
17.89,675,12.0775326462419,0.003260867387092496,0.001171255227093653,0.0011641521746858854,1
17.96,676,12.11705493648185,0.003267038568719367,0.0011781105179037921,0.001171255227093653,1
18.65,677,12.1609443104456,0.0036155715575087797,0.0011872514929866618,0.0011781105179037921,1
18.6,678,12.20419973508972,0.0035506024512638114,0.0011959050753407587,0.0011872514929866618,1
17.9,679,12.242459419530606,0.003130056784901009,0.0012018649912595308,0.0011959050753407587,1
18.16,680,12.282205684555723,0.003241332728097567,0.0012081592567560395,0.0012018649912595308,1
18.5,681,12.323965646050869,0.003394270569553342,0.0012153632541826278,0.0012081592567560395,1
18.22,682,12.363561764316943,0.0032077859853029303,0.0012209329476776526,0.0012153632541826278,1
17.68,683,12.399262935100552,0.0028834509756286435,0.0012246488861317128,0.0012209329476776526,1
18.17,684,12.438012092091409,0.003120244743972766,0.0012298362320341495,0.0012246488861317128,1
18.3,685,12.47737121232313,0.0031594258447453097,0.0012348741267164266,0.0012298362320341495,1
18.53,686,12.518007516298088,0.0032515082262017563,0.0012403800100758337,0.0012348741267164266,1
18.07,687,12.555280051301908,0.0029730893771679075,0.001244394348515163,0.0012403800100758337,1
17.81,688,12.590554459765418,0.0028055884632513955,0.001247946880560421,0.001244394348515163,1
17.08,689,12.620689597123096,0.0023906120333928604,0.0012495416746076261,0.001247946880560421,1
17.06,690,12.650486181480936,0.002358148938283208,0.001251144348217242,0.0012495416746076261,1
17.07,691,12.680147890288396,0.002341964459380594,0.0012526218478885092,0.001251144348217242,1
17.11,692,12.709876992608345,0.0023417949405935656,0.0012539228741417323,0.0012526218478885092,1
17.27,693,12.740478316701823,0.0024047867677171415,0.0012548604293142012,0.0012539228741417323,1
17.24,694,12.770670971128842,0.0023670175093444316,0.0012560952583656002,0.0012548604293142012,1
17.07,695,12.799518399888271,0.002256333778329311,0.0012566940188771445,0.0012560952583656002,1
16.99,696,12.82763365542087,0.0021941780149273347,0.001256826747642851,0.0012566940188771445,1
16.78,697,12.85414960290003,0.0020649622835456536,0.001255832165277524,0.001256826747642851,1
16.38,698,12.877802584183181,0.0018384137956556977,0.0012537242976052923,0.001255832165277524,1
17.04,699,12.905722680950626,0.002165732373162117,0.001252474085470077,0.0012537242976052923,1
17.15,700,12.934191563440496,0.002203482081205063,0.0012515543469871502,0.001252474085470077,1
17.32,701,12.963607923572601,0.0022717275881080634,0.0012507115625571164,0.0012515543469871502,1
17.76,702,12.995776122355565,0.002478349655090897,0.0012503545983332278,0.0012507115625571164,1
18.14,703,13.030274994900257,0.002651104663947951,0.0012506792619776876,0.0012503545983332278,1
18.39,704,13.06621686782782,0.002754538490637989,0.0012508362482462382,0.0012506792619776876,1
18.07,705,13.099769763855468,0.002564620619165419,0.0012504495704333952,0.0012508362482462382,1
17.04,706,13.126189388674048,0.002014769686936162,0.001248039998117656,0.0012504495704333952,1
17.04,707,13.152430277720777,0.001997129080729772,0.0012445170854996292,0.001248039998117656,1
17.93,708,13.184460476991777,0.002432345971361569,0.0012422850486044077,0.0012445170854996292,1
17.84,709,13.215670685367613,0.002364399079962583,0.0012401241623090616,0.0012422850486044077,1
17.9,710,13.247072032996607,0.0023732507776478536,0.0012388843811113783,0.0012401241623090616,1
18.63,711,13.28315430086959,0.002720089129002198,0.0012393453219427927,0.0012388843811113783,1
18.43,712,13.317652066592954,0.002593739797739986,0.0012392272467652834,0.0012393453219427927,1
18.43,713,13.351916610530816,0.002569562575664809,0.0012386433467967443,0.0012392272467652834,1
18.43,714,13.385949536008086,0.0025456738895931075,0.0012383927125014038,0.0012386433467967443,1
18.43,715,13.419752434971583,0.0025220691417052778,0.0012378148187364576,0.0012383927125014038,1
18.43,716,13.453326888075518,0.002498743829797301,0.0012392049995233981,0.0012378148187364576,1
18.43,717,13.486674464766269,0.002475693544808954,0.001240312102271885,0.0012392049995233981,1
18.43,718,13.51979672336646,0.002452913968427502,0.0012412015427350504,0.001240312102271885,1
18.43,719,13.552695211158335,0.002430400870766237,0.0012416214269569154,0.0012412015427350504,1
18.2,720,13.583830544104462,0.0022947187041892987,0.0012418122932455504,0.0012416214269569154,1
17.72,721,13.611539919531952,0.002037801621673216,0.0012412808866768376,0.0012418122932455504,1
17.07,722,13.634707858308872,0.0017006337569559797,0.001240253372526408,0.0012412808866768376,1
17.02,723,13.6573844175124,0.0016617681189661576,0.0012391761636716173,0.001240253372526408,1
17.25,724,13.681448443499292,0.0017604286418504702,0.0012385858959473694,0.0012391761636716173,1
16.71,725,13.701733172065394,0.0014815467801560895,0.00123718299522709,0.0012385858959473694,1
15.85,726,13.716121134615866,0.0010495324477439681,0.0012358842538224568,0.00123718299522709,1
15.91,727,13.730813804559292,0.0010706238331837739,0.0012352739309538835,0.0012358842538224568,1
16.96,728,13.752438914372261,0.0015736939507876282,0.0012346666853736542,0.0012352739309538835,1
16.32,729,13.769632376171357,0.0012494309642820014,0.0012341022342458323,0.0012346666853736542,1
16.37,730,13.787044620569816,0.0012637406693017004,0.001233550687798167,0.0012341022342458323,1
15.87,731,13.800991517218282,0.0010110830482426853,0.00123289775881868,0.001233550687798167,1
17.22,732,13.823883085981498,0.0016573160480696492,0.0012318656509699908,0.00123289775881868,1
17.57,733,13.848963495044538,0.001812637225934244,0.001231095817104025,0.0012318656509699908,1
15.95,734,13.8630293114668,0.0010151429908625829,0.0012297476206828471,0.001231095817104025,1
16.95,735,13.883694627815336,0.0014895682974897751,0.001228380003217628,0.0012297476206828471,1
17.28,736,13.906429610904466,0.0016361919051434178,0.0012269480084328328,0.001228380003217628,1
17.04,737,13.927404798527796,0.0015071722627457308,0.0012257889770191542,0.0012269480084328328,1
16.75,738,13.946297481572385,0.001355592145448328,0.001224517506121663,0.0012257889770191542,1
17.07,739,13.967204566845355,0.001497991126035862,0.0012232551580834015,0.001224517506121663,1
16.96,740,13.987234512936814,0.0014330424918992004,0.0012218836495231004,0.0012232551580834015,1
17.02,741,14.007530989110123,0.0014500196279932484,0.0012201243365221237,0.0012218836495231004,1
16.68,742,14.025415361257117,0.0012759539685818291,0.0012186140195763707,0.0012201243365221237,1
16.38,743,14.041171676890619,0.0011227811395332467,0.0012170726701585944,0.0012186140195763707,1
16.16,744,14.055349698012032,0.001009236847199606,0.0012155303748067326,0.0012170726701585944,1
16.43,745,14.071238791977642,0.0011298274343851205,0.0012137978820106572,0.0012155303748067326,1
16.14,746,14.085080497051978,0.000983204235418879,0.001212066148077283,0.0012137978820106572,1
14.91,747,14.09059962791364,0.00039176558704339293,0.0012115844162697367,0.001212066148077283,1
15.24,748,14.098289347103927,0.0005455851337628832,0.001210753264412478,0.0012115844162697367,1
15.29,749,14.106261766365531,0.0005653285841608185,0.0012102358422456788,0.001210753264412478,1
14.9,750,14.111571550946987,0.00037634247707238344,0.0012100996664187813,0.0012102358422456788,1
15.07,751,14.11798275682798,0.00045421942701044643,0.0012095673846031015,0.0012100996664187813,1
15.55,752,14.127561506656269,0.0006782485836448473,0.0012083715010087848,0.0012095673846031015,1
15.62,753,14.137543969713855,0.0007063453897932552,0.0012071638603491145,0.0012083715010087848,1
15.31,754,14.145385821865103,0.0005545289975251035,0.0012056741676583198,0.0012071638603491145,1
15.38,755,14.153643050104023,0.0005835697408990567,0.001204196268308861,0.0012056741676583198,1
15.47,756,14.162446598805392,0.0006218054183453314,0.0012027633286821064,0.001204196268308861,1
15.78,757,14.173264024618987,0.0007635189731338431,0.0012010668197134007,0.0012027633286821064,1
15.57,758,14.182604327107429,0.000658791521416103,0.0011997957338883833,0.0012010668197134007,1
15.39,759,14.19067812150069,0.0005691124829003563,0.0011987959598225664,0.0011997957338883833,1
15.45,760,14.19909878652751,0.0005932181363059233,0.0011975434818142102,0.0011987959598225664,1
15.49,761,14.20773024822765,0.000607703306498362,0.001196303572571078,0.0011975434818142102,1
15.32,762,14.21516699996606,0.000523293022746897,0.0011950912318060122,0.001196303572571078,1
14.87,763,14.219545099734027,0.00030794050505686117,0.0011943079740111447,0.0011950912318060122,1
15.0,764,14.224762870184264,0.00036687624914483126,0.0011932741065506524,0.0011943079740111447,1
14.68,765,14.227806256013233,0.0002139269622421707,0.0011924447004785584,0.0011932741065506524,1
14.22,766,14.227754071164691,-3.6678138080295843e-06,0.0011928365005665009,0.0011924447004785584,1
12.87,767,14.21867784793953,-0.0006381273798390224,0.0011959058829798625,0.0011928365005665009,1
12.39,768,14.206454116651704,-0.0008600651041167029,0.001200341355875702,0.0011959058829798625,1
13.02,769,14.198523623581172,-0.0005583875720034285,0.0012032624041940084,0.001200341355875702,1
13.98,770,14.197063026582358,-0.00010287493039653909,0.0012039500180387973,0.0012032624041940084,1
14.24,771,14.197350003074034,2.0213588594674734e-05,0.0012040303854807621,0.0012039500180387973,1
14.96,772,14.202447103193478,0.0003589532809055922,0.001203498660148757,0.0012040303854807621,1
15.33,773,14.209982704760622,0.0005304440200833687,0.001202717140751959,0.001203498660148757,1
14.89,774,14.21452718464446,0.0003197578385866385,0.0012022839267197191,0.001202717140751959,1
14.5,775,14.216434894490742,0.0001341994578892805,0.00120242453088525,0.0012022839267197191,1
15.06,776,14.222071915031933,0.0003964357659685746,0.0012015507100001782,0.00120242453088525,1
15.16,777,14.228339267353077,0.0004405807973984012,0.0012007070128374879,0.0012015507100001782,1
15.25,778,14.235165874934763,0.0004796744236841581,0.0011996624346265943,0.0012007070128374879,1
15.56,779,14.244017918047248,0.0006216500769054575,0.0011964528007204298,0.0011996624346265943,1
15.93,780,14.255282597933222,0.000790523294864193,0.0011927189353867222,0.0011964528007204298,1
15.46,781,14.263331470970781,0.0005644645445830196,0.0011894429778073537,0.0011927189353867222,1
15.43,782,14.271125849196077,0.0005463134155099845,0.0011861320366772154,0.0011894429778073537,1
15.11,783,14.276730067084104,0.0003926191848839514,0.0011834883393735856,0.0011861320366772154,1
15.03,784,14.281762212058524,0.000352409712481632,0.001180992351889849,0.0011834883393735856,1
14.97,785,14.286359751276441,0.0003218649978818714,0.0011785865065021357,0.001180992351889849,1
15.05,786,14.291460809255353,0.00035699419571075155,0.0011761134513205342,0.0011785865065021357,1
14.95,787,14.295859644531978,0.00030774729785901857,0.001173786987645756,0.0011761134513205342,1
15.27,788,14.302366367787316,0.00045504384536382676,0.0011709736804138618,0.001173786987645756,1
15.59,789,14.310966753740006,0.0006011453594140378,0.0011678019337253035,0.0011709736804138618,1
15.92,790,14.321713464924919,0.0007506605464441047,0.0011638479770028612,0.0011678019337253035,1
15.97,791,14.332721968849745,0.0007683630334905638,0.0011598496123570075,0.0011638479770028612,1
16.63,792,14.348064403463148,0.0010698755520644504,0.0011555006524369652,0.0011598496123570075,1
15.87,793,14.358228346600551,0.0007081334849210319,0.0011518837012226165,0.0011555006524369652,1
15.9,794,14.368524413061618,0.0007168277589942246,0.0011482754558572621,0.0011518837012226165,1
16.06,795,14.379819834556745,0.0007858137483732923,0.001144561664541655,0.0011482754558572621,1
15.97,796,14.390438466401596,0.0007381673265453435,0.0011408138847443007,0.001144561664541655,1
15.9,797,14.400518423254406,0.0007002168981944896,0.0011372424342983667,0.0011408138847443007,1
15.9,798,14.410530742838963,0.0006950333484832934,0.0011335220344316343,0.0011372424342983667,1
15.9,799,14.420475883389033,0.0006898920369622852,0.001130098874006238,0.0011335220344316343,1
15.9,800,14.430354299975575,0.0006847925629723402,0.0011267495746876053,0.001130098874006238,1
15.9,801,14.440166444529355,0.0006797345304862147,0.0011242302202664296,0.0011267495746876053,1
15.9,802,14.449912765863374,0.0006747175480404854,0.001121938192819036,0.0011242302202664296,1
15.9,803,14.459593709695127,0.0006697412286721427,0.0011207110945969157,0.001121938192819036,1
15.9,804,14.469209718668711,0.000664805189855843,0.001119537023698676,0.0011207110945969157,1
16.28,805,14.481297994931253,0.0008350994797500323,0.001117824394146166,0.001119537023698676,1
16.32,806,14.493572218614664,0.0008472324001561024,0.0011163133210222963,0.001117824394146166,1
16.31,807,14.505697375649842,0.000836238837143858,0.00111470610641559,0.0011163133210222963,1
16.59,808,14.519610243303479,0.0009586715773586266,0.0011132885566747252,0.00111470610641559,1
16.39,809,14.532094845976998,0.0008594747470883761,0.0011118934205049075,0.0011132885566747252,1
16.41,810,14.544629232525951,0.0008621595260548408,0.0011101460204864739,0.0011118934205049075,1
16.46,811,14.557413304079283,0.0008785687368554053,0.0011078467558781923,0.0011101460204864739,1
16.84,812,14.57264788860766,0.0010459700593527857,0.001105229214315451,0.0011078467558781923,1
17.71,813,14.593586779719583,0.0014358311895490475,0.0011028145182263496,0.001105229214315451,1
17.88,814,14.61551986627755,0.001501798117012272,0.0011002052384408397,0.0011028145182263496,1
18.15,815,14.639107826270546,0.0016125971830879887,0.0010975117521839874,0.0011002052384408397,1
18.37,816,14.66400584987134,0.0016993436170375218,0.0010948062901765916,0.0010975117521839874,1
17.73,817,14.684466099211502,0.0013942976445472318,0.0010922290591291333,0.0010948062901765916,1
17.36,818,14.70232018288014,0.001215109790777188,0.0010898326169505633,0.0010922290591291333,1
17.58,819,14.721522656145936,0.0013052323652631647,0.0010873263456817113,0.0010898326169505633,1
17.42,820,14.73952881793422,0.0012223707661065484,0.0010846443223057607,0.0010873263456817113,1
17.44,821,14.757547776011243,0.0012217455015236785,0.0010815001462378048,0.0010846443223057607,1
17.39,822,14.77511238407049,0.0011895040971642622,0.0010784889224187669,0.0010815001462378048,1
17.9,823,14.795962106946194,0.0014101433031807524,0.001074992023142837,0.0010784889224187669,1
18.47,824,14.820475166171605,0.0016553689153766679,0.0010715587311050348,0.001074992023142837,1
19.06,825,14.84876035916051,0.0019067024179995494,0.0010682705251584834,0.0010715587311050348,1
19.05,826,14.876789357395461,0.0018858528645675542,0.001064591709709565,0.0010682705251584834,1
19.67,827,14.908766884405075,0.0021471842953534144,0.0010616625356571388,0.001064591709709565,1
19.37,828,14.938528848825705,0.001994282802077136,0.0010584815943462573,0.0010616625356571388,1
18.53,829,14.96248778069014,0.0016025499927871242,0.0010552852004699713,0.0010584815943462573,1
18.65,830,14.987086755628482,0.0016426931501203874,0.0010523213368269079,0.0010552852004699713,1
18.66,831,15.011587696421378,0.0016334685907461379,0.0010494124060102718,0.0010523213368269079,1
19.85,832,15.043862498630432,0.002147684656550271,0.0010471304108635446,0.0010494124060102718,1
19.25,833,15.071918959213999,0.001863240290790603,0.0010442562784157895,0.0010471304108635446,1
18.71,834,15.096185650310726,0.0016087650612849553,0.0010408266530176533,0.0010442562784157895,1
19.45,835,15.12522567293113,0.0019218183590300711,0.0010375980956158011,0.0010408266530176533,1
20.1,836,15.15840666401452,0.0021913490424240335,0.0010347458602422842,0.0010375980956158011,1
19.23,837,15.185562886845972,0.0017898930485021828,0.0010312939720589877,0.0010347458602422842,1
19.27,838,15.212804088131843,0.0017922810524968718,0.001027867132473482,0.0010312939720589877,1
18.6,839,15.235394466426756,0.001483856747679199,0.0010241647483608884,0.001027867132473482,1
18.45,840,15.256833247680273,0.0014061802887724208,0.0010210132289480668,0.0010241647483608884,1
18.31,841,15.277194862584977,0.001333700083681661,0.0010182699894579895,0.0010210132289480668,1
18.18,842,15.296553239405576,0.0012663399556358556,0.0010147592450030086,0.0010182699894579895,1
18.49,843,15.31784934388742,0.0013912476559954372,0.001011177019719446,0.0010147592450030086,1
18.81,844,15.341136848978895,0.0015191310908636425,0.0010079464410048503,0.001011177019719446,1
19.14,845,15.366469066764223,0.0016498989599760727,0.0010044977698038166,0.0010079464410048503,1
18.9,846,15.390031389700342,0.0015321852093692428,0.0010010508951084833,0.0010044977698038166,1
18.88,847,15.413302678645705,0.0015109593864800059,0.0009977106321273905,0.0010010508951084833,1
19.04,848,15.437485112539413,0.001567703165970296,0.0009942824536469338,0.0009977106321273905,1
19.32,849,15.463372705743009,0.0016755262531680045,0.0009911191089205715,0.0009942824536469338,1
18.7,850,15.484953188406536,0.001394614121298959,0.0009880400535970594,0.0009911191089205715,1
18.74,851,15.50665598416009,0.0014005596921628925,0.0009848556415205773,0.0009880400535970594,1
18.57,852,15.527080147055086,0.001316255687515485,0.0009813673399336022,0.0009848556415205773,1
18.27,853,15.545367537123493,0.0011770808895226312,0.0009779978478827622,0.0009813673399336022,1
17.8,854,15.560399114211831,0.0009664817734212177,0.0009752652451944874,0.0009779978478827622,1
17.96,855,15.57639683282784,0.0010275765079299786,0.0009727201507978294,0.0009752652451944874,1
18.1,856,15.593220877639066,0.0010795157387770938,0.0009699084485790085,0.0009727201507978294,1
17.51,857,15.605999139982135,0.0008191399048027841,0.0009678768018466997,0.0009699084485790085,1
17.49,858,15.618558608675546,0.0008044609932885829,0.0009654493798917428,0.0009678768018466997,1
17.05,859,15.628100934620626,0.0006107741679396018,0.000963642201486017,0.0009654493798917428,1
17.45,860,15.640245879758233,0.0007768204581100626,0.0009611557884477457,0.000963642201486017,1
17.39,861,15.651909648499007,0.0007454756046066102,0.000958485970783434,0.0009611557884477457,1
17.92,862,15.667028295259483,0.0009654636413273199,0.0009543266204242587,0.000958485970783434,1
17.58,863,15.679779519138894,0.0008135580923085302,0.0009510530780101922,0.0009543266204242587,1
17.68,864,15.693112032012548,0.0008499384670698858,0.0009480886450427866,0.0009510530780101922,1
17.77,865,15.706955282925016,0.0008817338937840778,0.0009454300202711925,0.0009480886450427866,1
17.25,866,15.717240050263968,0.0006545763604847246,0.0009447838914454294,0.0009454300202711925,1
16.58,867,15.72299043543777,0.000365797906000662,0.0009451871963537439,0.0009447838914454294,1
17.02,868,15.731634961690826,0.0005496505751730505,0.0009445024632034516,0.0009451871963537439,1
17.03,869,15.740288345179268,0.0005499113366622927,0.0009435371516094807,0.0009445024632034516,1
16.66,870,15.746417943370531,0.0003893451549059449,0.0009433784027458502,0.0009435371516094807,1
16.68,871,15.752639858025859,0.0003950540219632067,0.0009436612316729647,0.0009433784027458502,1
16.58,872,15.758153739727378,0.00034996781281891717,0.0009451470933661877,0.0009436612316729647,1
16.9,873,15.765763339869823,0.0004827826612432288,0.0009467884357726784,0.0009451470933661877,1
16.5,874,15.77065641268838,0.00031031251462372133,0.0009493893558812883,0.0009467884357726784,1
16.76,875,15.777249430145881,0.000417968633881843,0.0009512882801517398,0.0009493893558812883,1
16.61,876,15.782798798413463,0.0003516704590933138,0.0009533877563018791,0.0009512882801517398,1
17.3,877,15.792909082704236,0.0006403837199374373,0.0009539901486866394,0.0009533877563018791,1
18.38,878,15.810148537176872,0.0010909992564624674,0.0009526071007209265,0.0009539901486866394,1
18.45,879,15.827739232729103,0.0011120020080234772,0.0009512131075022994,0.0009526071007209265,1
18.45,880,15.845212380408901,0.0011033483500899196,0.0009500675503806162,0.0009512131075022994,1
18.45,881,15.86256877012612,0.0010947717450379528,0.0009494170482680299,0.0009500675503806162,1
18.45,882,15.879809186423946,0.001086271357282047,0.0009489057365967092,0.0009494170482680299,1
18.45,883,15.896934408516117,0.0010778463626358312,0.000948786634122955,0.0009489057365967092,1
18.45,884,15.91394521032391,0.0010694959481195652,0.0009490047368305567,0.000948786634122955,1
18.45,885,15.930842360512827,0.0010612193117702448,0.0009493966684622274,0.0009490047368305567,1
18.45,886,15.947626622529052,0.0010530156624572256,0.0009499434352870741,0.0009493966684622274,1
18.45,887,15.964298754635612,0.001044884219700034,0.0009506068579057163,0.0009499434352870741,1
18.45,888,15.980859509948301,0.0010368242134910343,0.0009507457279668978,0.0009506068579057163,1
18.45,889,15.997309636471332,0.0010288348841205079,0.0009512377318840572,0.0009507457279668978,1
18.45,890,16.01364987713274,0.0010209154820059222,0.0009508043551788992,0.0009512377318840572,1
18.45,891,16.029880969819523,0.0010130652675245022,0.0009498721092008903,0.0009508043551788992,1
18.45,892,16.046003647412547,0.001005283510849992,0.0009482974331148213,0.0009498721092008903,1
18.45,893,16.062018637821176,0.0009975694917900596,0.0009488399201327254,0.0009482974331148213,1
18.45,894,16.07792666401767,0.0009899224996296674,0.000948812373182406,0.0009488399201327254,1
18.45,895,16.093728444071346,0.0009823418329773037,0.0009489906481205747,0.000948812373182406,1
18.45,896,16.109424691182454,0.0009748267996105298,0.0009492966037382786,0.0009489906481205747,1
18.45,897,16.125016113715862,0.0009673767163308191,0.0009498545882410121,0.0009492966037382786,1
16.97,898,16.130644763575518,0.0003490022999807037,0.0009518626623786436,0.0009498545882410121,1
16.86,899,16.13550310066787,0.00030114144083808587,0.0009522296324640514,0.0009518626623786436,1
17.02,900,16.141394760116537,0.00036506974985723976,0.0009529498600452982,0.0009522296324640514,1
18.03,901,16.153974606584317,0.0007790495882666109,0.0009516951830580731,0.0009529498600452982,1
17.7,902,16.164272387563486,0.000637273508649302,0.0009490413488778028,0.0009516951830580731,1
17.84,903,16.175433908507355,0.0006902673317351841,0.0009481187389854444,0.0009490413488778028,1
18.06,904,16.187986237028763,0.0007757109164844211,0.0009483991167965074,0.0009481187389854444,1
18.15,905,16.201054202932177,0.0008069375588162517,0.0009468644965833042,0.0009483991167965074,1
18.13,906,16.21390171494961,0.0007926904310909713,0.0009437665680713203,0.0009468644965833042,1
17.72,907,16.223932742743376,0.0006184770519498091,0.0009406177654864286,0.0009437665680713203,1
17.74,908,16.234030007533732,0.0006221749155216354,0.000935865674834282,0.0009406177654864286,1
17.45,909,16.242128446947238,0.0004987313750621045,0.0009301280286140836,0.000935865674834282,1
17.45,910,16.250172825161098,0.0004951559639220636,0.0009225736890595567,0.0009301280286140836,1
17.87,911,16.260960645414652,0.0006636385445771387,0.0009142629182981895,0.0009225736890595567,1
17.93,912,16.272076041320254,0.0006833297761380443,0.0009077034815022561,0.0009142629182981895,1
18.18,913,16.2847821569312,0.0007805492887970287,0.0009035006044886677,0.0009077034815022561,1
18.17,914,16.29733686760338,0.0007706503855126214,0.0008986901413434115,0.0009035006044886677,1
17.96,915,16.30840929659999,0.0006791704361842618,0.0008950949258745075,0.0008986901413434115,1
17.69,916,16.31760979920791,0.0005639978830877554,0.0008921116899497452,0.0008950949258745075,1
17.6,917,16.326149563777975,0.0005232096383210942,0.0008881343486204426,0.0008921116899497452,1
17.67,918,16.33509847590014,0.0005479834901122373,0.0008812577252096328,0.0008881343486204426,1
17.62,919,16.34365471265469,0.0005236574908903503,0.0008727190344001828,0.0008812577252096328,1
17.74,920,16.35295292493596,0.0005687570181580963,0.0008712445191109088,0.0008727190344001828,1
17.8,921,16.362588619380627,0.0005890591607809172,0.0008692080093859911,0.0008712445191109088,1
17.89,922,16.37275930313198,0.0006213884821195701,0.0008643589880343834,0.0008692080093859911,1
17.81,923,16.382329424474218,0.0005843441117893368,0.0008601943918372676,0.0008643589880343834,1
17.9,924,16.392434959306847,0.0006166656171520525,0.0008560280053509529,0.0008601943918372676,1
17.96,925,16.402872573757637,0.0006365309910684848,0.0008526729872155584,0.0008560280053509529,1
18.12,926,16.414305887964293,0.0006967884019996871,0.0008506375556459741,0.0008526729872155584,1
18.24,927,16.42646191344927,0.0007403009645604898,0.0008491186429695898,0.0008506375556459741,1
17.88,928,16.4361398777566,0.0005889956400047156,0.0008489825241616485,0.0008491186429695898,1
17.92,929,16.446019597309707,0.0006009167285925739,0.0008487394782919674,0.0008489825241616485,1
17.86,930,16.455433921210858,0.0005722740579094806,0.0008493459520702426,0.0008487394782919674,1
17.9,931,16.465051755506902,0.0005843069670437238,0.0008492528994601897,0.0008493459520702426,1
17.83,932,16.47413937706662,0.0005517817212761899,0.000849751675875491,0.0008492528994601897,1
18.12,933,16.485097125195473,0.0006649273281452725,0.0008499375035459673,0.000849751675875491,1
18.08,934,16.49571546814566,0.0006439103516335547,0.0008503233637745631,0.0008499375035459673,1
18.06,935,16.506129827153227,0.0006311380021377696,0.0008506658424907935,0.0008503233637745631,1
17.73,936,16.514277741768925,0.000493507826277323,0.000851023935066184,0.0008506658424907935,1
17.51,937,16.5209066757914,0.00040132569127866204,0.0008517374796827187,0.000851023935066184,1
17.48,938,16.527291673551797,0.0003864051996024037,0.0008526322359036911,0.0008517374796827187,1
17.45,939,16.53343436580956,0.00037160057048544754,0.0008534652807992221,0.0008526322359036911,1
17.41,940,16.539269800770608,0.0003528852670899952,0.0008544272602544453,0.0008534652807992221,1
17.24,941,16.543934612695498,0.00028200484436176435,0.0008555619313777204,0.0008544272602544453,1
17.29,942,16.54890116191371,0.00030015857748364854,0.0008569099152723183,0.0008555619313777204,1
17.25,943,16.553568311096242,0.0002819819359555795,0.0008578087622455729,0.0008569099152723183,1
17.56,944,16.560267949423487,0.00040464284270480343,0.0008584184361682917,0.0008578087622455729,1
17.35,945,16.565524991770587,0.0003173987352132197,0.0008594327920336475,0.0008584184361682917,1
17.45,946,16.571412641555764,0.00035535268299567935,0.0008608655646090333,0.0008594327920336475,1
17.55,947,16.5779266862037,0.00039301203968957843,0.0008622271301737172,0.0008608655646090333,1
17.55,948,16.584397291550815,0.00039023835805774063,0.0008637291361994052,0.0008622271301737172,1
17.67,949,16.5916235186579,0.00043562953271001075,0.000865059539621729,0.0008637291361994052,1
17.7,950,16.599001249747886,0.0004445671790136796,0.0008656343433786436,0.000865059539621729,1
17.74,951,16.60659603597644,0.00045744012948424064,0.0008666346884562571,0.0008656343433786436,1
17.95,952,16.61553797925934,0.0005383124091144837,0.0008672628826244085,0.0008666346884562571,1
18.29,953,16.626683375699443,0.0006705566838459947,0.0008662054139673537,0.0008672628826244085,1
18.19,954,16.637088856042645,0.0006256344355725568,0.0008649132817786462,0.0008662054139673537,1
18.02,955,16.64629344637928,0.0005531042781444623,0.0008634118558839744,0.0008649132817786462,1
18.01,956,16.655370108101472,0.0005451176294605933,0.0008618012805657278,0.0008634118558839744,1
18.02,957,16.66445281228986,0.0005451832343199209,0.0008592903737053173,0.0008618012805657278,1
18.02,958,16.673474962022926,0.0005412543943584531,0.0008575311569816006,0.0008592903737053173,1
17.99,959,16.682237292846345,0.0005253871335753686,0.0008555692206705703,0.0008575311569816006,1
17.78,960,16.68954353666762,0.00043786958660295086,0.0008534566764898622,0.0008555692206705703,1
17.79,961,16.696867627997133,0.00043874685487337874,0.0008520066810501883,0.0008534566764898622,1
17.74,962,16.70381012240129,0.0004157097982273205,0.0008517018932292815,0.0008520066810501883,1
17.8,963,16.711105657709584,0.000436663403387134,0.0008511168508265606,0.0008517018932292815,1
17.77,964,16.718152901519264,0.0004216213112587448,0.0008506080762211292,0.0008511168508265606,1
17.85,965,16.725685585621495,0.0004504676837560937,0.0008484097553830796,0.0008506080762211292,1
17.78,966,16.7327021981126,0.0004194232333801133,0.0008469840846851089,0.0008484097553830796,1
17.89,967,16.74040409788003,0.000460184354283872,0.0008450636832688596,0.0008469840846851089,1
15.72,968,16.733613307183937,-0.0004057350336578386,0.0008464129294833839,0.0008450636832688596,1
15.28,969,16.72393961000564,-0.0005782668847185424,0.0008488258085384125,0.0008464129294833839,1
15.31,970,16.71453003655491,-0.0005627993026330623,0.0008494635732421966,0.0008488258085384125,1
15.28,971,16.704983535399712,-0.0005713130081504488,0.0008490216831843247,0.0008494635732421966,1
15.5,972,16.696964701202432,-0.00048014171476054357,0.0008485966804221964,0.0008490216831843247,1
15.57,973,16.689465137447474,-0.0004492582116351567,0.0008453294930871072,0.0008485966804221964,1
15.92,974,16.68434466265199,-0.0003068558768886369,0.000838914855572904,0.0008453294930871072,1
15.93,975,16.67932485896938,-0.00030091436538393724,0.0008332447430919433,0.000838914855572904,1
15.79,976,16.673406885712026,-0.0003548718806460723,0.0008276135575500258,0.0008332447430919433,1
15.64,977,16.666530193268486,-0.000412519827183204,0.0008187065693393525,0.0008276135575500258,1
15.57,978,16.659233525749233,-0.0004378995000607916,0.0008103144827216341,0.0008187065693393525,1
15.45,979,16.651186972609874,-0.00048312529085413276,0.0008059450326097833,0.0008103144827216341,1
15.43,980,16.64306095729225,-0.000488133295341872,0.0008003918833481161,0.0008059450326097833,1
15.64,981,16.636386459431296,-0.0004011183158702084,0.0007925812282375761,0.0008003918833481161,1
15.79,982,16.63075454815544,-0.00033858703568036573,0.0007859637974081379,0.0007925812282375761,1
15.7,983,16.624561305188323,-0.00037246634890070396,0.00078217807178682,0.0007859637974081379,1
15.71,984,16.618475869813096,-0.00036611789778208696,0.0007761112671241912,0.00078217807178682,1
15.77,985,16.61283021609854,-0.00033977922831422794,0.0007692988693166957,0.0007761112671241912,1
15.73,986,16.606956027776416,-0.00035365600128945443,0.0007614102145276402,0.0007692988693166957,1
15.75,987,16.60125405450446,-0.00034340744736711867,0.0007558807899386542,0.0007614102145276402,1
15.83,988,16.596122368334306,-0.0003091621546030748,0.0007514261206442736,0.0007558807899386542,1
15.63,989,16.589694147580364,-0.00038740772469814783,0.0007503683125763521,0.0007514261206442736,1
15.69,990,16.58370797017182,-0.00036090223440277494,0.0007492564725190142,0.0007503683125763521,1
15.74,991,16.57809435148686,-0.00033855932703100346,0.0007480140221198701,0.0007492564725190142,1
15.87,992,16.573383081610725,-0.0002842268443305205,0.0007463722053859733,0.0007480140221198701,1
15.68,993,16.567439055646858,-0.0003587132511671949,0.0007446003696803189,0.0007463722053859733,1
15.7,994,16.56166769660436,-0.00034841622166524925,0.0007429115260158907,0.0007446003696803189,1
15.8,995,16.55660011406816,-0.00030602944602769046,0.0007416073743331826,0.0007429115260158907,1
15.75,996,16.55123363090449,-0.0003241820804107232,0.0007406837855993712,0.0007416073743331826,1
15.67,997,16.54537064596531,-0.0003542952595053545,0.0007405763314393448,0.0007406837855993712,1
15.59,998,16.53901447079321,-0.00038424019233675817,0.0007416864062925762,0.0007405763314393448,1
15.73,999,16.533632063878375,-0.00032548994569943764,0.0007406722513388856,0.0007416864062925762,1
15.74,1000,16.528352041759646,-0.00031940140959155395,0.0007392983262101986,0.0007406722513388856,1
15.79,1001,16.523439838381744,-0.0002972427898543539,0.0007372712745495538,0.0007392983262101986,1
15.83,1002,16.51882647148359,-0.0002792403453727633,0.0007335671018574817,0.0007372712745495538,1
16.07,1003,16.515840511096513,-0.0001807773873902,0.0007278601902129449,0.0007335671018574817,1
16.36,1004,16.51480374129627,-6.27762384931309e-05,0.0007205686851006126,0.0007278601902129449,1
16.94,1005,16.517632447408214,0.0001712683922373314,0.0007139713314463338,0.0007205686851006126,1
16.7,1006,16.518845675360854,7.344777785793737e-05,0.0007114701101662556,0.0007139713314463338,1
16.64,1007,16.519651666424096,4.879102430502296e-05,0.0007090857628925145,0.0007114701101662556,1
16.44,1008,16.519121780158997,-3.2076630568720024e-05,0.0007039008959660128,0.0007090857628925145,1
16.42,1009,16.51846237338611,-3.991858302401336e-05,0.000699148004846246,0.0007039008959660128,1
16.41,1010,16.517740834151528,-4.368172880916914e-05,0.0006942142078659087,0.000699148004846246,1
16.4,1011,16.516957576733564,-4.7420285686835825e-05,0.0006860947416699176,0.0006942142078659087,1
16.39,1012,16.51611301263526,-5.113445909937065e-05,0.0006789743497895209,0.0006860947416699176,1
16.34,1013,16.51494145935601,-7.09364746883551e-05,0.0006719637036801799,0.0006789743497895209,1
16.34,1014,16.513777708612675,-7.04690204846672e-05,0.0006649836434546342,0.0006719637036801799,1
16.23,1015,16.511889968714108,-0.00011431956011107749,0.0006582092781667138,0.0006649836434546342,1
16.4,1016,16.511145662400185,-4.507800690181186e-05,0.0006511933968973694,0.0006582092781667138,1
16.48,1017,16.51093847906595,-1.2548168271363527e-05,0.000644087315711347,0.0006511933968973694,1
16.41,1018,16.510267033639263,-4.066752962851497e-05,0.0006371109331696835,0.000644087315711347,1
16.48,1019,16.510065698044347,-1.2194643618743037e-05,0.0006300570343652812,0.0006371109331696835,1
16.49,1020,16.509932222489027,-8.084528390481105e-06,0.0006240484365724039,0.0006300570343652812,1
16.41,1021,16.509267485581155,-4.0263659557988206e-05,0.0006201162663280115,0.0006240484365724039,1
16.48,1022,16.509072803283424,-1.1792373331311027e-05,0.0006182299868319797,0.0006201162663280115,1
16.6,1023,16.50967763098985,3.663540858075466e-05,0.0006163433161226483,0.0006182299868319797,1
16.56,1024,16.51001236188568,2.027462377231655e-05,0.0006138735472402519,0.0006163433161226483,1
16.4,1025,16.509280594452182,-4.432362828501021e-05,0.0006130855003013186,0.0006138735472402519,1
16.45,1026,16.508886281514215,-2.3884605070152182e-05,0.0006137101078104357,0.0006130855003013186,1
16.4,1027,16.50816201475603,-4.387228996371299e-05,0.0006143324740033799,0.0006137101078104357,1
16.46,1028,16.507841663108604,-1.940584030485044e-05,0.0006128931742387361,0.0006143324740033799,1
16.46,1029,16.507523444528474,-1.9276999003501904e-05,0.0006128345987329295,0.0006128931742387361,1
16.45,1030,16.507140830297583,-2.317844141761842e-05,0.0006127087022683883,0.0006128345987329295,1
16.53,1031,16.507292875834718,9.210852349542742e-06,0.0006131919242087815,0.0006127087022683883,1
16.48,1032,16.507111341183514,-1.0997299846000847e-05,0.0006111040094986529,0.0006131919242087815,1
16.48,1033,16.506931015217155,-1.0924197916380568e-05,0.0006079763918827592,0.0006111040094986529,1
16.48,1034,16.50675188987169,-1.0851582114081674e-05,0.0006084355133699968,0.0006079763918827592,1
16.48,1035,16.50657395713718,-1.0779449203995542e-05,0.0006071138524890411,0.0006084355133699968,1
16.5,1036,16.506530232587806,-2.6489208117815297e-06,0.0006049188520852426,0.0006071138524890411,1
16.49,1037,16.506420287824934,-6.66070503482395e-06,0.0006033984311185321,0.0006049188520852426,1
16.55,1038,16.50671014033644,1.75598319670834e-05,0.0006024892196799723,0.0006033984311185321,1
16.57,1039,16.507131084012688,2.550104202715461e-05,0.0006008328856416631,0.0006024892196799723,1
16.51,1040,16.507150165176206,1.1559339048576371e-06,0.0005995358789076585,0.0006008328856416631,0
16.43,1041,16.506637042665815,-3.1085346688800326e-05,0.0005982143273340322,0.0005995358789076585,0
16.46,1042,16.506326863650003,-1.8791346133164896e-05,0.0005976094914354086,0.0005982143273340322,0
16.27,1043,16.50475508377563,-9.52274074543919e-05,0.0005977942042861615,0.0005976094914354086,0
16.34,1044,16.503659325657544,-6.639265400010746e-05,0.0005981890487484279,0.0005977942042861615,0
16.27,1045,16.50210530692269,-9.416650414260828e-05,0.0005982943796547973,0.0005981890487484279,0
16.29,1046,16.50069464825084,-8.548721166851917e-05,0.0005987753564086309,0.0005982943796547973,0
16.3,1047,16.499359887293064,-8.089446986010776e-05,0.0005997550676138983,0.0005987753564086309,0
16.47,1048,16.499164624543575,-1.1834635177212997e-05,0.0006005572493545815,0.0005997550676138983,0
16.42,1049,16.498638130449955,-3.19108576757875e-05,0.0006014097092106188,0.0006005572493545815,0
16.32,1050,16.497450082796888,-7.201142425742547e-05,0.000602329751501782,0.0006014097092106188,0
16.19,1051,16.49540537300685,-0.00012394864066226364,0.0006034670685289646,0.000602329751501782,1
16.29,1052,16.494039324107995,-8.281733216057695e-05,0.000604393416643102,0.0006034670685289646,1
16.27,1053,16.492549358991038,-9.03376297733438e-05,0.0006053048846673573,0.000604393416643102,1
16.3,1054,16.49126882431705,-7.764623655852937e-05,0.0006062615023689141,0.0006053048846673573,1
16.2,1055,16.48933177488393,-0.00011746598910602055,0.0006073327870992277,0.0006062615023689141,1
16.35,1056,16.488405170558288,-5.619574972164062e-05,0.0006081730355820204,0.0006073327870992277,1
16.4,1057,16.487817249129446,-3.565729399939495e-05,0.0006087950976178768,0.0006081730355820204,1
16.42,1058,16.48736624628654,-2.7354076315976216e-05,0.0006095008971119958,0.0006087950976178768,1
16.47,1059,16.487250756768493,-7.0047526579824455e-06,0.0006101957127103653,0.0006095008971119958,1
16.46,1060,16.487069534025213,-1.099175004564901e-05,0.0006108837781517171,0.0006101957127103653,1
16.57,1061,16.48762103435291,3.3449916784001245e-05,0.0006114383034550848,0.0006108837781517171,1
16.59,1062,16.488301866351932,4.129267290996174e-05,0.0006119995691907361,0.0006114383034550848,1
16.6,1063,16.489044667741307,4.5049190888142704e-05,0.0006124555950776482,0.0006119995691907361,1
16.59,1064,16.489716024921936,4.0714518473052214e-05,0.0006129705727423533,0.0006124555950776482,1
16.6,1065,16.490449413916455,4.4474549164904755e-05,0.0006133061211892999,0.0006129705727423533,1
16.6,1066,16.491177921873252,4.417659259188758e-05,0.0006131830218139766,0.0006133061211892999,1
16.6,1067,16.49190158133084,4.388064841744478e-05,0.0006102358876279198,0.0006131830218139766,1
16.64,1068,16.492886420463947,5.971474689160601e-05,0.0006057018985535649,0.0006102358876279198,1
16.68,1069,16.494130699680902,7.544054153264453e-05,0.0006031065936263178,0.0006057018985535649,1
16.93,1070,16.49702915427565,0.0001757109853085438,0.0006023899603454507,0.0006031065936263178,1
16.89,1071,16.499642327784592,0.0001583901282784374,0.0006020742588569357,0.0006023899603454507,1
17.09,1072,16.503568061498147,0.0002379001124899364,0.0006022102893814028,0.0006020742588569357,0
17.21,1073,16.5082656360125,0.0002845994311678729,0.0006023367198531889,0.0006022102893814028,1
17.26,1074,16.513264432964952,0.00030275986486371536,0.0006023545043028767,0.0006023367198531889,1
17.16,1075,16.51756499873925,0.00026039708191352847,0.00060214245337299,0.0006023545043028767,1
17.15,1076,16.52177044915764,0.00025457233834099194,0.0006022798133563723,0.00060214245337299,0
17.1,1077,16.525615434497674,0.00023269528010000915,0.000602467521416921,0.0006022798133563723,1
17.3,1078,16.530764742791757,0.0003115470180410263,0.0006025636733002576,0.000602467521416921,1
17.22,1079,16.535347823510822,0.0002772071097999511,0.000602656114652468,0.0006025636733002576,1
17.07,1080,16.538902983828358,0.0002149805509993553,0.0006026353533119037,0.000602656114652468,1
17.14,1081,16.542899948105816,0.00024164126151967732,0.0006027996230712789,0.0006026353533119037,1
17.34,1082,16.54820019854198,0.0003203429597687495,0.0006028754844108061,0.0006027996230712789,1
17.49,1083,16.554462587240383,0.00037836163293801127,0.0006028840225384728,0.0006028754844108061,1
17.17,1084,16.558555512057804,0.00024720941026818235,0.0006029968974485111,0.0006028840225384728,1
17.18,1085,16.56268769512324,0.0002495185981412346,0.0006030800549054729,0.0006029968974485111,1
16.7,1086,16.56360072415092,5.512413683976564e-05,0.0006035590872066512,0.0006030800549054729,1
16.66,1087,16.56424170761843,3.869756799941237e-05,0.0006040332187294505,0.0006035590872066512,1
16.52,1088,16.563947534570406,-1.7759681694624463e-05,0.0006047435299959727,0.0006040332187294505,1
16.28,1089,16.56205951254078,-0.00011399031757648479,0.0006057100529710253,0.0006047435299959727,1
16.32,1090,16.56045001958874,-9.718423972358123e-05,0.0006064530581746922,0.0006057100529710253,1
16.19,1091,16.55798684877381,-0.00014874921961198503,0.0006073264000829396,0.0006064530581746922,1
16.19,1092,16.555540067192045,-0.00014778139413714318,0.0006074470972581254,0.0006073264000829396,1
16.25,1093,16.553508509853263,-0.0001227191615974298,0.0006082833237002015,0.0006074470972581254,1
16.14,1094,16.550759075280883,-0.00016610756130647973,0.0006092409515730815,0.0006082833237002015,1
16.09,1095,16.54769548366702,-0.0001851199195512455,0.0006101428778608909,0.0006092409515730815,1
16.07,1096,16.544519295973554,-0.0001919598143774169,0.0006111282078290532,0.0006101428778608909,1
16.21,1097,16.542295093805162,-0.00013444643812126272,0.0006119530235581762,0.0006111282078290532,1
16.3,1098,16.540684092912063,-9.739152482492071e-05,0.0006126544107862796,0.0006119530235581762,1
16.33,1099,16.539283277228005,-8.469268843106307e-05,0.0006133122400770302,0.0006126544107862796,1
16.3,1100,16.537692315626863,-9.619752555080325e-05,0.0006139990849842146,0.0006133122400770302,1
16.18,1101,16.53531407894598,-0.00014381738730421514,0.0006148285538173285,0.0006139990849842146,1
16.2,1102,16.533084641057407,-0.000134837970887479,0.0006156221524533069,0.0006148285538173285,1
16.19,1103,16.530803547995635,-0.00013798093269300617,0.0006164189140624666,0.0006156221524533069,1
16.16,1104,16.528338168617687,-0.0001491496302991296,0.0006172443771744973,0.0006164189140624666,1
16.12,1105,16.525623242486546,-0.00016427236079089285,0.0006178204397705538,0.0006172443771744973,1
16.27,1106,16.523923682273615,-0.00010284922926766375,0.000618161875971276,0.0006178204397705538,1
16.56,1107,16.524163541598348,1.4515776547871998e-05,0.0006182075171913363,0.000618161875971276,1
16.4,1108,16.523338023318033,-4.995949717194885e-05,0.0006180887533053988,0.0006182075171913363,1
16.48,1109,16.523049885732078,-1.7438370980471004e-05,0.0006181287637192751,0.0006180887533053988,1
16.54,1110,16.52316257995882,6.820401996687917e-06,0.0006180920795176331,0.0006181287637192751,1
16.6,1111,16.523673437780204,3.0917200130615675e-05,0.0006179497963939316,0.0006180920795176331,1
16.57,1112,16.52398144123866,1.863995854438068e-05,0.0006173283899369721,0.0006179497963939316,1
16.69,1113,16.52508521589338,6.67961166092789e-05,0.0006148408602596166,0.0006173283899369721,1
16.69,1114,16.52618164773308,6.634734121530203e-05,0.0006119281899830312,0.0006148408602596166,1
16.74,1115,16.527603208104257,8.601498304978927e-05,0.0006082265730096897,0.0006119281899830312,1
16.63,1116,16.528283985258376,4.118946499497811e-05,0.0006039390687700056,0.0006082265730096897,1
16.66,1117,16.529159685579675,5.298052264544243e-05,0.0006015056031440789,0.0006039390687700056,1
16.67,1118,16.53009604423347,5.6647291862796214e-05,0.0005999360323235232,0.0006015056031440789,0
16.67,1119,16.53102617404412,5.626728607404671e-05,0.0005978978064581924,0.0005999360323235232,0
16.72,1120,16.532282532488818,7.599713969681499e-05,0.0005961982146821732,0.0005978978064581924,0
16.78,1121,16.53392943119287,9.961217857201826e-05,0.0005944334200258086,0.0005961982146821732,0
16.85,1122,16.536030753516542,0.00012708345064601093,0.0005927501658469881,0.0005944334200258086,0
16.75,1123,16.5374532733965,8.602177379802034e-05,0.0005899421155071891,0.0005927501658469881,0
16.84,1124,16.539464670532176,0.00012161938071524128,0.0005854019915131817,0.0005899421155071891,0
16.78,1125,16.54106379635092,9.668079042861888e-05,0.0005787573817589988,0.0005854019915131817,0
16.64,1126,16.541721541124986,3.976356690920741e-05,0.000572254737943979,0.0005787573817589988,0
16.91,1127,16.544169910256276,0.00014800079601038228,0.0005628618377159814,0.000572254737943979,0
16.88,1128,16.54640254977689,0.00013494112419462038,0.000554841661493744,0.0005628618377159814,0
16.75,1129,16.54775608565497,8.179908084366846e-05,0.0005502025744186163,0.000554841661493744,0
16.69,1130,16.548701733805334,5.7144976406811266e-05,0.0005451981327858975,0.0005502025744186163,0
16.71,1131,16.549774052894275,6.479567797791997e-05,0.000540157917325647,0.0005451981327858975,0
16.59,1132,16.550041476094716,1.6158591591589986e-05,0.0005300286232019986,0.000540157917325647,0
16.59,1133,16.55030712052619,1.6050854008554186e-05,0.0005226969937236791,0.0005300286232019986,0
16.56,1134,16.550371558604226,3.893459627337573e-06,0.0005175672117752331,0.0005226969937236791,0
16.41,1135,16.549438374388835,-5.638607699121611e-05,0.0005094572995559889,0.0005175672117752331,0
16.35,1136,16.548112521027846,-8.011791361161486e-05,0.0004980039996397566,0.0005094572995559889,0
16.41,1137,16.547194361094526,-5.548580871761553e-05,0.00049078987299718,0.0004980039996397566,0
16.43,1138,16.546415265899135,-4.708432862515188e-05,0.00048334535051517227,0.00049078987299718,0
16.39,1139,16.54537543795732,-6.284506942916469e-05,0.00047868906580569105,0.00048334535051517227,0
16.22,1140,16.543212392445657,-0.0001307426914578593,0.0004747499165060968,0.00047868906580569105,0
16.23,1141,16.54113021190359,-0.00012587105445723752,0.00047127703230388465,0.0004747499165060968,0
16.34,1142,16.539793138276323,-8.083653614133272e-05,0.00046811113229889065,0.00047127703230388465,0
16.26,1143,16.537933135273022,-0.00011246256709903724,0.00046399519828368817,0.00046811113229889065,0
16.24,1144,16.535952548033638,-0.00011976743589893525,0.00045868486134089515,0.00046399519828368817,0
16.29,1145,16.534317520430037,-9.888202313132817e-05,0.00045189657995896337,0.00045868486134089515,0
16.2,1146,16.532095072971014,-0.00013442325841011264,0.0004462179533663262,0.00045189657995896337,0
16.14,1147,16.529488545164153,-0.00015767713019240257,0.0004406703802354093,0.0004462179533663262,0
16.0,1148,16.525968678862494,-0.00021296733493089435,0.00043458352106707967,0.0004406703802354093,0
15.78,1149,16.521009739226443,-0.00030011455876742337,0.0004274723546742663,0.00043458352106707967,0
15.88,1150,16.516748543369168,-0.00025795914144385206,0.0004229155984683538,0.0004274723546742663,0
15.96,1151,16.513047496321004,-0.0002241035372550129,0.00041805790678215294,0.0004229155984683538,0
16.04,1152,16.50990287089128,-0.00019045090788435992,0.0004137468614343884,0.00041805790678215294,0
16.01,1153,16.506579732168618,-0.00020130180272910265,0.0004105523204256511,0.0004137468614343884,0
15.87,1154,16.502348037517443,-0.0002563969786527265,0.0004089843803701946,0.0004105523204256511,0
15.81,1155,16.49774563429743,-0.0002789327385323727,0.0004070504055801739,0.0004089843803701946,0
16.01,1156,16.494503341116623,-0.00019654878293763066,0.000404399081352807,0.0004070504055801739,0
16.16,1157,16.492279734009383,-0.00013481806367980365,0.0004031629020486408,0.000404399081352807,0
16.1,1158,16.489672066741182,-0.0001581269228326844,0.0004020382227657729,0.0004031629020486408,0
16.1,1159,16.487081741502287,-0.00015710007475474452,0.00040173659115760277,0.0004020382227657729,0
15.97,1160,16.483644477006564,-0.00020850402174309575,0.00040085425998997765,0.00040173659115760277,0
15.89,1161,16.47969827860223,-0.0002394295052200618,0.0004001996669577029,0.00040085425998997765,0
15.89,1162,16.475778323534346,-0.00023789400066607751,0.0003982438990941101,0.0004001996669577029,0
15.75,1163,16.470953805051572,-0.00029286780239259376,0.00039736566181426187,0.0003982438990941101,0
15.51,1164,16.46456600589426,-0.0003878972777156098,0.0003966461888676213,0.00039736566181426187,0
15.56,1165,16.458553053387817,-0.00036527235238379183,0.0003955896708878632,0.0003966461888676213,0
15.3,1166,16.450851785791507,-0.00046802838121960997,0.00039616498001750883,0.0003955896708878632,0
15.11,1167,16.44193874594839,-0.0005419449014314323,0.0003979894259117802,0.00039616498001750883,0
14.91,1168,16.43175552265302,-0.0006195363099676328,0.0003997739245729335,0.0003979894259117802,0
15.05,1169,16.422570634401136,-0.0005591281006502204,0.0004011438193865608,0.0003997739245729335,0
15.0,1170,16.413114463414953,-0.0005759691761832277,0.0004030158574317909,0.0004011438193865608,0
15.05,1171,16.404053536651585,-0.0005522065154188613,0.000404704185503561,0.0004030158574317909,0
15.05,1172,16.39505286424596,-0.0005488364543559983,0.0004064311970090063,0.000404704185503561,0
15.21,1173,16.38717559524529,-0.0004805816762589127,0.0004074554481290101,0.0004064311970090063,0
15.21,1174,16.379350708820546,-0.0004776146547166497,0.0004088190904842273,0.0004074554481290101,0
15.16,1175,16.371245498735338,-0.0004949656610412795,0.00041003623559844675,0.0004088190904842273,0
15.08,1176,16.362662415628822,-0.0005244154364748614,0.0004115206261511731,0.00041003623559844675,0
14.98,1177,16.3534716959867,-0.0005618463264968257,0.00041229177657424714,0.0004115206261511731,0
14.92,1178,16.343943265851443,-0.0005828246921719749,0.0004103780988519388,0.00041229177657424714,0
14.86,1179,16.334079371597994,-0.0006037020454061784,0.0004083269730364432,0.0004103780988519388,0
14.76,1180,16.323616361992485,-0.0006407684148237434,0.0004064766422061825,0.0004083269730364432,0
14.61,1181,16.312225869811403,-0.0006980357707751348,0.0004049662018721327,0.0004064766422061825,0
14.75,1182,16.30184170395362,-0.000636790623260761,0.000403048604771564,0.0004049662018721327,0
15.21,1183,16.294584215097842,-0.0004452935419191828,0.00040011348046619673,0.000403048604771564,0
15.27,1184,16.28777380482867,-0.00041804281717048073,0.00039704478274955375,0.00040011348046619673,0
15.27,1185,16.281008680132395,-0.0004154361494291196,0.0003939485044509324,0.00039704478274955375,0
15.21,1186,16.273889721693113,-0.00043735099184677944,0.00039092758469305076,0.0003939485044509324,0
15.01,1187,16.265488710064922,-0.0005163596982942477,0.0003882556657851302,0.00039092758469305076,0
15.02,1188,16.257210029169144,-0.0005091017286705131,0.0003855276521888983,0.0003882556657851302,0
15.04,1189,16.249119334333358,-0.0004977919784410807,0.00038272416350617136,0.0003855276521888983,0
15.43,1190,16.243674728630072,-0.00033512696653242353,0.000379235115111646,0.00038272416350617136,0
15.47,1191,16.23853220101099,-0.0003166365926542976,0.00037566643265298004,0.000379235115111646,0
12.93,1192,16.216540817151554,-0.0013551895084505043,0.0003801396366972765,0.00037566643265298004,0
12.84,1193,16.194097441636558,-0.0013849390390338508,0.0003848260916915734,0.0003801396366972765,0
12.84,1194,16.171803296057163,-0.0013776319272572261,0.00038926971906846013,0.0003848260916915734,0
12.92,1195,16.150189133350764,-0.0013374278194885694,0.00039309916573450484,0.00038926971906846013,0
12.89,1196,16.12851928141849,-0.0013426717642663034,0.00039686161894698625,0.00039309916573450484,0
12.85,1197,16.106727642409076,-0.0013520381823358663,0.00040060497199328744,0.00039686161894698625,0
12.8,1198,16.084748558259722,-0.0013655221915032266,0.00040772185932361546,0.00040060497199328744,0
12.84,1199,16.063181484049053,-0.0013417397274302144,0.00041451213317509554,0.00040772185932361546,0
12.84,1200,16.04175780915361,-0.0013346032446731476,0.0004208671988775699,0.00041451213317509554,0
12.93,1201,16.02107478545626,-0.0012901559152785223,0.00042465617502863214,0.0004208671988775699,0
12.78,1202,15.999532274042721,-0.0013455406778328462,0.00042967508452009965,0.00042465617502863214,0
12.59,1203,15.97687012299974,-0.001417429925719339,0.00043498922849608706,0.00042967508452009965,0
12.46,1204,15.953494580158054,-0.0014641578469244848,0.0004401137759110567,0.00043498922849608706,0
12.38,1205,15.929742723710422,-0.0014899278021943971,0.00044512994940495515,0.0004401137759110567,0
12.35,1206,15.905949389195836,-0.0014947587041821105,0.0004501022680672809,0.00044512994940495515,0
12.4,1207,15.882646583841565,-0.0014661112776491922,0.00045558964694532533,0.0004501022680672809,0
12.29,1208,15.8587675837177,-0.0015045961407139572,0.0004612807784543929,0.00045558964694532533,0
12.34,1209,15.835379679566001,-0.0014758503014818897,0.0004670756743570367,0.0004612807784543929,0
12.57,1210,15.81367599360585,-0.0013715220818252339,0.00047173773197944273,0.0004670756743570367,0
12.64,1211,15.79258186973928,-0.0013348069923203591,0.00047514696734126007,0.00047173773197944273,0
12.64,1212,15.771627993286044,-0.001327698657578406,0.00047827082156458637,0.00047514696734126007,0
12.7,1213,15.75121222498218,-0.001295300234177644,0.00048044026405274305,0.00047827082156458637,0
12.79,1214,15.731530382254334,-0.001250325966670888,0.00048220157075663366,0.00048044026405274305,0
12.76,1215,15.71177999949807,-0.0012562535632499332,0.0004844452911120373,0.00048220157075663366,0
12.65,1216,15.691429810494224,-0.0012960580765856216,0.0004875008325568944,0.0004844452911120373,0
12.56,1217,15.670616734179024,-0.0013272781379894958,0.0004908978639317605,0.0004875008325568944,0
12.55,1218,15.649875568361843,-0.0013244471797426742,0.0004940578832020652,0.0004908978639317605,0
12.62,1219,15.629737553138527,-0.0012876129846879343,0.0004969445156306166,0.0004940578832020652,0
12.66,1220,15.60999928295884,-0.0012636644738609761,0.0004993498983950042,0.0004969445156306166,0
12.6,1221,15.589993453455063,-0.0012824254425067123,0.0005017080363363538,0.0004993498983950042,0
12.53,1222,15.569655379289632,-0.001305411185008782,0.0005039836889700612,0.0005017080363363538,0
12.8,1223,15.55124705622743,-0.0011830200134633263,0.0005054913708632706,0.0005039836889700612,0
12.86,1224,15.533359902876757,-0.0011508690039735505,0.0005065499547400705,0.0005054913708632706,0
13.27,1225,15.518316695060044,-0.0009689144446768161,0.0005063812048222183,0.0005065499547400705,0
13.59,1226,15.505500344466741,-0.000826226592689423,0.0005051464237688992,0.0005063812048222183,0
13.76,1227,15.493899084936464,-0.0007484828922772297,0.0005032874116081958,0.0005051464237688992,0
13.55,1228,15.480979215937744,-0.0008342160135375532,0.0005025815106515431,0.0005032874116081958,0
13.69,1229,15.469075730708694,-0.0007692061184699043,0.0005015071541008123,0.0005025815106515431,0
13.62,1230,15.456786137950887,-0.0007947777466584495,0.0005006388430291902,0.0005015071541008123,0
13.45,1231,15.443448371974528,-0.0008632793256250614,0.0004999457768336597,0.0005006388430291902,0
13.67,1232,15.431661467521245,-0.0007635214959344312,0.0004989783654665593,0.0004999457768336597,0
13.51,1233,15.4188895144894,-0.0008279886974439699,0.0004975869301024079,0.0004989783654665593,0
13.38,1234,15.405338452055293,-0.0008792475400724297,0.0004964826062712104,0.0004975869301024079,0
13.38,1235,15.39187747791271,-0.000874168303420656,0.0004953766022639784,0.0004964826062712104,0
13.47,1236,15.379104157318103,-0.0008302186442867913,0.0004947790382953606,0.0004953766022639784,0
13.36,1237,15.365684665295166,-0.0008729604846250486,0.0004947472377905457,0.0004947790382953606,0
13.43,1238,15.352819623352083,-0.0008376086657319495,0.0004945976878630061,0.0004947472377905457,0
13.44,1239,15.340106570167954,-0.0008284028594081486,0.0004944409575990523,0.0004945976878630061,0
13.08,1240,15.32508539133632,-0.000979689287575636,0.0004949947052767022,0.0004944409575990523,0
12.87,1241,15.308768367076233,-0.0010652937062298406,0.0004962243253581427,0.0004949947052767022,0
12.93,1242,15.292958588951368,-0.0010332606100408564,0.0004971731945116006,0.0004962243253581427,0
12.87,1243,15.276855140763352,-0.0010535523585409098,0.0004982543252282255,0.0004971731945116006,0
12.76,1244,15.260127666054796,-0.001095555280458543,0.0004990131551166089,0.0004982543252282255,0
12.79,1245,15.24371077789493,-0.0010763818969916925,0.0004999895467912208,0.0004990131551166089,0
12.68,1246,15.226671948615293,-0.0011183864153311441,0.0005009927895077543,0.0004999895467912208,0
12.56,1247,15.208948852108987,-0.0011646286846315832,0.000502043073841929,0.0005009927895077543,0
12.59,1248,15.191542958733615,-0.0011451061637855846,0.0005029380640918491,0.000502043073841929,0
12.49,1249,15.1735881626616,-0.0011825931587620343,0.0005037807331592292,0.0005029380640918491,0
12.53,1250,15.156018569746525,-0.0011585771642471034,0.0005043819911281584,0.0005037807331592292,0
12.51,1251,15.13843285215738,-0.0011609861700106498,0.000504874610388283,0.0005043819911281584,0
12.51,1252,15.120964038816618,-0.0011546043263425485,0.0005048385018198154,0.000504874610388283,0
12.43,1253,15.103079665486254,-0.0011834535175163025,0.0005040908158060585,0.0005048385018198154,0
12.57,1254,15.086244631341069,-0.0011152972968016118,0.0005031840077309669,0.0005040908158060585,0
12.47,1255,15.068856903748893,-0.0011532197627628915,0.0005028554962602102,0.0005031840077309669,0
12.78,1256,15.053645039242166,-0.0010100001539481882,0.0005017993056957711,0.0005028554962602102,0
12.89,1257,15.03926536150518,-0.0009556854847170214,0.0005004541441239889,0.0005017993056957711,0
12.96,1258,15.0254464957943,-0.0009192748461801403,0.000498934375064539,0.0005004541441239889,0
12.87,1259,15.011121349464451,-0.0009538471565568107,0.0004975924817999171,0.000498934375064539,0
12.71,1260,14.99582806775852,-0.00101931608024791,0.0004969696762454777,0.0004975924817999171,0
12.77,1261,14.98103520826562,-0.0009869518740147625,0.0004961537071784758,0.0004969696762454777,0
12.78,1262,14.96640714390072,-0.0009769158485227782,0.0004953723245493097,0.0004961537071784758,0
13.03,1263,14.95353781474996,-0.0008602509103667848,0.0004940004234155659,0.0004953723245493097,0
12.96,1264,14.940288815533798,-0.0008864037546957257,0.0004927572391716442,0.0004940004234155659,0
12.85,1265,14.926396831957623,-0.0009302662332188516,0.0004914699789032055,0.0004927572391716442,0
13.03,1266,14.913793465681852,-0.0008447243063463599,0.000490015384935365,0.0004914699789032055,0
12.99,1267,14.901008040993709,-0.0008576562529855906,0.0004883299970847444,0.000490015384935365,0
13.04,1268,14.888639902396582,-0.0008303649194706554,0.0004889965534146071,0.0004883299970847444,0
12.87,1269,14.87522417169161,-0.0009014778175385098,0.0004897694967691019,0.0004889965534146071,0
12.85,1270,14.861764701364995,-0.000905234306215968,0.0004905708251026747,0.0004897694967691019,0
12.83,1271,14.848261782103044,-0.0009089806903533292,0.0004913712015418339,0.0004905708251026747,0
12.91,1272,14.835380292436184,-0.0008679184611597974,0.0004921113478447666,0.0004913712015418339,0
12.9,1273,14.82251797059871,-0.0008673792410917986,0.0004928597801102355,0.0004921113478447666,0
12.88,1274,14.809608230237925,-0.000871334111502396,0.0004935974382260434,0.0004928597801102355,0
12.87,1275,14.796717845207713,-0.0008707859132466885,0.0004943212277373013,0.0004935974382260434,0
12.89,1276,14.784046062550157,-0.0008567583631171994,0.0004950194390318138,0.0004943212277373013,0
12.94,1277,14.771790804339297,-0.0008292953414524683,0.0004956366391986761,0.0004950194390318138,0
12.86,1278,14.759085341516567,-0.0008604867355742201,0.0004963382283084519,0.0004956366391986761,0
12.85,1279,14.746397875592807,-0.0008600073831962243,0.000497016465120005,0.0004963382283084519,0
12.84,1280,14.733728286804476,-0.0008595342841180992,0.0004976864804585568,0.000497016465120005,0
12.87,1281,14.721342288882598,-0.0008410096061457445,0.000498319127785325,0.0004976864804585568,0
13.04,1282,14.710168409520147,-0.0007593140572239424,0.0004987159927721341,0.000498319127785325,0
13.1,1283,14.699467551960426,-0.000727711015938282,0.0004990504741979927,0.0004987159927721341,0
13.06,1284,14.688571992121085,-0.0007414962350387739,0.0004994099554920517,0.0004990504741979927,0
13.05,1285,14.677682397852932,-0.0007416400214121534,0.000499755805340312,0.0004994099554920517,0
12.94,1286,14.666134151920394,-0.0007870991497750326,0.0005002105192889962,0.000499755805340312,0
13.04,1287,14.65532724409183,-0.000737132994290365,0.0005005403829858435,0.0005002105192889962,0
12.99,1288,14.644259881939602,-0.0007554620227915118,0.0005008861442364226,0.0005005403829858435,0
13.07,1289,14.63379774442626,-0.0007146743197351801,0.0005011776238524425,0.0005008861442364226,0
13.13,1290,14.62380389296804,-0.0006831627534456013,0.0005013998005340845,0.0005011776238524425,0
13.01,1291,14.613078982177088,-0.0007336562736739399,0.0005017059824654763,0.0005013998005340845,0
12.84,1292,14.601295585891565,-0.0008066848665243513,0.0005021377854532068,0.0005017059824654763,0
12.86,1293,14.589723427305401,-0.0007928575009417969,0.0005025793411286202,0.0005021377854532068,0
12.9,1294,14.578494016184067,-0.0007699758614239785,0.0005029572275878383,0.0005025793411286202,0
12.82,1295,14.566807589625117,-0.0008019424429580741,0.0005033791969431226,0.0005029572275878383,0
12.85,1296,14.555398212120753,-0.0007835517794064548,0.0005037645379335966,0.0005033791969431226,0
12.7,1297,14.54306781827411,-0.0008474944742300785,0.0005043265719690896,0.0005037645379335966,0
12.61,1298,14.530221271617155,-0.0008837354076671129,0.0005049991530901999,0.0005043265719690896,0
12.54,1299,14.516994916842924,-0.0009106797431127711,0.0005057174490536005,0.0005049991530901999,0
12.53,1300,14.50379001857433,-0.0009100304632895866,0.0005064206040815036,0.0005057174490536005,0
12.58,1301,14.491005173382066,-0.0008818717936227097,0.00050701108865531,0.0005064206040815036,0
12.47,1302,14.477574285058433,-0.0009272728961573089,0.0005077145214164272,0.00050701108865531,0
12.54,1303,14.464697863566094,-0.0008898003775090648,0.0005081554225523484,0.0005077145214164272,0
12.58,1304,14.452172853795949,-0.0008662770377773789,0.0005082672996770758,0.0005081554225523484,0
12.55,1305,14.439531725746878,-0.0008750697848877138,0.0005076158900486442,0.0005082672996770758,0
12.63,1306,14.427506269235082,-0.0008331618373536124,0.0005071984851040912,0.0005076158900486442,0
12.8,1307,14.41669049625767,-0.0007499445085789159,0.0005066611239520767,0.0005071984851040912,0
12.6,1308,14.404617491756621,-0.0008377832964570003,0.000506553183508637,0.0005066611239520767,0
12.6,1309,14.392624732668509,-0.0008329102966159069,0.0005064407444856272,0.000506553183508637,0
12.39,1310,14.379316111764236,-0.0009251111647553302,0.0005065787857145734,0.0005064407444856272,0
12.78,1311,14.36868772557677,-0.0007394173683743355,0.0005062594205423159,0.0005065787857145734,0
12.85,1312,14.358595172666913,-0.0007026458687958287,0.0005058777234604511,0.0005062594205423159,0
12.94,1313,14.349167802266907,-0.000656781982429095,0.0005054757499846035,0.0005058777234604511,0
13.23,1314,14.341730304563775,-0.0005184569574669419,0.0005049571725579898,0.0005054757499846035,0
13.06,1315,14.333212496744057,-0.0005940941629259372,0.000504586312409006,0.0005049571725579898,0
13.09,1316,14.324950669648327,-0.0005765775898924206,0.0005040162401266427,0.000504586312409006,0
13.1,1317,14.316810210757556,-0.0005684328658391302,0.0005033375164699921,0.0005040162401266427,0
12.94,1318,14.307660572535047,-0.0006392878738887865,0.0005027950149018958,0.0005033375164699921,0
12.94,1319,14.298571747765015,-0.0006354437015050013,0.0005021540490177319,0.0005027950149018958,0
12.91,1320,14.289343966527909,-0.0006455721816037251,0.0005015014523377144,0.0005021540490177319,0
12.91,1321,14.280177517876737,-0.0006416942594376273,0.0005009335198540647,0.0005015014523377144,0
12.92,1322,14.271138449108633,-0.0006331805567595889,0.0005002607820810873,0.0005009335198540647,0
13.17,1323,14.263820833432662,-0.0005128877713773062,0.0004993475199843987,0.0005002607820810873,0
12.96,1324,14.255156300458069,-0.0006076328194034847,0.0004985277395528767,0.0004993475199843987,0
12.96,1325,14.246549355976104,-0.0006039599768058179,0.0004979030395495009,0.0004985277395528767,0
12.93,1326,14.237800252696086,-0.0006143095191118965,0.0004972154742014703,0.0004979030395495009,0
12.97,1327,14.22937511874722,-0.0005919192252077823,0.0004965649690800238,0.0004972154742014703,0
12.75,1328,14.219543978869956,-0.0006911433249800647,0.0004959266323101079,0.0004965649690800238,0
12.74,1329,14.209711726175234,-0.0006916996483305617,0.0004952776187299366,0.0004959266323101079,0
12.69,1330,14.19961254978512,-0.0007109762074894279,0.000494656236596412,0.0004952776187299366,0
12.62,1331,14.189115314984008,-0.0007395354472760978,0.0004939570568688338,0.000494656236596412,0
12.65,1332,14.17888721201618,-0.0007211014170842943,0.000493285610365455,0.0004939570568688338,0
12.75,1333,14.169391632394467,-0.0006699228569722176,0.0004925368027758582,0.000493285610365455,0
12.73,1334,14.159826255097098,-0.0006753012172003242,0.0004917826674410737,0.0004925368027758582,0
12.7,1335,14.150125089782627,-0.0006853537525385497,0.0004910285304425513,0.0004917826674410737,0
12.62,1336,14.139956768078324,-0.0007188612739457094,0.0004902772447548603,0.0004910285304425513,0
12.59,1337,14.129656665843848,-0.0007287048840862411,0.0004895410240847833,0.0004902772447548603,0
12.64,1338,14.119757291521752,-0.0007008552278110381,0.0004886676071983868,0.0004895410240847833,0
12.62,1339,14.10979080328861,-0.0007061033080489606,0.00048775767003035716,0.0004886676071983868,0
12.54,1340,14.099358923509618,-0.0007396096908671695,0.00048696930065672545,0.00048775767003035716,0
12.59,1341,14.089328646228262,-0.0007116526925817826,0.00048624281002918106,0.00048696930065672545,0
12.72,1342,14.080228932543879,-0.0006460672288130823,0.0004853945552620219,0.00048624281002918106,0
12.66,1343,14.070790975111954,-0.0006705233285681328,0.0004848075769966465,0.0004853945552620219,0
12.66,1344,14.061415744525965,-0.0006665123021803894,0.0004841183096748311,0.0004848075769966465,0
12.69,1345,14.05230218476644,-0.0006483354568526626,0.0004834919662476825,0.0004841183096748311,0
12.68,1346,14.043182742019075,-0.0006491749896038047,0.0004828314513148041,0.0004834919662476825,0
12.7,1347,14.034256815984394,-0.0006358077143705132,0.00048213859301877554,0.0004828314513148041,0
13.02,1348,14.027516725107573,-0.00048037526898034376,0.00048118184753635356,0.00048213859301877554,0
12.94,1349,14.020289802547152,-0.0005153289055405287,0.0004802800161945239,0.00048118184753635356,0
12.91,1350,14.01291155114823,-0.0005263937911479577,0.00047950693557066845,0.0004802800161945239,0
13.02,1351,14.006313323355226,-0.000470978618753801,0.0004789082110867297,0.00047950693557066845,0
12.9,1352,13.99896150902394,-0.0005250306982644791,0.00047816009604223844,0.0004789082110867297,0
13.1,1353,13.992987620236981,-0.0004268290750363915,0.00047748013982709735,0.00047816009604223844,0
13.24,1354,13.987983778982095,-0.00035766029969689934,0.0004768311716902372,0.00047748013982709735,0
13.24,1355,13.983013193806341,-0.0003554099435863386,0.00047630895480704733,0.0004768311716902372,0
12.77,1356,13.974952349726378,-0.000576640263096014,0.0004754529960752248,0.00047630895480704733,0
12.9,1357,13.967808967855925,-0.0005112867654617316,0.0004745198837830291,0.0004754529960752248,0
13.57,1358,13.965165409613112,-0.00018927867938316984,0.00047401192887501205,0.0004745198837830291,0
13.65,1359,13.96307104388485,-0.00014998195361708947,0.00047353233052638234,0.00047401192887501205,0
13.41,1360,13.959395728924248,-0.0002632514535146185,0.0004727884279719457,0.00047353233052638234,0
13.46,1361,13.956077104299135,-0.0002377623807824075,0.00047191844905549585,0.0004727884279719457,0
13.11,1362,13.950454689026692,-0.00040294619124702565,0.0004707345728204547,0.00047191844905549585,0
13.17,1363,13.945268356694893,-0.0003718371008383567,0.00046956485443935554,0.0004707345728204547,0
13.3,1364,13.940980377300964,-0.00030753361404953027,0.0004685077807819912,0.00046956485443935554,0
13.14,1365,13.935657654201986,-0.0003818769794008977,0.0004673141338460358,0.0004685077807819912,0
13.49,1366,13.932696145284513,-0.00021253562014665478,0.0004664363015368991,0.0004673141338460358,0
13.48,1367,13.929687866013799,-0.00021593839789048393,0.0004655480049710676,0.0004664363015368991,0
13.45,1368,13.926500222332281,-0.0002288643144799467,0.00046455446983644937,0.0004655480049710676,0
13.1,1369,13.921007929360245,-0.00039445490155407253,0.0004631821470564945,0.00046455446983644937,0
12.78,1370,13.913425662429836,-0.0005448120288097918,0.00046119044019587156,0.0004631821470564945,0
12.49,1371,13.903966669810677,-0.0006800776198397438,0.00045931197144694037,0.00046119044019587156,0
12.51,1372,13.8947034456123,-0.0006664509131390083,0.00045694990211202495,0.00045931197144694037,0
12.46,1373,13.885169523065281,-0.0006863906780337135,0.0004542821357325519,0.00045694990211202495,0
12.63,1374,13.876828649113564,-0.0006008842844057376,0.0004514174581882225,0.0004542821357325519,0
12.72,1375,13.86914127698898,-0.0005541253264356536,0.0004487889173490731,0.0004514174581882225,0
12.73,1376,13.861571446464282,-0.0005459528421222978,0.0004461672630571322,0.0004487889173490731,0
12.69,1377,13.853786116092078,-0.0005618062519599714,0.00044364709539362743,0.0004461672630571322,0
12.46,1378,13.8445241304214,-0.0006687762490533023,0.0004406002445802816,0.00044364709539362743,0
12.47,1379,13.835390150687543,-0.0006599717016916996,0.0004377362001521267,0.0004406002445802816,0
12.41,1380,13.82591816277458,-0.0006848546840838824,0.00043524860843302575,0.0004377362001521267,0
12.42,1381,13.8165755761873,-0.0006759583293199583,0.0004325495773769809,0.00043524860843302575,0
12.49,1382,13.807760241662558,-0.0006382296307214626,0.00042925402748849976,0.0004325495773769809,0
12.49,1383,13.799003492430817,-0.0006343916012587931,0.00042547220770460523,0.00042925402748849976,0
12.47,1384,13.790172035626686,-0.0006402117451314739,0.0004225895568006172,0.00042547220770460523,0
12.48,1385,13.781465722783759,-0.0006315412387603724,0.00041964874284675335,0.0004225895568006172,0
12.5,1386,13.772950173732545,-0.0006180896270346261,0.0004178615109504676,0.00041964874284675335,0
12.49,1387,13.764424765761815,-0.0006191881587729422,0.0004161421575200054,0.0004178615109504676,0
12.39,1388,13.755291500429571,-0.000663761615797733,0.0004146988559895818,0.0004161421575200054,0
12.39,1389,13.74621893283427,-0.0006597868830833488,0.00041367033746279365,0.0004146988559895818,0
12.3,1390,13.736608596341831,-0.0006993703158054614,0.0004125788377241096,0.00041367033746279365,0
12.31,1391,13.727128579360137,-0.0006903661579313973,0.0004116799073183239,0.0004125788377241096,0
12.32,1392,13.717778015695325,-0.0006814061468364456,0.00041076296527052324,0.0004116799073183239,0
12.29,1393,13.708290239555714,-0.0006918801798195278,0.00040974027591405676,0.00041076296527052324,0
12.25,1394,13.69859971156805,-0.0007071600177019036,0.00040888736890739793,0.00040974027591405676,0
11.71,1395,13.68538521636454,-0.0009651258766046128,0.00040852585492328605,0.00040888736890739793,0
11.61,1396,13.671594028944247,-0.0010082391381672445,0.0004082964277681481,0.00040852585492328605,0
11.62,1397,13.657960945087826,-0.0009976807160015126,0.000407792963113141,0.0004082964277681481,0
11.57,1398,13.644086207109472,-0.0010163881920973847,0.00040716463012892447,0.000407792963113141,0
11.62,1399,13.630635932039803,-0.0009862814434085162,0.00040636596596428057,0.00040716463012892447,0
11.65,1400,13.61747439660363,-0.0009660513188635496,0.0004055414511652574,0.00040636596596428057,0
11.71,1401,13.604799034763092,-0.0009312493894772114,0.00040481733906822995,0.0004055414511652574,0
11.56,1402,13.591211144632158,-0.0009992562270673298,0.0004042123813247257,0.00040481733906822995,0
11.53,1403,13.577514202363048,-0.0010082875257918162,0.00040362543450074963,0.0004042123813247257,0
11.5,1404,13.563708932690346,-0.0010172917259164817,0.0004030908821860949,0.00040362543450074963,0
11.77,1405,13.551789581508686,-0.000879154181372386,0.0004022690924222083,0.0004030908821860949,0
11.91,1406,13.540879753771177,-0.0008053712384109324,0.00040105018571037586,0.0004022690924222083,0
11.78,1407,13.529178568582115,-0.000864511319369338,0.0003992861065950606,0.00040105018571037586,0
11.69,1408,13.516957088431605,-0.0009037506235520748,0.0003979167421337528,0.0003992861065950606,0
11.55,1409,13.50388651767114,-0.0009674436498318526,0.000396488323170105,0.0003979167421337528,0
11.55,1410,13.49090280897445,-0.0009619419170692093,0.0003948780768891797,0.000396488323170105,0
11.73,1411,13.479201496569358,-0.0008677247226583792,0.0003929024512119917,0.0003948780768891797,0
11.8,1412,13.46804310073209,-0.0008281660438219344,0.0003909117664898225,0.0003929024512119917,0
11.61,1413,13.45569629828019,-0.0009171685355016351,0.0003887329287267188,0.0003909117664898225,0
11.6,1414,13.443365097108604,-0.000916849986261159,0.0003865161853509849,0.0003887329287267188,0
11.78,1415,13.432311952973349,-0.0008225388880692106,0.00038398072945310785,0.0003865161853509849,0
11.66,1416,13.420534857801771,-0.0008771580912580667,0.00038177652070505737,0.00038398072945310785,0
11.57,1417,13.408237974292062,-0.0009166937636533785,0.0003795268815392494,0.00038177652070505737,0
11.61,1418,13.396288612085486,-0.0008915929150736157,0.0003771662042211531,0.0003795268815392494,0
11.03,1419,13.380564539198657,-0.0011744527712344802,0.0003755953289315008,0.0003771662042211531,0
10.92,1420,13.364214007851526,-0.0012227084516995869,0.00037404720971010596,0.0003755953289315008,0
10.83,1421,13.347374082050779,-0.0012608705985636065,0.00037245326325837774,0.00037404720971010596,0
10.84,1422,13.330712516848742,-0.0012490826361599876,0.0003705336104584148,0.00037245326325837774,0
10.95,1423,13.3148926290294,-0.0011874295660807398,0.0003685783757626127,0.0003705336104584148,0
10.93,1424,13.299044972259326,-0.0011909292702620138,0.0003663082991842907,0.0003685783757626127,0
10.95,1425,13.283435531664317,-0.0011744157876325946,0.00036409533291124034,0.0003663082991842907,0
10.95,1426,13.267929823758434,-0.0011679783288750666,0.00036221560157739466,0.00036409533291124034,0
11.0,1427,13.252859409535846,-0.001136498292877655,0.0003593218501968873,0.00036221560157739466,0
10.99,1428,13.237822695641503,-0.0011352456270897632,0.0003564568541811542,0.0003593218501968873,0
10.87,1429,13.22208850777331,-0.001189285149278704,0.00035415952259177725,0.0003564568541811542,0
10.83,1430,13.206193081219363,-0.0012029104818743286,0.000352045981710055,0.00035415952259177725,0
10.9,1431,13.190868437090304,-0.0011610872551140639,0.00034963901909882116,0.000352045981710055,0
10.94,1432,13.175911432155587,-0.0011345341837901645,0.00034744295630767915,0.00034963901909882116,0
10.88,1433,13.160655124077529,-0.0011585648229425853,0.0003452800651710493,0.00034744295630767915,0
10.8,1434,13.144968602223027,-0.001192636515831407,0.0003432862582135652,0.0003452800651710493,0
10.79,1435,13.129319874560478,-0.0011911819820907702,0.00034166823674926255,0.0003432862582135652,0
10.71,1436,13.113243541230961,-0.0012252107452973779,0.0003403100942597247,0.00034166823674926255,0
10.76,1437,13.097606291073864,-0.0011931892412777837,0.00033859443477627255,0.0003403100942597247,0
10.64,1438,13.081275560300215,-0.0012476264635513199,0.0003370024272131196,0.00033859443477627255,0
10.44,1439,13.063724359947905,-0.0013426049372585775,0.000335950445767537,0.0003370024272131196,0
10.55,1440,13.047020741231623,-0.0012794442234547753,0.000334984127823863,0.000335950445767537,0
10.68,1441,13.031291970491493,-0.0012062722631817292,0.0003336101452589621,0.000334984127823863,0
10.75,1442,13.01613287123682,-0.0011639615860879668,0.00033171108567465373,0.0003336101452589621,0
10.66,1443,13.000476463967079,-0.0012035703006480103,0.0003301408026375316,0.00033171108567465373,0
10.55,1444,12.984193154537031,-0.0012533014119901122,0.0003287877106827659,0.0003301408026375316,0
10.62,1445,12.96848320082614,-0.001210661699365455,0.00032705174257772546,0.0003287877106827659,0
10.42,1446,12.951548655688043,-0.0013066764455654046,0.00032595755042662516,0.00032705174257772546,0
10.42,1447,12.934726647040609,-0.0012996857074771952,0.0003249382924286101,0.00032595755042662516,0
10.35,1448,12.917551280794145,-0.0013287315586946835,0.0003243814700615598,0.0003249382924286101,0
10.21,1449,12.899559759295839,-0.0013937674422887063,0.00032465158226260534,0.0003243814700615598,0
10.22,1450,12.881754247383725,-0.0013812728659562965,0.0003245699284579002,0.00032465158226260534,0
10.3,1451,12.864598654382773,-0.0013326621914505259,0.00032397529622696397,0.0003245699284579002,0
9.92,1452,12.845031991525442,-0.001522127400786457,0.000324275274849256,0.00032397529622696397,0
9.89,1453,12.825396007991937,-0.0015298527444595,0.0003246407215451122,0.000324275274849256,0
9.83,1454,12.805491816570196,-0.0015531413159882716,0.000325461300022059,0.0003246407215451122,0
9.76,1455,12.785254750392882,-0.0015815928107323757,0.0003265659793828405,0.000325461300022059,0
9.56,1456,12.763823181643025,-0.0016776788449003146,0.00032785089641227614,0.0003265659793828405,0
9.48,1457,12.742002439016959,-0.00171104031480803,0.0003289039232960445,0.00032785089641227614,0
9.37,1458,12.719595761275556,-0.0017600374767756512,0.0003304712835850265,0.0003289039232960445,0
9.5,1459,12.698201821861037,-0.001683383022992759,0.0003312796324962348,0.0003304712835850265,0
9.56,1460,12.677348746504505,-0.0016435568556051677,0.0003320502035806711,0.0003312796324962348,0
9.29,1461,12.654840120591155,-0.001777077532065508,0.0003340654898771712,0.0003320502035806711,0
9.35,1462,12.632879765622942,-0.0017368399039152103,0.0003356310724503256,0.0003340654898771712,0
9.31,1463,12.610799547474024,-0.00174936652506433,0.0003375615692495124,0.0003356310724503256,0
9.26,1464,12.588533813641636,-0.0017671689411586943,0.00034008143889054446,0.0003375615692495124,0
9.37,1465,12.567146980819368,-0.0017003585114509893,0.00034186036620775556,0.00034008143889054446,0
9.6,1466,12.547430595676884,-0.0015701151359551401,0.0003431306753008354,0.00034186036620775556,0
9.57,1467,12.527645884462926,-0.0015780382831768597,0.00034469638640880173,0.0003431306753008354,0
9.38,1468,12.506730118530694,-0.0016709640213394647,0.000347107515433461,0.00034469638640880173,0
9.57,1469,12.487215872302206,-0.0015615181533031707,0.00034854193084632776,0.000347107515433461,0
9.49,1470,12.467299712329451,-0.0015961972200036524,0.00035021404007003063,0.00034854193084632776,0
9.41,1471,12.44698430953083,-0.0016308240913802381,0.0003519930302433764,0.00035021404007003063,0
9.44,1472,12.427003254074545,-0.0016065827566217438,0.0003535551864467854,0.0003519930302433764,0
9.51,1473,12.407620119147584,-0.0015609770739415457,0.0003545276784521228,0.0003535551864467854,0
9.56,1474,12.388698033620745,-0.001526201517756091,0.0003552477389128693,0.0003545276784521228,0
9.87,1475,12.371961600909849,-0.0013518569785110988,0.00035517668982656416,0.0003552477389128693,0
9.96,1476,12.35593442412645,-0.0012962832754912792,0.0003549979717663706,0.00035517668982656416,0
10.02,1477,12.340412443717526,-0.0012570265987810816,0.00035481492956283394,0.0003549979717663706,0
10.02,1478,12.324993610271566,-0.0012502397423046895,0.00035466947565600173,0.00035481492956283394,0
9.96,1479,12.309278546366354,-0.001275870132236424,0.0003546561975822444,0.00035466947565600173,0
9.99,1480,12.293867258249296,-0.0012527902126900528,0.00035467211558620206,0.0003546561975822444,0
10.13,1481,12.279488661801096,-0.0011702592137554466,0.0003546200975941033,0.00035467211558620206,0
10.17,1482,12.265471408349477,-0.0011421697110454384,0.0003543436510165278,0.0003546200975941033,0
9.91,1483,12.249819639702066,-0.0012768986297879744,0.0003536476145483009,0.0003543436510165278,0
9.79,1484,12.233474497591457,-0.0013352079542293762,0.0003529880117933555,0.0003536476145483009,0
9.83,1485,12.217503766077908,-0.0013063472236207946,0.00035218753589219586,0.0003529880117933555,0
9.91,1486,12.202170750951197,-0.0012557920975604423,0.0003513168207428783,0.00035218753589219586,0
10.11,1487,12.188268595895282,-0.0011399677032247152,0.0003505281261035822,0.0003513168207428783,0
10.05,1488,12.174060132375503,-0.0011664291447018558,0.000349741798399751,0.0003505281261035822,0
10.14,1489,12.160544122366806,-0.001110847027309991,0.00034879784474691194,0.000349741798399751,0
10.07,1490,12.146652789628181,-0.0011429811755941034,0.00034702385127815947,0.00034879784474691194,0
9.98,1491,12.132255731559683,-0.001185972569024364,0.00034518431160959713,0.00034702385127815947,0
10.06,1492,12.11848593111617,-0.0011356190350693622,0.0003446008238560175,0.00034518431160959713,0
9.9,1493,12.103744459601392,-0.0012171854612062494,0.00034406256838115834,0.0003446008238560175,0
10.06,1494,12.090164120510895,-0.0011226247691056913,0.00034336751734837163,0.00034406256838115834,0
9.98,1495,12.076142438318186,-0.0011604324998564168,0.0003428850936790085,0.00034336751734837163,0
10.15,1496,12.063343552941422,-0.0010604108621641826,0.0003422429741501991,0.0003428850936790085,0
10.12,1497,12.050430373115766,-0.0010710211599089497,0.00034157241992713164,0.0003422429741501991,0
10.09,1498,12.037403658351717,-0.001081601277805605,0.0003408574567004301,0.00034157241992713164,0
10.07,1499,12.024330611331273,-0.0010866256073034544,0.00034023502060430465,0.0003408574567004301,0
10.3,1500,12.012872744909515,-0.0009533444569030629,0.00033956244639769644,0.00034023502060430465,0
10.33,1501,12.001690361918357,-0.0009313002072649901,0.0003390415142896184,0.00033956244639769644,0
10.3,1502,11.990382942676645,-0.0009425963263254529,0.0003383177891194321,0.0003390415142896184,0
10.32,1503,11.979283558777274,-0.0009261192425871612,0.0003372910431638168,0.0003383177891194321,0
10.17,1504,11.967261209679592,-0.0010040989398697087,0.0003360341224825345,0.0003372910431638168,0
10.33,1505,11.956381919946494,-0.0009095011511490059,0.0003346312394554872,0.0003360341224825345,0
10.24,1506,11.944976891450693,-0.0009543415042975491,0.0003331749193391143,0.0003346312394554872,0
10.37,1507,11.9345114752678,-0.0008765193535314891,0.00033188403058289587,0.0003331749193391143,0
10.12,1508,11.922454401673182,-0.0010107802210345732,0.0003303584266639876,0.00033188403058289587,0
10.14,1509,11.91061034444534,-0.0009939181829148962,0.0003289664921136678,0.0003303584266639876,0
10.19,1510,11.899177232003458,-0.0009603708797413195,0.0003280571601944866,0.0003289664921136678,0
10.18,1511,11.887753645531635,-0.0009604927519963259,0.00032729208547349517,0.0003280571601944866,0
10.02,1512,11.875342802193716,-0.0010445477502190154,0.0003265974392797765,0.00032729208547349517,0
10.04,1513,11.863147325718066,-0.0010274855294384938,0.00032600448508749303,0.0003265974392797765,0
10.29,1514,11.852694087296562,-0.0008815406475701574,0.0003255440543413811,0.00032600448508749303,0
10.26,1515,11.842110967597549,-0.000893286134090429,0.0003250526971711903,0.0003255440543413811,0
10.15,1516,11.830867246553495,-0.0009499203511970368,0.00032440718888869535,0.0003250526971711903,0
10.26,1517,11.820429167333689,-0.0008826645030220784,0.0003236528806673006,0.00032440718888869535,0
10.24,1518,11.809927554009636,-0.0008888239935819488,0.00032289798781404583,0.0003236528806673006,0
10.22,1519,11.799362828767055,-0.000894963446715759,0.00032227296656752867,0.00032289798781404583,0
10.49,1520,11.790662397846507,-0.0007376364570589436,0.00032192106262440216,0.00032227296656752867,0
10.35,1521,11.781089512403481,-0.0008122337283849913,0.000321369735347791,0.00032192106262440216,0
10.41,1522,11.77197892590392,-0.0007736220847665178,0.00032077910106392897,0.000321369735347791,0
10.48,1523,11.763394013987371,-0.0007295327181963496,0.000320660752814258,0.00032077910106392897,0
10.62,1524,11.755796417649663,-0.0006460763710444076,0.0003208248747597028,0.000320660752814258,0
10.16,1525,11.745192711706208,-0.0009024051374747733,0.0003208200498964557,0.0003208248747597028,0
10.15,1526,11.734593019958718,-0.0009028781257792978,0.0003207687727046543,0.0003208200498964557,0
10.17,1527,11.724196658820976,-0.0008863510829611827,0.0003206082262211473,0.0003207687727046543,0
9.8,1528,11.711410817346918,-0.0010911466882716709,0.00032069652186219287,0.0003206082262211473,0
10.03,1529,11.700238234397078,-0.0009544465469563144,0.0003205638855006125,0.00032069652186219287,0
10.03,1530,11.689139893416035,-0.0009490070025238223,0.00032046870366204635,0.0003205638855006125,0
10.05,1531,11.67824819630053,-0.0009322135501364599,0.000320444486169344,0.00032046870366204635,0
10.29,1532,11.669023617467209,-0.0007902061865649559,0.0003204013970441073,0.000320444486169344,0
10.19,1533,11.659195859961716,-0.0008425639253271656,0.00032038673630629835,0.0003204013970441073,0
10.38,1534,11.650695912075948,-0.0007292996763468657,0.0003205856805992848,0.00032038673630629835,0
10.62,1535,11.643847188040693,-0.0005880110378771807,0.0003211809779934938,0.0003205856805992848,0
10.45,1536,11.635914365292313,-0.0006815209887140409,0.00032145042454543953,0.0003211809779934938,0
10.74,1537,11.629961234739,-0.0005117478306490999,0.0003223389645558433,0.00032145042454543953,0
10.84,1538,11.624712137909967,-0.0004514444760470743,0.00032347222144946,0.0003223389645558433,0
10.92,1539,11.620029501320138,-0.0004028985760176567,0.00032483694716401714,0.00032347222144946,0
10.79,1540,11.614514163353897,-0.00047475329401186456,0.0003258633213843099,0.00032483694716401714,0
10.95,1541,11.610098634337616,-0.0003802456564462554,0.0003272679404030643,0.0003258633213843099,0
10.98,1542,11.605911788792541,-0.00036068605364630586,0.0003288021821367101,0.0003272679404030643,0
10.89,1543,11.601154737694747,-0.00040996574547599054,0.00033002252757546304,0.0003288021821367101,0
11.18,1544,11.598356272597616,-0.00024125207720650387,0.0003321594046557948,0.00033002252757546304,0
11.14,1545,11.595310613538027,-0.0002626285090707816,0.00033415053439820447,0.0003321594046557948,0
11.03,1546,11.591554271343602,-0.00032400604790134457,0.0003356527940604196,0.00033415053439820447,0
10.9,1547,11.586959073853397,-0.0003965049424846645,0.00033662640254982146,0.0003356527940604196,0
11.06,1548,11.583457569228262,-0.00030223924806593107,0.0003381437386880659,0.00033662640254982146,0
10.75,1549,11.577919463824932,-0.00047821901961791715,0.0003386469881924583,0.0003381437386880659,0
10.8,1550,11.572750395587283,-0.0004465588559586421,0.00033933377949974745,0.0003386469881924583,0
10.82,1551,11.567748570204818,-0.0004323005711982036,0.00034006046352310146,0.00033933377949974745,0
10.7,1552,11.561982613896364,-0.0004985753082905224,0.0003405055947664942,0.00034006046352310146,0
10.77,1553,11.556720103151193,-0.0004552600464197432,0.00034103419072256387,0.0003405055947664942,0
10.76,1554,11.551426114190008,-0.000458192449018786,0.00034170543071584275,0.00034103419072256387,0
10.88,1555,11.546964670736243,-0.00038629907605148216,0.0003425966002784378,0.00034170543071584275,0
10.69,1556,11.54127037535473,-0.0004932638190490767,0.00034327624886447373,0.0003425966002784378,0
10.66,1557,11.535414576443216,-0.0005075078200731221,0.000343944951777221,0.00034327624886447373,0
10.64,1558,11.529464794438676,-0.0005159170391346718,0.0003445949292461077,0.000343944951777221,0
10.5,1559,11.522624287243197,-0.0005934826446333181,0.00034497431510805993,0.0003445949292461077,0
10.5,1560,11.515829234698428,-0.0005898879224107681,0.0003452917363335085,0.00034497431510805993,0
10.49,1561,11.509012887551982,-0.0005920863482482218,0.0003456357367208088,0.0003452917363335085,0
10.58,1562,11.502839859080073,-0.0005365086147515645,0.0003461527093937165,0.0003456357367208088,0
10.63,1563,11.497040085687651,-0.0005043307642718633,0.0003468209100221269,0.0003461527093937165,0
10.71,1564,11.49181042849965,-0.0004549733598021031,0.0003476718591449491,0.0003468209100221269,0
11.02,1565,11.488675383210536,-0.00027284412820938604,0.0003493884619071007,0.0003476718591449491,0
11.08,1566,11.485959852762413,-0.0002363937823497452,0.0003513105984127043,0.0003493884619071007,0
11.0,1567,11.482730789856795,-0.0002811708318191935,0.00035295409170445517,0.0003513105984127043,0
10.9,1568,11.478858712763078,-0.0003372656000125544,0.0003542784825305472,0.00035295409170445517,0
10.89,1569,11.474945918148986,-0.0003409277646915072,0.0003555717236361848,0.0003542784825305472,0
10.83,1570,11.470660441209175,-0.000373533557799625,0.0003566943731063073,0.0003555717236361848,0
10.72,1571,11.465672523135165,-0.00043493597345261193,0.00035754047009820667,0.0003566943731063073,0
10.73,1572,11.460784196291593,-0.00042643544769894754,0.0003584224672553926,0.00035754047009820667,0
10.8,1573,11.456393481102399,-0.0003831811495050269,0.000359479014789815,0.0003584224672553926,0
10.62,1574,11.450835895280434,-0.000485225501494822,0.0003601241109656752,0.000359479014789815,0
10.78,1575,11.446378391177381,-0.0003893490364021876,0.0003611354357714092,0.0003601241109656752,0
10.57,1576,11.440555119663081,-0.0005088730333579938,0.0003616903715529373,0.0003611354357714092,0
10.54,1577,11.434571202128073,-0.0005231811695658777,0.0003621934834219757,0.0003616903715529373,0
10.25,1578,11.426700084687987,-0.0006885984294008946,0.0003623184773643945,0.0003621934834219757,0
10.07,1579,11.417685224489436,-0.0007892408173378783,0.00036233694917522073,0.0003623184773643945,0
9.91,1580,11.407667115657382,-0.0008778054617552423,0.0003623396230741945,0.00036233694917522073,0
9.79,1581,11.396918212578973,-0.0009426967182012812,0.00036237607470396966,0.0003623396230741945,0
9.67,1582,11.385443371402696,-0.0010073443970513784,0.0003624441280955166,0.00036237607470396966,0
9.66,1583,11.373978332095152,-0.0010074983825782684,0.0003624780179193527,0.0003624441280955166,0
9.8,1584,11.363519733096458,-0.0009199428808126791,0.0003624376414099212,0.0003624780179193527,0
9.7,1585,11.352466161098512,-0.0009731977226827134,0.0003624408344756767,0.0003624376414099212,0
9.81,1586,11.342216954245968,-0.0009032254380677402,0.00036242868080759555,0.0003624408344756767,0
9.96,1587,11.333032554984745,-0.0008100814731711425,0.0003623726610303913,0.00036242868080759555,0
9.98,1588,11.324042078445306,-0.0007936132229569377,0.0003623436223172841,0.0003623726610303913,0
9.96,1589,11.31497844859959,-0.0008007086984296589,0.00036226458415486445,0.0003623436223172841,0
9.99,1590,11.306174385733796,-0.0007783920982982846,0.0003621531443609087,0.00036226458415486445,0
9.96,1591,11.297229484048222,-0.0007914650557979357,0.00036210231283014053,0.0003621531443609087,0
10.05,1592,11.288942041204486,-0.0007338510828535503,0.00036216115396872205,0.00036210231283014053,0
10.06,1593,11.280776113930296,-0.00072361804204935,0.00036222462205753647,0.00036216115396872205,0
10.11,1594,11.272996681923944,-0.000689856405426069,0.000362318811543816,0.00036222462205753647,0
10.13,1595,11.26540183656335,-0.0006739472320387642,0.0003624593419062793,0.000362318811543816,0
10.17,1596,11.258123244809033,-0.0006463102006802209,0.00036263853454766067,0.0003624593419062793,0
10.43,1597,11.252620633930283,-0.0004888875301491604,0.00036325796323686833,0.00036263853454766067,0
10.35,1598,11.24662301296503,-0.0005331397980698928,0.00036372900464793744,0.00036325796323686833,0
10.25,1599,11.240000777759954,-0.0005889933018091444,0.0003640350285156525,0.00036372900464793744,0
10.27,1600,11.23355543963876,-0.000573593091859534,0.0003643762043048648,0.0003640350285156525,0
10.38,1601,11.22788384360734,-0.0005050073666638637,0.0003649210026076157,0.0003643762043048648,0
10.5,1602,11.22304729487025,-0.00043085507519297533,0.0003656960514923438,0.0003649210026076157,0
10.42,1603,11.21771131053652,-0.0004755618585023151,0.0003663221207678068,0.0003656960514923438,0
10.58,1604,11.21347392991445,-0.0003778115714396932,0.0003673220876572942,0.0003663221207678068,0
10.5,1605,11.208733132473485,-0.00042286626810807625,0.00036812836664255205,0.0003673220876572942,0
10.73,1606,11.20555211019054,-0.00028383883490934887,0.0003695471653502782,0.00036812836664255205,0
10.77,1607,11.202658011855263,-0.0002583069629930985,0.0003710457136344294,0.0003695471653502782,0
10.7,1608,11.19931801770472,-0.0002981874608636958,0.0003723658169308632,0.0003710457136344294,0
10.72,1609,11.196133110466477,-0.0002844244790145952,0.00037373972590729336,0.0003723658169308632,0
10.86,1610,11.193899619170825,-0.00019950764074624805,0.00037551231832623705,0.00037373972590729336,0
10.82,1611,11.191415182506102,-0.0002219702244024696,0.00037713649223699794,0.00037551231832623705,0
10.66,1612,11.187884108640562,-0.0003155660817530597,0.0003782445182447053,0.00037713649223699794,0
10.84,1613,11.185572536918347,-0.000206635189819835,0.00037983037037936303,0.0003782445182447053,0
10.8,1614,11.18301053875721,-0.00022907111851218944,0.00038099047492892447,0.00037983037037936303,0
10.83,1615,11.180664904312401,-0.00020977182032376476,0.00038242728812135736,0.00038099047492892447,0
10.79,1616,11.178069069834642,-0.00023219870073357804,0.00038369918452230064,0.00038242728812135736,0
11.01,1617,11.176952308588435,-9.991144523928412e-05,0.0003857026955722018,0.00038369918452230064,0
11.92,1618,11.181889604617517,0.0004416414882754076,0.00039243592974606416,0.0003857026955722018,0
11.65,1619,11.185000036566283,0.00027812825285199313,0.00039739901554836457,0.00039243592974606416,0
11.83,1620,11.189285838033756,0.00038310063113620535,0.0004032913392010141,0.00039739901554836457,0
11.74,1621,11.192945142494851,0.00032698299797577696,0.00040852889048698175,0.0004032913392010141,0
12.02,1622,11.198440634223896,0.0004908576801976092,0.0004152729127421537,0.00040852889048698175,0
12.02,1623,11.203899609592606,0.0004873576079414614,0.0004216188834689367,0.0004152729127421537,0
11.98,1624,11.209056525244096,0.0004601727421824035,0.0004277522987210413,0.0004216188834689367,0
12.02,1625,11.214444960293497,0.0004806060424233749,0.00043396400913218915,0.0004277522987210413,0
11.88,1626,11.218867339589638,0.000394268959867579,0.00043926391972501686,0.00043396400913218915,0
11.5,1627,11.22073536705662,0.0001664938096914669,0.0004426025272619289,0.00043926391972501686,0
11.47,1628,11.222391642496016,0.00014759756443007862,0.00044587751778432747,0.0004426025272619289,0
11.44,1629,11.223837572981102,0.00012883504602983437,0.00044898237080604175,0.00044587751778432747,0
11.44,1630,11.225273895586744,0.00012796253514200584,0.0004520551298534525,0.00044898237080604175,0
11.46,1631,11.226833567042151,0.0001389331901703839,0.00045517521181877844,0.0004520551298534525,0
11.43,1632,11.22818353553867,0.00012023758360802029,0.00045812509111635045,0.00045517521181877844,0
11.59,1633,11.230587676618077,0.00021409373343522623,0.0004616505051758756,0.00045812509111635045,0
11.55,1634,11.23271005707307,0.0001889642817782281,0.0004649583885772077,0.0004616505051758756,0
11.55,1635,11.234818334810019,0.0001876733129130613,0.0004682226612435022,0.0004649583885772077,0
11.46,1636,11.236314585932524,0.00013317095582090807,0.0004711031560454555,0.0004682226612435022,0
11.39,1637,11.237335770073349,9.087835089998029e-05,0.0004736904879147627,0.0004711031560454555,0
11.03,1638,11.235958098835734,-0.00012260519062107618,0.0004751203571912229,0.0004736904879147627,0
11.09,1639,11.234988260151272,-8.6319344950662e-05,0.00047670696880893436,0.0004751203571912229,0
11.08,1640,11.23395841943958,-9.166791190525689e-05,0.00047826244600564753,0.00047670696880893436,0
11.03,1641,11.232603189961488,-0.00012064413801246884,0.00047966623909381003,0.00047826244600564753,0
11.28,1642,11.232918124479706,2.8037143125274408e-05,0.0004817541566667088,0.00047966623909381003,0
11.44,1643,11.23429410786365,0.00012248812816070747,0.0004843771152122664,0.0004817541566667088,0
11.44,1644,11.235660948181941,0.00012165937284404482,0.00048696441476546383,0.0004843771152122664,0
11.5,1645,11.237417384170428,0.00015631467715165027,0.0004897222947182175,0.00048696441476546383,0
11.71,1646,11.240557521857355,0.00027939685140510197,0.0004932525061474997,0.0004897222947182175,0
11.72,1647,11.243743240443512,0.0002833727089096448,0.0004967569115075026,0.0004932525061474997,0
11.54,1648,11.245711757213241,0.00017506131428800798,0.0004993326801221002,0.0004967569115075026,0
11.48,1649,11.24726851589682,0.000138421735773739,0.0005017231757261729,0.0004993326801221002,0
11.47,1650,11.248748484029766,0.00013157601499735294,0.000504069016545364,0.0005017231757261729,0
11.49,1651,11.250351510730175,0.0001424969624114246,0.000506372253380496,0.000504069016545364,0
11.47,1652,11.251810993182643,0.00012971930624538317,0.0005086660226487783,0.000506372253380496,0
11.95,1653,11.256450198741312,0.00041222247998690527,0.0005126198520920943,0.0005086660226487783,0
11.91,1654,11.260792792955003,0.00038571278634173914,0.000516187552065056,0.0005126198520920943,0
11.91,1655,11.265106531786758,0.00038300258935714513,0.0005196943699193678,0.000516187552065056,0
12.01,1656,11.270056069468392,0.00043927242494769584,0.000523927194185119,0.0005196943699193678,0
11.71,1657,11.272979331549113,0.0002593494660415803,0.0005268206570175037,0.000523927194185119,0
11.7,1658,11.275816723109552,0.00025166679130339813,0.000528901886089757,0.0005268206570175037,0
11.62,1659,11.278103691152317,0.00020280004616480096,0.0005305475285798402,0.000528901886089757,0
11.54,1660,11.279843893150709,0.0001542872635322965,0.0005322731262332292,0.0005305475285798402,0
11.32,1661,11.280110715277525,2.3654491461429506e-05,0.0005332626224272525,0.0005322731262332292,0
11.48,1662,11.281438903758982,0.00011773911858178302,0.0005351081133351248,0.0005332626224272525,0
11.97,1663,11.286014130612141,0.00040547126952026767,0.0005386109470926588,0.0005351081133351248,0
11.8,1664,11.289429371068373,0.0003025624264729712,0.0005412629070356035,0.0005386109470926588,0
11.8,1665,11.292821918208835,0.0003004613776125355,0.0005440442430377649,0.0005412629070356035,0
11.51,1666,11.294264983603943,0.0001277779116311044,0.00054541907856477,0.0005440442430377649,0
11.12,1667,11.2931070594697,-0.00010252845112306877,0.0005457947481996081,0.00054541907856477,0
11.32,1668,11.293285752751341,1.5823091640363715e-05,0.0005466824142463666,0.0005457947481996081,0
11.31,1669,11.293396812506733,9.83409184355509e-06,0.0005479315944187222,0.0005466824142463666,0
11.21,1670,11.292842672762708,-4.906879204016529e-05,0.000549139132660998,0.0005479315944187222,0
11.32,1671,11.293023122739749,1.597901791130791e-05,0.0005506733331393545,0.000549139132660998,0
11.3,1672,11.293069481396804,4.105062160789414e-06,0.0005521416035253494,0.0005506733331393545,0
11.24,1673,11.29271685520593,-3.12254960396506e-05,0.0005534542665257264,0.0005521416035253494,0
11.34,1674,11.293031033396769,2.7820924275703745e-05,0.0005549767916506134,0.0005534542665257264,0
11.32,1675,11.293210231721497,1.586791911320966e-05,0.0005564063167538865,0.0005549767916506134,0
11.16,1676,11.29232510147272,-7.838027624074228e-05,0.0005574506688548647,0.0005564063167538865,0
11.1,1677,11.291047175994862,-0.00011317401701758703,0.0005583787339651747,0.0005574506688548647,0
11.11,1678,11.28984418805579,-0.00010654919868442419,0.0005593653181023869,0.0005583787339651747,0
11.22,1679,11.289380100683825,-4.110746818366426e-05,0.0005605790936676936,0.0005593653181023869,0
11.29,1680,11.28938421967248,3.648550997419509e-07,0.0005619449168460603,0.0005605790936676936,0
11.12,1681,11.288258727842504,-9.969967489742378e-05,0.0005629277476791143,0.0005619449168460603,0
11.11,1682,11.287074268486789,-0.00010493394334371753,0.0005638813208241426,0.0005629277476791143,0
11.13,1683,11.286030571651166,-9.247259902956847e-05,0.0005648690635973127,0.0005638813208241426,0
11.28,1684,11.28599050087414,-3.5504819791931334e-06,0.0005661761878528436,0.0005648690635973127,0
11.35,1685,11.28641581878567,3.768476480147516e-05,0.0005676367405062926,0.0005661761878528436,0
11.41,1686,11.28723698692401,7.275456442682704e-05,0.0005692298228844439,0.0005676367405062926,0
11.47,1687,11.288451374951903,0.00010758369885338556,0.0005709626991608873,0.0005692298228844439,0
11.61,1688,11.290587938363787,0.00018925193305295617,0.0005730691258367166,0.0005709626991608873,0
11.42,1689,11.291447830245119,7.615716231770239e-05,0.0005746352702069382,0.0005730691258367166,0
11.6,1690,11.293498037000829,0.00018155516275250472,0.0005766587326182195,0.0005746352702069382,0
11.7,1691,11.296199081043317,0.00023913946621300177,0.0005789487092755773,0.0005766587326182195,0
11.79,1692,11.29948019168758,0.00029041929899268373,0.000581483965761385,0.0005789487092755773,0
11.77,1693,11.302606608351955,0.00027664849816505554,0.0005839144897294268,0.000581483965761385,0
11.82,1694,11.306044481016063,0.000304120106680961,0.000586457674885274,0.0005839144897294268,0
11.88,1695,11.309858186134221,0.0003372587166151586,0.00058885735255533,0.000586457674885274,0
12.2,1696,11.315772822373551,0.0005228262028877618,0.000592241225100397,0.00058885735255533,0
12.09,1697,11.320917251808247,0.00045452135505691144,0.0005951568928947739,0.000592241225100397,0
12.03,1698,11.32562882222444,0.00041609616484278544,0.0005977516147346283,0.0005951568928947739,0
11.66,1699,11.327850584390145,0.00019615195820031124,0.0005992301313412037,0.0005977516147346283,0
11.66,1700,11.330057583662036,0.00019481050611568488,0.0006007139338009963,0.0005992301313412037,0
11.64,1701,11.332117026191955,0.00018175153717981836,0.0006021769053148996,0.0006007139338009963,0
11.68,1702,11.334428568263448,0.00020396068469037744,0.0006035760911129851,0.0006021769053148996,1
11.71,1703,11.336924088776254,0.00022014747515374032,0.0006049980382457755,0.0006035760911129851,1
11.61,1704,11.33873856780025,0.00016003757467651604,0.0006061072044845995,0.0006049980382457755,1
11.56,1705,11.340208760446185,0.00012965263569912245,0.0006073351155399407,0.0006061072044845995,1
11.62,1706,11.342067859824976,0.00016392528969444103,0.0006087828053773722,0.0006073351155399407,1
11.57,1707,11.343582376392789,0.0001335219889483223,0.0006100069546494859,0.0006087828053773722,1
11.36,1708,11.343691464830474,9.616707450253748e-06,0.0006107012930194719,0.0006100069546494859,1
11.37,1709,11.343866274343213,1.541016576148154e-05,0.0006112749257689297,0.0006107012930194719,1
11.35,1710,11.343907030451684,3.5927817087060577e-06,0.0006118041201538723,0.0006112749257689297,1
11.4,1711,11.344279745357625,3.285541587421691e-05,0.0006125856414032711,0.0006118041201538723,1
11.52,1712,11.34544733469848,0.00010291788330160447,0.0006136552879986478,0.0006125856414032711,1
11.5,1713,11.346474273976078,9.05114424427727e-05,0.0006145151056294333,0.0006136552879986478,1
11.55,1714,11.347826619122687,0.00011917927364923748,0.0006154602821444971,0.0006145151056294333,1
11.48,1715,11.34870485707661,7.738961834600644e-05,0.0006163926005607121,0.0006154602821444971,1
11.49,1716,11.349643705333866,8.272392638708757e-05,0.0006172412070030783,0.0006163926005607121,1
11.58,1717,11.351174328297004,0.00013485178932230949,0.000618186260732357,0.0006172412070030783,1
11.48,1718,11.352030321911753,7.540729411046945e-05,0.0006189467622280762,0.000618186260732357,1
11.49,1719,11.352947073624222,8.075336936007733e-05,0.0006189670772155354,0.0006189467622280762,1
11.59,1720,11.354522192621292,0.00013873135584838514,0.0006189927893694943,0.0006189670772155354,1
11.88,1721,11.358013775838586,0.0003074586871010511,0.0006195339888011824,0.0006189927893694943,1
11.87,1722,11.361415712816878,0.0002994738054857524,0.0006200403939003504,0.0006195339888011824,1
11.86,1723,11.364728599232274,0.0002915484820807269,0.0006206975543434403,0.0006200403939003504,1
11.86,1724,11.3680194726629,0.00028952711244650234,0.0006212933703025254,0.0006206975543434403,1
11.87,1725,11.371354925236199,0.00029336362019963675,0.0006219250503149102,0.0006212933703025254,1
11.65,1726,11.373206406157248,0.00016280647475774935,0.000622019965774784,0.0006219250503149102,1
11.48,1727,11.37391600523571,6.239022816680367e-05,0.000621856079905105,0.000622019965774784,1
11.24,1728,11.373026189056894,-7.823611381872192e-05,0.0006212937832255059,0.000621856079905105,1
11.09,1729,11.371145597823658,-0.0001653690673060204,0.0006203399366967664,0.0006212937832255059,1
11.07,1730,11.369144610791444,-0.0001759860598981308,0.0006192956398250944,0.0006203399366967664,1
11.26,1731,11.368419390372518,-6.379051151962983e-05,0.0006186138346374668,0.0006192956398250944,1
11.37,1732,11.368429892863604,9.238299428059024e-07,0.000618165056602598,0.0006186138346374668,1
11.43,1733,11.3688390004944,3.598564390107025e-05,0.0006177031279543145,0.000618165056602598,1
11.33,1734,11.368580931584019,-2.2699929118052946e-05,0.0006169313182854205,0.0006177031279543145,1
11.28,1735,11.367992348387888,-5.177413403633975e-05,0.0006160694999001524,0.0006169313182854205,1
11.29,1736,11.36747412192564,-4.558749326861e-05,0.0006150619156691149,0.0006160694999001524,1
11.22,1737,11.366494218264862,-8.62061252767739e-05,0.0006140659822332942,0.0006150619156691149,1
11.38,1738,11.366583958511956,7.895125015354732e-06,0.0006130433326165174,0.0006140659822332942,1
11.37,1739,11.366606656671479,1.9969180663565945e-06,0.0006115435966166344,0.0006130433326165174,1
11.41,1740,11.366894987176876,2.5366132321329557e-05,0.0006103625426514989,0.0006115435966166344,1
11.43,1741,11.367314293405357,3.6887689679821575e-05,0.0006094951208914173,0.0006103625426514989,1
11.59,1742,11.368793946034248,0.00013015883064924376,0.0006090426995463479,0.0006094951208914173,1
11.3,1743,11.368336839296052,-4.020795258412491e-05,0.0006079379621589978,0.0006090426995463479,1
11.3,1744,11.367882769866325,-3.994238598970599e-05,0.0006065916743442893,0.0006079379621589978,1
11.32,1745,11.367564609106454,-2.798807998700577e-05,0.0006054288198244048,0.0006065916743442893,1
11.23,1746,11.366650550498132,-8.041259417992026e-05,0.0006036894830512651,0.0006054288198244048,1
11.28,1747,11.36607479429544,-5.0654393090485916e-05,0.0006020115677505274,0.0006036894830512651,1
11.34,1748,11.365901538342758,-1.5243369089362603e-05,0.0006002340383157487,0.0006020115677505274,0
11.35,1749,11.365795879368639,-9.296179883010672e-06,0.0005980912498202799,0.0006002340383157487,0
11.49,1750,11.366621162994136,7.260852414604622e-05,0.0005961792191690339,0.0005980912498202799,0
11.62,1751,11.368304757646642,0.00014810645624810994,0.0005947017242884855,0.0005961792191690339,0
11.69,1752,11.370442285648235,0.0001880075453425313,0.0005922177026791461,0.0005947017242884855,0
11.75,1753,11.372964285013534,0.000221778506909378,0.0005897346145171088,0.0005922177026791461,0
11.85,1754,11.376133984001969,0.0002786659032779467,0.0005872396015374219,0.0005897346145171088,0
11.95,1755,11.37994707885494,0.0003351275536526428,0.0005847025892904182,0.0005872396015374219,0
12.0,1756,11.384067065761268,0.0003619736769746148,0.000581507441830007,0.0005847025892904182,0
11.93,1757,11.387694556804322,0.00031859556005034266,0.0005777802360762274,0.000581507441830007,0
11.81,1758,11.390500595849137,0.00024637940277580784,0.00057328427240589,0.0005777802360762274,0
11.93,1759,11.394085338445576,0.00031466383776772305,0.0005695442451184563,0.00057328427240589,0
11.94,1760,11.397712707486642,0.000318304774759951,0.0005660233576642185,0.0005695442451184563,0
11.95,1761,11.401382419734624,0.00032191736200027775,0.000561335707845231,0.0005660233576642185,0
11.75,1762,11.403698833951951,0.00020314895610540915,0.0005564319928662441,0.000561335707845231,0
11.75,1763,11.405999856469835,0.0002017582570395104,0.0005512970428929189,0.0005564319928662441,0
11.81,1764,11.408684263772106,0.0002353227684863743,0.0005459925342284664,0.0005512970428929189,0
11.97,1765,11.412413965375288,0.0003268643427183017,0.000541477549410245,0.0005459925342284664,0
11.9,1766,11.41565376466098,0.000283843498780266,0.0005377436913706138,0.000541477549410245,0
11.84,1767,11.418473362561876,0.000246963494554949,0.000533716444044173,0.0005377436913706138,0
11.9,1768,11.421672899435332,0.00028016781133395526,0.000528931124641673,0.000533716444044173,0
11.99,1769,11.425449187767438,0.0003305701568959492,0.0005251355720883965,0.000528931124641673,0
11.96,1770,11.429001047060826,0.0003108243064688414,0.000520871516393404,0.0005251355720883965,0
12.45,1771,11.43578514383091,0.0005934100509424403,0.0005175394630681624,0.000520871516393404,0
12.94,1772,11.44578000093867,0.0008736166149651308,0.0005161241956321456,0.0005175394630681624,0
13.09,1773,11.456705131127599,0.0009540563790018118,0.0005155782189312487,0.0005161241956321456,0
13.08,1774,11.467491222356747,0.0009410224776279036,0.0005150831843756142,0.0005155782189312487,0
13.17,1775,11.478803655146788,0.0009859921845254156,0.0005161557790872424,0.0005150831843756142,0
12.78,1776,11.48744954037287,0.0007529208670578134,0.0005158193644220978,0.0005161557790872424,0
12.91,1777,11.49690177059291,0.0008224927147188993,0.0005161186742020723,0.0005158193644220978,0
12.93,1778,11.506424085710785,0.0008279077313660567,0.0005164064624370044,0.0005161186742020723,0
12.86,1779,11.515418009168394,0.0007813383375752511,0.0005161183891055801,0.0005164064624370044,0
13.09,1780,11.525880421426738,0.0009081443920282031,0.0005167662820254131,0.0005161183891055801,0
12.9,1781,11.535010847747113,0.0007918537658315414,0.0005170525025586936,0.0005167662820254131,0
12.7,1782,11.542751693079403,0.0006708488839767551,0.0005166981717387432,0.0005170525025586936,0
12.77,1783,11.550906222992872,0.0007062138256328389,0.0005155903320946643,0.0005166981717387432,0
12.59,1784,11.557810547775638,0.0005975515695396616,0.0005133762024264548,0.0005155903320946643,0
12.51,1785,11.564137430949959,0.0005472621370870031,0.0005110372504047384,0.0005133762024264548,0
12.75,1786,11.572016969605995,0.0006811450878366806,0.0005096746534441173,0.0005110372504047384,0
12.74,1787,11.579777706191596,0.0006704220545283261,0.0005089489551670862,0.0005096746534441173,0
12.95,1788,11.588882233856658,0.0007859348065250064,0.0005086564954557075,0.0005089489551670862,0
12.92,1789,11.597726928652614,0.0007629140736327527,0.000508497722000357,0.0005086564954557075,0
12.76,1790,11.605449724032178,0.0006656671007022828,0.0005075009097744707,0.000508497722000357,0
12.57,1791,11.611858737777032,0.0005520893102822382,0.0005055740230290627,0.0005075009097744707,0
12.29,1792,11.616364688986032,0.000387972096077588,0.000503248243652423,0.0005055740230290627,0
12.24,1793,11.6205084718808,0.0003566558125103585,0.0005001865525968049,0.000503248243652423,0
12.23,1794,11.624558275373472,0.00034844413033369745,0.0004976845326337121,0.0005001865525968049,0
12.14,1795,11.627983159086634,0.00029458145446885445,0.0004946987898348295,0.0004976845326337121,0
12.15,1796,11.631451731411229,0.00029825078439240494,0.0004923298280633338,0.0004946987898348295,0
12.24,1797,11.635495266846625,0.0003475776582468474,0.0004899867788732751,0.0004923298280633338,0
12.23,1798,11.639445489004798,0.0003394399356403637,0.00048749104542532317,0.0004899867788732751,0
12.04,1799,11.642106997233732,0.00022863666347869172,0.00048460288371066616,0.00048749104542532317,0
11.96,1800,11.644219256076878,0.00018141623766333622,0.00048240368161607853,0.00048460288371066616,0
11.99,1801,11.646516816570406,0.000197293936422932,0.00048032581374729126,0.00048240368161607853,0
12.07,1802,11.649330675379966,0.00024157599968985564,0.0004782405856497628,0.00048032581374729126,0
12.06,1803,11.652059391644423,0.0002342106002329142,0.0004761937685740804,0.0004782405856497628,0
11.99,1804,11.65430485762461,0.00019269122915245088,0.00047353543301235224,0.0004761937685740804,0
11.96,1805,11.656336066654406,0.00017427311771781243,0.0004713789266294725,0.00047353543301235224,0
11.91,1806,11.658021551244044,0.00014458769314576515,0.00046886163785065396,0.0004713789266294725,0
11.87,1807,11.659430054179353,0.00012081105267049975,0.0004667335050644656,0.00046886163785065396,0
11.86,1808,11.660762752612019,0.00011429566171755314,0.00046372160835818935,0.0004667335050644656,0
11.75,1809,11.661355694563715,5.084803536754168e-05,0.00046070303363140167,0.00046372160835818935,0
11.89,1810,11.662874934561204,0.00013027139233818977,0.00045795242380740727,0.00046070303363140167,0
11.92,1811,11.6645834165114,0.00014647819128325943,0.0004551792597748277,0.00045795242380740727,0
11.9,1812,11.666147655173711,0.00013409255456661858,0.0004517540821838202,0.0004551792597748277,0
11.86,1813,11.667435717877858,0.00011040419166337785,0.0004483616191608864,0.0004517540821838202,0
11.98,1814,11.669512568584718,0.0001779882002437307,0.00044599946101424667,0.0004483616191608864,0
11.9,1815,11.67104405504826,0.00013122964378564262,0.00044345061135869334,0.00044599946101424667,0
12.12,1816,11.674027167501723,0.0002555667910594834,0.00044070841023647304,0.00044345061135869334,0
12.13,1817,11.67705690393901,0.00025949428686207465,0.00043837056581064415,0.00044070841023647304,0
12.39,1818,11.681794093181798,0.00040560122656003084,0.00043636030768960866,0.00043837056581064415,0
12.4,1819,11.686566251284592,0.00040842901245852014,0.000434266643517146,0.00043636030768960866,0
12.41,1820,11.691373145893538,0.00041123339358718113,0.0004330873977302418,0.000434266643517146,0
12.42,1821,11.696214546198709,0.00041401451385793405,0.0004314463842547244,0.0004330873977302418,0
12.2,1822,11.699561975612635,0.000286156728642649,0.0004296237126752023,0.0004314463842547244,0
12.28,1823,11.703418726998837,0.00032959488965323265,0.0004281274049811783,0.0004296237126752023,0
12.24,1824,11.706984069738345,0.00030459473918744107,0.00042697260432759195,0.0004281274049811783,0
12.29,1825,11.710857949887085,0.0003308486051644803,0.00042431783155379296,0.00042697260432759195,0
12.32,1826,11.714905426279525,0.0003455576979688176,0.0004216428807451939,0.00042431783155379296,0
12.34,1827,11.719058899911591,0.0003544832293627271,0.0004190522478173175,0.0004216428807451939,0
12.37,1828,11.723384111994239,0.0003690069443300343,0.0004148117034419002,0.0004190522478173175,0
12.47,1829,11.728345040026097,0.00042307567801919317,0.0004117865131720743,0.0004148117034419002,0
12.6,1830,11.734136796468752,0.0004937036585181803,0.0004089875963359119,0.0004117865131720743,0
12.46,1831,11.738959831887662,0.00041094156115360157,0.00040594832743522043,0.0004089875963359119,0
12.5,1832,11.744016602290538,0.0004306754295148111,0.0004039408822303434,0.00040594832743522043,0
12.32,1833,11.74784375337147,0.0003258278447810313,0.0004012068043256216,0.0004039408822303434,0
12.37,1834,11.751977702168002,0.00035182810618343736,0.00039925733134079224,0.0004012068043256216,0
12.39,1835,11.756217073610049,0.00036067180218960914,0.00039811051544349005,0.00039925733134079224,0
12.41,1836,11.760561167205605,0.0003694463247034337,0.0003964311890586465,0.00039811051544349005,0
12.43,1837,11.765009287117254,0.00037815193245080035,0.0003956511406931544,0.0003964311890586465,0
12.25,1838,11.768231832139202,0.00027387175661528233,0.00039486262668477314,0.0003956511406931544,0
12.2,1839,11.771100737210839,0.00024375415720800215,0.00039419630920558136,0.00039486262668477314,0
12.23,1840,11.774149916096508,0.0002590058562224267,0.0003932479445807332,0.00039419630920558136,0
12.25,1841,11.77731172545396,0.0002685021782993939,0.00039268224196898965,0.0003932479445807332,0
12.08,1842,11.779322952564131,0.00017075674369871553,0.00039203210662166587,0.00039268224196898965,0
11.77,1843,11.779261005749728,-5.258959071026425e-06,0.00039114127424471696,0.00039203210662166587,0
11.35,1844,11.776408760084443,-0.0002421706287767348,0.00039114357154158147,0.00039114127424471696,0
10.47,1845,11.767728263697204,-0.0007373807561340505,0.000393369879472043,0.00039114357154158147,0
10.66,1846,11.76036790972986,-0.0006256650902135537,0.0003947103244867098,0.000393369879472043,0
10.7,1847,11.753322244134303,-0.00059928201488728,0.00039564691188180356,0.0003947103244867098,0
10.79,1848,11.746921403324142,-0.0005447467749245546,0.00039661046769968555,0.00039564691188180356,0
10.86,1849,11.741028211736301,-0.0005018055477882845,0.000396717198202267,0.00039661046769968555,0
10.77,1850,11.734576168636424,-0.0005496806947153765,0.00039719035070753366,0.000396717198202267,0
10.86,1851,11.728765005890681,-0.0004953397575680061,0.00039746097441508023,0.00039719035070753366,0
10.86,1852,11.722992455858574,-0.0004922914760742423,0.0003974323398459667,0.00039746097441508023,0
10.76,1853,11.716593807278302,-0.0005459694268817118,0.00039784933400858097,0.0003974323398459667,0
10.86,1854,11.71090212967656,-0.0004858972319568837,0.0003979699090166696,0.00039784933400858097,0
11.18,1855,11.707374525754538,-0.0003012693035108517,0.000397691390362539,0.0003979699090166696,0
11.06,1856,11.703073015694956,-0.00036748636269127825,0.00039718697310159795,0.000397691390362539,0
11.11,1857,11.69913231464805,-0.0003367803186516946,0.00039651240328328184,0.00039718697310159795,0
11.23,1858,11.696015143401112,-0.00026648015542313235,0.00039558856035685585,0.00039651240328328184,0
11.3,1859,11.693383802635225,-0.00022500285561501124,0.0003941602232008535,0.00039558856035685585,0
11.16,1860,11.68983970961641,-0.0003031312636683712,0.00039295146866298803,0.0003941602232008535,0
11.09,1861,11.685854047399854,-0.0003410091094286737,0.00039184519085382866,0.00039295146866298803,0
11.2,1862,11.682625768184927,-0.00027629347402480383,0.00039082740263720955,0.00039184519085382866,0
11.21,1863,11.67948538495495,-0.00026884413213399403,0.00038994239727900836,0.00039082740263720955,0
10.85,1864,11.673973832056433,-0.00047201170067610887,0.00039001778787770583,0.00038994239727900836,0
11.04,1865,11.669761364565227,-0.00036090775545975323,0.0003902964594562107,0.00039001778787770583,0
11.06,1866,11.665709778004775,-0.0003472470366173979,0.0003906228701609263,0.0003902964594562107,0
11.03,1867,11.661485776165907,-0.0003621525678236309,0.00039088160702049397,0.0003906228701609263,0
11.32,1868,11.659216758827009,-0.00019459253790949,0.0003904936344462492,0.00039088160702049397,0
11.12,1869,11.655633909323882,-0.0003073448406191219,0.00039038542502843035,0.0003904936344462492,0
10.78,1870,11.649815721397164,-0.0004992985022627303,0.00039091117104679183,0.00039038542502843035,0
10.87,1871,11.644634201756553,-0.0004448716104618915,0.0003909529529346658,0.00039091117104679183,0
10.77,1872,11.63882265672719,-0.0004991995119430043,0.0003912729744330047,0.0003909529529346658,0
10.64,1873,11.63218593627008,-0.0005703853024263617,0.00039211671926025994,0.0003912729744330047,0
10.7,1874,11.62599198654721,-0.0005326255470101989,0.0003923428968707227,0.00039211671926025994,0
10.51,1875,11.618576729767904,-0.0006380206164586473,0.00039353636223530685,0.0003923428968707227,0
10.43,1876,11.610679180734268,-0.0006799657611377973,0.00039447151606552937,0.00039353636223530685,0
10.21,1877,11.601372308101551,-0.0008019000936578836,0.0003961487634636809,0.00039447151606552937,0
9.94,1878,11.590333249120798,-0.0009519834397012863,0.0003980744686249642,0.0003961487634636809,0
10.09,1879,11.58036422126046,-0.0008604858345934731,0.00039859616856965745,0.0003980744686249642,0
9.84,1880,11.568800297711634,-0.0009990792109352495,0.0003995976181551656,0.00039859616856965745,0
10.06,1881,11.558775010669885,-0.0008669553583546205,0.0003989938501247212,0.0003995976181551656,0
10.15,1882,11.549414346077867,-0.0008101599791747246,0.00039741043312119283,0.0003989938501247212,0
10.23,1883,11.540647442373498,-0.0007593660169442486,0.0003954604674027526,0.00039741043312119283,0
10.24,1884,11.532005236347132,-0.0007491298508992374,0.0003941823724265813,0.0003954604674027526,0
10.28,1885,11.523686235675784,-0.0007216440281104896,0.0003922634171344082,0.0003941823724265813,0
10.15,1886,11.51455872077382,-0.0007923794018848962,0.0003914139183061011,0.0003922634171344082,0
10.09,1887,11.505093181762286,-0.0008223877220290397,0.0003915050201873793,0.0003914139183061011,0
10.2,1888,11.496421436636478,-0.000754015175133196,0.0003912261489603883,0.0003915050201873793,0
10.15,1889,11.487475084430757,-0.0007784887692427739,0.0003910665578049212,0.0003912261489603883,0
10.28,1890,11.479451967115947,-0.000698667054862566,0.00039052816211255386,0.0003910665578049212,0
10.24,1891,11.471216378287929,-0.000717677503553241,0.0003900188889869503,0.00039052816211255386,0
10.2,1892,11.462769729730518,-0.0007366053942431567,0.00039003745683238467,0.0003900188889869503,0
10.21,1893,11.454445650858348,-0.000726447703178608,0.00039005628412714565,0.00039003745683238467,0
10.11,1894,11.445512427836007,-0.0007801956182437935,0.0003906644924105707,0.00039005628412714565,0
10.25,1895,11.437568797757661,-0.000694279788558053,0.00039079235945622503,0.0003906644924105707,0
10.18,1896,11.429212831831768,-0.000730838859020602,0.0003913265904935151,0.00039079235945622503,0
10.16,1897,11.42077949683959,-0.0007381477642348197,0.0003927372471036393,0.0003913265904935151,0
10.2,1898,11.412667979235854,-0.0007104943704589561,0.0003937493170597842,0.0003927372471036393,0
10.11,1899,11.40401235055901,-0.0007587106421220899,0.0003947893650210678,0.0003937493170597842,0
10.03,1900,11.39488267159056,-0.0008008878893101759,0.00039620239699455725,0.0003947893650210678,0
10.07,1901,11.38607943688598,-0.0007728589425547473,0.00039775047590866273,0.00039620239699455725,0
10.06,1902,11.377268250411062,-0.000774155632643921,0.00039961827987213536,0.00039775047590866273,0
10.06,1903,11.36851561038893,-0.000769605524057136,0.0004012577855660002,0.00039961827987213536,0
10.34,1904,11.361681598632313,-0.0006013156770876691,0.0004022507969099984,0.0004012577855660002,0
10.33,1905,11.354826550484246,-0.0006035301122115136,0.00040308610424508434,0.0004022507969099984,0
10.61,1906,11.349877521860696,-0.0004359474306434984,0.00040359415398174826,0.00040308610424508434,0
10.63,1907,11.345094268112454,-0.0004215254253967402,0.0004041109066138515,0.00040359415398174826,0
10.46,1908,11.339213225487502,-0.000518511994106477,0.0004049307991051936,0.0004041109066138515,0
10.39,1909,11.332906142129886,-0.0005563735280365163,0.00040596567610631096,0.0004049307991051936,0
10.44,1910,11.326973193445056,-0.0005236522871584323,0.00040703647011667876,0.00040596567610631096,0
10.43,1911,11.321013221200566,-0.0005263136662971155,0.00040806801655800446,0.00040703647011667876,0
10.34,1912,11.314494841946113,-0.0005759428431164952,0.00040909893795107704,0.00040806801655800446,0
10.38,1913,11.308285555932798,-0.0005489410284706279,0.0004102578853699767,0.00040909893795107704,0
10.3,1914,11.301585964882605,-0.0005926253265174873,0.0004115794016879939,0.0004102578853699767,0
10.28,1915,11.29479799889778,-0.0006008011016177984,0.00041297447479465924,0.0004115794016879939,0
10.32,1916,11.288320917418039,-0.0005736215339736155,0.00041417880770777725,0.00041297447479465924,0
10.35,1917,11.282086209377358,-0.0005524674999645114,0.00041548556698439357,0.00041417880770777725,0
10.41,1918,11.276291600412462,-0.0005137434208438964,0.0004159902646845387,0.00041548556698439357,0
10.33,1919,11.27000393110837,-0.0005577563248298972,0.0004171073276681152,0.0004159902646845387,0
10.14,1920,11.262495578612338,-0.0006664465050312035,0.00041849493840683785,0.0004171073276681152,0
10.27,1921,11.255900905520384,-0.0005857142878829537,0.0004195845766848315,0.00041849493840683785,0
10.27,1922,11.249350051093819,-0.0005821623250688594,0.00042011931054809597,0.0004195845766848315,0
10.35,1923,11.243374287075738,-0.0005313508553996411,0.0004204064439098259,0.00042011931054809597,0
10.53,1924,11.238634245848967,-0.00042167418360908256,0.0004203433332454032,0.0004204064439098259,0
10.57,1925,11.234191481522066,-0.000395389920135395,0.00042009733618293384,0.0004203433332454032,0
10.65,1926,11.230309800252746,-0.0003455835728791614,0.0004199812166383329,0.00042009733618293384,0
10.68,1927,11.226653247095292,-0.000325649838053203,0.00042030307346493316,0.0004199812166383329,0
10.7,1928,11.22315388081297,-0.0003117502338195904,0.00042060659288245696,0.00042030307346493316,0
10.64,1929,11.219279094122315,-0.00034530897193570966,0.0004210123450777207,0.00042060659288245696,0
10.67,1930,11.215629389719037,-0.00032535942262504244,0.0004213600319727885,0.0004210123450777207,0
10.61,1931,11.211605263849082,-0.00035886064200977744,0.00042177970880517216,0.0004213600319727885,0
10.68,1932,11.208072993958108,-0.00031510442563735086,0.0004220978080238782,0.00042177970880517216,0
10.58,1933,11.203899740908914,-0.0003724128301239968,0.0004224332303201665,0.0004220978080238782,0
10.48,1934,11.199089763757682,-0.0004294049438481401,0.0004229775754740626,0.0004224332303201665,0
10.55,1935,11.194776864188624,-0.00038518579163104345,0.0004233751305448873,0.0004229775754740626,0
10.35,1936,11.189163714950304,-0.0005015336183665901,0.0004242327512594044,0.0004233751305448873,0
10.45,1937,11.184252316034161,-0.00043903881179636634,0.00042489722987701926,0.0004242327512594044,0
10.47,1938,11.179506441849028,-0.00042442545618167363,0.00042550789198141277,0.00042489722987701926,0
10.5,1939,11.17499143789854,-0.00040394591157165086,0.00042607625777139137,0.00042550789198141277,0
10.61,1940,11.171237332895597,-0.00033599450509227995,0.00042645117560447963,0.00042607625777139137,0
10.55,1941,11.16710950017892,-0.0003695737016266637,0.0004268922177476803,0.00042645117560447963,0
10.48,1942,11.162543977665443,-0.0004089201457269019,0.0004274745434873422,0.0004268922177476803,0
10.6,1943,11.158806135074851,-0.00033491187644576304,0.00042777683133079803,0.0004274745434873422,0
10.57,1944,11.154893792747792,-0.0003506672922738057,0.00042811363981982563,0.00042777683133079803,0
10.58,1945,11.15107389151071,-0.00034250038630858666,0.0004283793720852506,0.00042811363981982563,0
10.74,1946,11.148342497186855,-0.0002449745132254348,0.0004282000375783454,0.0004283793720852506,0
11.05,1947,11.147689057160585,-5.8614917624545886e-05,0.0004278248284557392,0.0004282000375783454,0
11.19,1948,11.147970193637365,2.521894272175558e-05,0.00042767370729428314,0.0004278248284557392,0
12.2,1949,11.15496044081406,0.0006268456392713827,0.0004292403623643193,0.00042767370729428314,0
12.11,1950,11.16130623295885,0.0005687145084429206,0.0004305221327826426,0.0004292403623643193,0
12.14,1951,11.167809196177533,0.0005824649367032375,0.00043184541096861074,0.0004305221327826426,0
11.99,1952,11.17327227018116,0.0004890608470087681,0.00043277208384651756,0.00043184541096861074,0
11.6,1953,11.176107676661037,0.0002537346898959429,0.0004323351100062087,0.00043277208384651756,0
11.66,1954,11.179322915121269,0.0002876471977761189,0.00043206137330104884,0.0004323351100062087,0
11.38,1955,11.18065632059359,0.00011926714777734815,0.0004314980016443197,0.00043206137330104884,0
11.18,1956,11.180651959649943,-3.9004369447047807e-07,0.00043066141344850844,0.0004314980016443197,0
11.2,1957,11.180780518334906,1.149825129418294e-05,0.0004303487418488347,0.00043066141344850844,0
11.27,1958,11.181373340081404,5.3020093716405733e-05,0.00043007069313081957,0.0004303487418488347,0
11.52,1959,11.183623355900137,0.0002012086884615892,0.00043006784625413037,0.00043007069313081957,0
11.54,1960,11.185991312030652,0.00021171183987851093,0.0004301620380623853,0.00043006784625413037,0
11.62,1961,11.188875096745361,0.0002577700065771683,0.00043046804264223326,0.0004301620380623853,0
10.84,1962,11.186556984953627,-0.00020720152277399042,0.00043051126003562656,0.00043046804264223326,0
10.42,1963,11.18146357250373,-0.00045541915743932187,0.00043048039913502897,0.00043051126003562656,0
10.37,1964,11.176071776868131,-0.0004823246977694332,0.00043083119212964564,0.00043048039913502897,0
10.39,1965,11.17084869790141,-0.00046745403401126783,0.00043112067401289726,0.00043083119212964564,0
10.51,1966,11.166457667732331,-0.0003931566459952506,0.0004315069315960462,0.00043112067401289726,0
10.4,1967,11.161364915476646,-0.00045617993649157247,0.00043216655194907054,0.0004315069315960462,0
10.36,1968,11.156040220978811,-0.0004771786474560518,0.00043289367314016476,0.00043216655194907054,0
10.41,1969,11.15108313322743,-0.00044443989969167736,0.00043351019128775356,0.00043289367314016476,0
10.66,1970,11.1478201159209,-0.00029266168773971446,0.0004337510257933247,0.00043351019128775356,0
10.51,1971,11.143582100178696,-0.0003802377035039558,0.0004341735961030147,0.0004337510257933247,0
10.53,1972,11.139505134744661,-0.00036592465276868335,0.00043456075664451187,0.0004341735961030147,0
10.43,1973,11.13479080577179,-0.00042329769307677056,0.00043510648763374956,0.00043456075664451187,0
10.52,1974,11.130705809161286,-0.00036693514876259245,0.00043547637924133795,0.00043510648763374956,0
10.47,1975,11.126315728940366,-0.00039448946664659955,0.0004359185277496628,0.00043547637924133795,0
10.56,1976,11.122552826579982,-0.0003382556184258881,0.0004362339498703803,0.0004359185277496628,0
10.51,1977,11.118482700446979,-0.00036600149965967195,0.0004365995092887246,0.0004362339498703803,0
10.59,1978,11.114971180901872,-0.000315877109606447,0.0004368552375438985,0.0004365995092887246,0
10.84,1979,11.113144126462378,-0.00016439130518660445,0.0004369029067838193,0.0004368552375438985,0
10.69,1980,11.110332532379346,-0.0002530291854145894,0.00043704538255163344,0.0004369029067838193,0
10.58,1981,11.106808721699966,-0.00031721549308517895,0.00043730298351650796,0.00043704538255163344,0
10.47,1982,11.102577426786244,-0.0003810366424923662,0.0004377008631804085,0.00043730298351650796,0
10.5,1983,11.098573582800968,-0.0003606879685609787,0.0004380515802542777,0.0004377008631804085,0
10.46,1984,11.094330561316617,-0.00038237641261328737,0.0004384462060743897,0.0004380515802542777,0
10.45,1985,11.090049287465657,-0.0003859719255884887,0.00043882203095323613,0.0004384462060743897,0
10.37,1986,11.085264898311635,-0.00043150587975225905,0.0004392830898469906,0.00043882203095323613,0
10.35,1987,11.080379408631284,-0.00044081639963278185,0.0004397234245728978,0.0004392830898469906,0
10.46,1988,11.076257279082926,-0.0003720898306017476,0.0004398449565626637,0.0004397234245728978,0
10.36,1989,11.07149808621024,-0.00042976751977260935,0.00044027589696002097,0.0004398449565626637,0
10.29,1990,11.06630539890715,-0.0004691239943306974,0.00044065695904361947,0.00044027589696002097,0
10.18,1991,11.060416316361929,-0.0005323050346146865,0.0004411108236827636,0.00044065695904361947,0
10.12,1992,11.054167692290049,-0.0005651134324505772,0.00044153619821749897,0.0004411108236827636,0
10.07,1993,11.047628360979,-0.0005917466151717476,0.0004420814084188363,0.00044153619821749897,0
10.01,1994,11.040733808752956,-0.0006242701380005178,0.00044266025553303787,0.0004420814084188363,0
10.05,1995,11.034150848835008,-0.0005964207936030918,0.00044300487818924397,0.00044266025553303787,0
10.01,1996,11.027345848487549,-0.0006169119581180359,0.00044268534484700697,0.00044300487818924397,0
9.96,1997,11.02025383777662,-0.000643336331977441,0.0004427393627198709,0.00044268534484700697,0
9.92,1998,11.012943169048535,-0.0006636049225271259,0.00044300216233266615,0.0004427393627198709,0
9.9,1999,11.005548185769213,-0.0006717066522133896,0.0004439381558382204,0.00044300216233266615,0
9.86,2000,10.997936557589766,-0.000691856637423086,0.0004449445322615931,0.0004439381558382204,0
9.86,2001,10.990375505176111,-0.0006877338005836558,0.00044593925150322896,0.0004449445322615931,0
9.83,2002,10.982665356607763,-0.0007017826010776911,0.0004469253901698716,0.00044593925150322896,0
9.94,2003,10.975737336595886,-0.0006310131332004884,0.00044755505044283066,0.0004469253901698716,0
9.84,2004,10.968190897210215,-0.0006877929605636302,0.00044853308343250443,0.00044755505044283066,0
9.7,2005,10.959764366421272,-0.000768565158258021,0.00044991872158330455,0.00044853308343250443,0
9.63,2006,10.950928709042156,-0.0008065155974415532,0.00045140182370408024,0.00044991872158330455,0
9.5,2007,10.941287971821486,-0.0008807456992055897,0.00045331360277713127,0.00045140182370408024,0
9.47,2008,10.931511956998575,-0.0008938970324500489,0.00045544353100284807,0.00045331360277713127,0
9.46,2009,10.921734453999527,-0.0008948330575317102,0.0004575430265066179,0.00045544353100284807,0
9.43,2010,10.911822582145152,-0.0009079484867158135,0.0004596984485003282,0.0004575430265066179,0
9.39,2011,10.901710788972432,-0.0009271119653084249,0.00046190072992542,0.0004596984485003282,0
9.42,2012,10.891865519841959,-0.0009035019916606346,0.0004638348392973023,0.00046190072992542,0
9.59,2013,10.883215237760867,-0.0007945120968713077,0.0004652018034415419,0.0004638348392973023,0
9.54,2014,10.87429020640355,-0.0008204094794616176,0.00046661885663981624,0.0004652018034415419,0
9.53,2015,10.865358032474463,-0.000821740474690823,0.00046808971045477805,0.00046661885663981624,0
9.62,2016,10.857083216226638,-0.0007618680196522508,0.00046925344476444515,0.00046808971045477805,0
9.72,2017,10.849527835094149,-0.0006961364369353461,0.00047003081127469914,0.00046925344476444515,0
9.65,2018,10.841557539027194,-0.0007348914347246121,0.00047105440172015507,0.00047003081127469914,0
9.58,2019,10.833175084947008,-0.0007734770844486239,0.0004722148598145022,0.00047105440172015507,0
9.7,2020,10.825645671717352,-0.0006952745597337517,0.00047292709248127805,0.0004722148598145022,0
9.65,2021,10.817834061571453,-0.0007218442303504776,0.00047326532853487986,0.00047292709248127805,0
9.7,2022,10.810406582335846,-0.0006868315966962451,0.0004734716673974338,0.00047326532853487986,0
9.6,2023,10.802364002508963,-0.0007442433321115565,0.0004739024792282889,0.0004734716673974338,0
9.48,2024,10.793577518605616,-0.0008137162604904158,0.0004746111752619192,0.0004739024792282889,0
9.4,2025,10.784317854625215,-0.0008582546526088793,0.0004754842450440407,0.0004746111752619192,0
9.37,2026,10.774920380999832,-0.0008717816573898426,0.00047676389348611756,0.0004754842450440407,0
9.26,2027,10.764854451230493,-0.0009346365577631155,0.0004785394081920191,0.00047676389348611756,0
9.25,2028,10.754788959623772,-0.000935470179368576,0.00048046451345206456,0.0004785394081920191,0
9.3,2029,10.745122574896179,-0.0008992023398234053,0.0004822223462532458,0.00048046451345206456,0
9.34,2030,10.735786199892743,-0.0008692719371630669,0.0004838195101780692,0.0004822223462532458,0
9.36,2031,10.726644751308065,-0.0008518558925837494,0.0004852633843190042,0.0004838195101780692,0
9.39,2032,10.717763379214002,-0.0008283159458450457,0.0004865112316413908,0.0004852633843190042,0
9.43,2033,10.709206800789342,-0.0007986737095928305,0.00048756294564478533,0.0004865112316413908,0
9.46,2034,10.700906412659196,-0.0007753708224936085,0.0004885869333780972,0.00048756294564478533,0
9.56,2035,10.693325629430971,-0.0007086754533258592,0.0004893838946954327,0.0004885869333780972,0
9.43,2036,10.684931428508353,-0.000785302686861753,0.0004904457249437524,0.0004893838946954327,0
9.36,2037,10.676127886281114,-0.0008242608754496882,0.0004916903045029458,0.0004904457249437524,0
9.45,2038,10.667980846894888,-0.0007633993889116465,0.0004925688131154855,0.0004916903045029458,0
9.53,2039,10.660419502921949,-0.0007090399810303303,0.0004932485874580189,0.0004925688131154855,0
9.7,2040,10.654037970069728,-0.0005987985432879129,0.0004935526553724325,0.0004932485874580189,0
9.74,2041,10.647964620592386,-0.0005702139614388664,0.0004937573381918023,0.0004935526553724325,0
9.67,2042,10.641466508847365,-0.0006104542584823941,0.0004938626865043533,0.0004937573381918023,0
9.9,2043,10.636539815090718,-0.0004630785205798458,0.000493950190223111,0.0004938626865043533,0
9.85,2044,10.631313630605217,-0.0004914632879183346,0.0004940821242641125,0.000493950190223111,0
9.81,2045,10.625856390631856,-0.0005134493526466246,0.0004942352840528634,0.0004940821242641125,0
9.98,2046,10.621564980928463,-0.00040394640711466096,0.0004942719054181965,0.0004942352840528634,0
10.2,2047,10.618763881393516,-0.0002637529361566436,0.0004941721968493394,0.0004942719054181965,0
10.06,2048,10.61505116020743,-0.0003496989322593561,0.0004940708076554251,0.0004941721968493394,0
10.3,2049,10.612957794571225,-0.00019722675333815553,0.0004939119317877979,0.0004940708076554251,0
10.25,2050,10.61054611207448,-0.00022726525438332163,0.0004936039729106582,0.0004939119317877979,0
10.24,2051,10.608084008823903,-0.0002320699543372517,0.0004931192161936308,0.0004936039729106582,0
10.17,2052,10.605173148289296,-0.00027443786980171306,0.0004925283796330676,0.0004931192161936308,0
9.99,2053,10.601085614415396,-0.0003855025981018624,0.0004919036504999348,0.0004925283796330676,0
9.98,2054,10.596958795038793,-0.00038935850392862037,0.0004910852288249012,0.0004919036504999348,0
9.91,2055,10.592394279649591,-0.000430831035163365,0.000490093478524778,0.0004910852288249012,0
9.82,2056,10.587262086022896,-0.0004846342772079655,0.0004890574442098345,0.000490093478524778,0
9.7,2057,10.581366650350555,-0.0005569974227599545,0.0004883135726104518,0.0004890574442098345,0
9.75,2058,10.575842613373867,-0.0005221895792924222,0.00048774382827397215,0.0004883135726104518,0
9.71,2059,10.570089500020943,-0.0005441343010108787,0.000486953769686743,0.00048774382827397215,0
9.65,2060,10.563975941888952,-0.0005785501440149071,0.0004862042131629888,0.000486953769686743,0
9.77,2061,10.558700348546111,-0.0004995194150588568,0.00048526658639251726,0.0004862042131629888,0
9.76,2062,10.553393363801085,-0.0005027435866013219,0.00048474415321152827,0.00048526658639251726,0
9.75,2063,10.548055196235037,-0.0005059527230783249,0.00048421953419206914,0.00048474415321152827,0
9.61,2064,10.541822264754735,-0.0005910827763984605,0.0004837389299225892,0.00048421953419206914,0
9.55,2065,10.535232076673857,-0.0006253424400661236,0.0004829762185170062,0.0004837389299225892,0
9.55,2066,10.528685677309753,-0.0006215747375519977,0.00048235365332105007,0.0004829762185170062,0
9.58,2067,10.522382111460983,-0.0005988832585999425,0.00048179584007694435,0.00048235365332105007,0
9.57,2068,10.516053984606069,-0.0006015777044321681,0.000481102520723163,0.00048179584007694435,0
9.53,2069,10.509502124189313,-0.0006232282841817659,0.0004802356205060421,0.000481102520723163,0
9.5,2070,10.50279446206692,-0.0006384511395701645,0.0004794660561202134,0.0004802356205060421,0
9.68,2071,10.497327383713905,-0.0005206711195937875,0.00047697329655458086,0.0004794660561202134,0
9.69,2072,10.491963076785266,-0.0005111470590708093,0.0004723977893243041,0.00047697329655458086,0
9.68,2073,10.486567967914365,-0.0005143457354898947,0.00046704112368733475,0.0004723977893243041,0
9.82,2074,10.482138940492078,-0.00042244164196663357,0.00046157564635481986,0.00046704112368733475,0
9.81,2075,10.477672896633443,-0.0004261530552781703,0.00045558421701176417,0.00046157564635481986,0
9.83,2076,10.473369418038054,-0.00041081284561189115,0.00045148924338308995,0.00045558421701176417,0
9.69,2077,10.468164300580654,-0.0004971094891643394,0.00044684210739526784,0.00045148924338308995,0
9.78,2078,10.463591775908432,-0.0004368983403252563,0.00044198699661928466,0.00044684210739526784,0
9.84,2079,10.459448304995906,-0.0003960677751101107,0.0004374081403567285,0.00044198699661928466,0
9.87,2080,10.455531701241616,-0.00037452618160790035,0.0004315874099009689,0.0004374081403567285,0
9.92,2081,10.451973347708991,-0.0003403900712831322,0.0004267122290866822,0.0004315874099009689,0
10.08,2082,10.449501761686177,-0.0002364987180472184,0.00042280184217600075,0.0004267122290866822,0
10.16,2083,10.447578160149364,-0.00018410242478288644,0.0004185960566416123,0.00042280184217600075,0
9.98,2084,10.444471325646392,-0.00029741787927383307,0.00041510485141459834,0.0004185960566416123,0
9.97,2085,10.441318689356327,-0.00030189294364676625,0.00041193377328864494,0.00041510485141459834,0
9.79,2086,10.436990986473278,-0.00041456449417846,0.0004076810779036468,0.00041193377328864494,0
9.72,2087,10.432226922442615,-0.00045656374227455194,0.00040347191976370565,0.0004076810779036468,0
9.68,2088,10.427228732409377,-0.00047922536537822497,0.00039815837315607507,0.00040347191976370565,0
9.73,2089,10.422595979211653,-0.0004443925393179577,0.00039291779896324675,0.00039815837315607507,0
9.66,2090,10.417528891789638,-0.0004862818772182157,0.0003885029483742396,0.00039291779896324675,0
9.96,2091,10.414488830023902,-0.00029186436262802626,0.0003849157222510605,0.0003885029483742396,0
10.44,2092,10.414658339607627,1.6276190508172695e-05,0.00038308499928167526,0.0003849157222510605,0
10.22,2093,10.413364927586393,-0.00012419921048705083,0.00038106025250339017,0.00038308499928167526,0
10.26,2094,10.412345890640802,-9.786335316941626e-05,0.00037912954139956827,0.00038106025250339017,0
10.28,2095,10.411466515196187,-8.445864071378522e-05,0.00037754538198199884,0.00037912954139956827,0
10.72,2096,10.413516573324282,0.00019688449455183347,0.0003769917544408862,0.00037754538198199884,0
10.72,2097,10.415553009780497,0.0001955379192123976,0.00037612683611512056,0.0003769917544408862,0
10.68,2098,10.417310134119734,0.00016868774409615757,0.0003751789001019791,0.00037612683611512056,0
10.69,2099,10.419122028432923,0.0001739159855796388,0.00037490019573824306,0.0003751789001019791,0
10.83,2100,10.421852116892767,0.00026199240557787094,0.00037532515251945304,0.00037490019573824306,0
10.97,2101,10.425494298526363,0.0003494144144846828,0.0003761954562297819,0.00037532515251945304,0
10.71,2102,10.427384703409441,0.00018130876682120737,0.0003758841824388604,0.0003761954562297819,0
10.78,2103,10.429727664100335,0.00022466779288193213,0.00037583333305499385,0.0003758841824388604,0
10.6,2104,10.430859042663478,0.000108470445261709,0.000375443309808579,0.00037583333305499385,0
10.8,2105,10.43331180847218,0.00023511749759912734,0.0003757544467895942,0.000375443309808579,0
10.54,2106,10.434020700676559,6.79427717308831e-05,0.00037542966371150973,0.0003757544467895942,0
10.58,2107,10.434990663568046,9.295724414126806e-05,0.0003753113666355002,0.00037542966371150973,0
10.47,2108,10.435223283927048,2.229209145593814e-05,0.0003749518622587803,0.0003753113666355002,0
10.92,2109,10.438444394197376,0.00030862906754732845,0.0003762131189545272,0.0003749518622587803,0
10.88,2110,10.441378320770609,0.00028102983752250856,0.00037698253360558435,0.0003762131189545272,0
10.86,2111,10.444159862316756,0.000266360535046681,0.00037759358646845313,0.00037698253360558435,0
10.75,2112,10.446192024259835,0.00019455507121407943,0.0003778787084935907,0.00037759358646845313,0
10.73,2113,10.448077792978319,0.00018050582672652764,0.0003781971845162483,0.0003778787084935907,0
10.72,2114,10.449884586420003,0.0001729157525870621,0.00037817280828728007,0.0003781971845162483,0
10.9,2115,10.452875388760393,0.00028616339319307817,0.0003789617706983655,0.00037817280828728007,0
10.9,2116,10.455846318630181,0.00028418092041764247,0.0003791226672492325,0.0003789617706983655,0
11.12,2117,10.460259303177914,0.0004219700065591834,0.00038013582144085395,0.0003791226672492325,0
11.11,2118,10.464576520294065,0.0004126404827097034,0.0003801838727549315,0.00038013582144085395,0
10.92,2119,10.467602592143445,0.00028913108895209437,0.00037943195934847247,0.0003801838727549315,0
11.03,2120,10.471339454715602,0.0003569294574164064,0.0003790721458309947,0.00037943195934847247,0
10.65,2121,10.472526568831421,0.00011336150792375338,0.00037739316630838515,0.0003790721458309947,0
10.75,2122,10.474370247438797,0.00017603357941822965,0.0003768075072899043,0.00037739316630838515,0
10.78,2123,10.476401011362798,0.00019386054148311908,0.0003760469152693556,0.0003768075072899043,0
10.68,2124,10.477753829521577,0.00012912171079490796,0.00037513075056101405,0.0003760469152693556,0
10.63,2125,10.478765432695232,9.654305295489557e-05,0.0003739091109214448,0.00037513075056101405,0
10.62,2126,10.479703869014504,8.955199030892054e-05,0.000372559003490712,0.0003739091109214448,0
10.48,2127,10.479705836663614,1.8775806545458872e-07,0.0003708077234783784,0.000372559003490712,0
11.01,2128,10.483229388352562,0.000336169690390116,0.0003705928672013389,0.0003708077234783784,0
10.99,2129,10.486596637249212,0.000321151822764793,0.00036990697810790715,0.0003705928672013389,0
10.89,2130,10.489277060088899,0.0002555719864594654,0.00036829282632028383,0.00036990697810790715,0
10.76,2131,10.491075884826339,0.00017147707157929318,0.0003668429206413684,0.00036829282632028383,0
10.7,2132,10.492464085859678,0.0001323133310495081,0.000365052451004692,0.0003668429206413684,0
10.65,2133,10.493510836818226,9.9757191483624e-05,0.00036383091485343204,0.000365052451004692,0
10.66,2134,10.494617077838418,0.00010541588327611598,0.00036245699767348277,0.00036383091485343204,0
10.59,2135,10.495250851824903,6.0388563548909576e-05,0.00036082346230029323,0.00036245699767348277,0
10.73,2136,10.496810647849603,0.00014860818005847453,0.0003595159693101131,0.00036082346230029323,0
10.76,2137,10.498559415445289,0.00016658602296195388,0.00035823112303343926,0.0003595159693101131,0
10.59,2138,10.499166994472338,5.787093472485112e-05,0.0003571286210429521,0.00035823112303343926,0
10.43,2139,10.498707412819073,-4.377411202911226e-05,0.00035583154856905707,0.0003571286210429521,0
10.54,2140,10.498981782343845,2.6133306597523396e-05,0.0003546821674193098,0.00035583154856905707,0
10.58,2141,10.499520109712021,5.127293090346133e-05,0.0003535695037105432,0.0003546821674193098,0
10.5,2142,10.499523298353813,3.036940044590371e-07,0.00035281309626558545,0.0003535695037105432,0
10.58,2143,10.500058027602208,5.092761043289016e-05,0.00035302934085294015,0.00035281309626558545,0
10.43,2144,10.499592525469017,-4.4334274238531046e-05,0.00035347815361139466,0.00035302934085294015,0
10.43,2145,10.49913011637708,-4.404164004635455e-05,0.00035341695974393743,0.00035347815361139466,0
10.3,2146,10.49780699187062,-0.00012603023968582645,0.000353433734419263,0.00035341695974393743,0
10.27,2147,10.49629332323051,-0.0001441994293648494,0.0003534598457055664,0.000353433734419263,0
10.25,2148,10.49465682175584,-0.00015592447856656303,0.0003535557178609658,0.0003534598457055664,0
10.54,2149,10.494958105512913,2.870788798538288e-05,0.0003542491701046656,0.0003535557178609658,0
10.05,2150,10.492001571488911,-0.00028174962825119036,0.00035414245696897503,0.0003542491701046656,0
10.1,2151,10.489396908342826,-0.0002482830838915971,0.0003541444755134947,0.00035414245696897503,0
10.03,2152,10.486344435396516,-0.00029104792224840444,0.00035410695688623694,0.0003541444755134947,0
9.95,2153,10.482780682914024,-0.00033990474058378915,0.00035396740971435967,0.00035410695688623694,0
10.05,2154,10.479905062090282,-0.000274356146608264,0.00035394827680221584,0.00035396740971435967,0
10.12,2155,10.477513664950836,-0.00022821485613014892,0.000354020983885496,0.00035394827680221584,0
10.09,2156,10.474938821849355,-0.0002457796399791264,0.0003540935535101624,0.000354020983885496,0
10.19,2157,10.473045539564495,-0.00018076033066954155,0.00035425638618781784,0.0003540935535101624,0
10.21,2158,10.471297727683142,-0.00016690061494009555,0.0003543994206746648,0.00035425638618781784,0
10.22,2159,10.469627974402853,-0.00015947272891200527,0.00035450846291195206,0.0003543994206746648,0
10.12,2160,10.46730486364357,-0.00022191509967450825,0.0003545895363109179,0.00035450846291195206,0
10.16,2161,10.465262969731375,-0.00019509254047804015,0.00035472702448006884,0.0003545895363109179,0
10.09,2162,10.46276952670069,-0.00023828738252470902,0.0003547665720985923,0.00035472702448006884,0
10.09,2163,10.460292651415948,-0.00023676030546832073,0.00035480127587173834,0.0003547665720985923,0
10.32,2164,10.45936047382424,-8.911979436207624e-05,0.0003551125752420266,0.00035480127587173834,0
10.35,2165,10.458633825765906,-6.947588265102973e-05,0.00035552552080926294,0.0003551125752420266,0
10.29,2166,10.457513334629226,-0.00010714125590715806,0.00035583629548125085,0.00035552552080926294,0
10.35,2167,10.456798959932742,-6.831443336036049e-05,0.0003562467891549127,0.00035583629548125085,0
10.27,2168,10.455557770174337,-0.00011870395822730732,0.0003563940144963772,0.0003562467891549127,0
10.19,2169,10.453793265791838,-0.00016877658074168509,0.000356556417180963,0.0003563940144963772,0
10.22,2170,10.452239821355326,-0.00014861207125188195,0.0003566820819293511,0.000356556417180963,0
10.23,2171,10.450763144036625,-0.00014128853386303247,0.0003568755810884606,0.0003566820819293511,0
10.23,2172,10.44929627853748,-0.00014036950535833056,0.0003570106919885482,0.0003568755810884606,0
10.23,2173,10.447839159662943,-0.00013945632703656074,0.0003570257622420675,0.0003570106919885482,0
10.31,2174,10.446923284382923,-8.766553657257884e-05,0.0003572218172180497,0.0003570257622420675,0
10.21,2175,10.445349042496755,-0.00015070087777114484,0.00035704511094280085,0.0003572218172180497,0
10.23,2176,10.443918151132102,-0.0001369977561804562,0.0003567675159621439,0.00035704511094280085,0
10.17,2177,10.442098096066022,-0.00017428455950105416,0.0003559657498815721,0.0003567675159621439,0
10.03,2178,10.439359901383096,-0.0002622608726800565,0.00035429414938261707,0.0003559657498815721,0
10.05,2179,10.436772791133405,-0.00024785340283471527,0.0003530975397540613,0.00035429414938261707,0
10.04,2180,10.434136425786734,-0.0002526354106849743,0.0003511086336587359,0.0003530975397540613,0
10.1,2181,10.431916249124333,-0.00021280274763696568,0.00034987974665081967,0.0003511086336587359,0
10.04,2182,10.429312153192345,-0.0002496589266261775,0.0003488660438941894,0.00034987974665081967,0
10.0,2183,10.426459579381989,-0.00027355245969525965,0.00034803968384483023,0.0003488660438941894,0
9.99,2184,10.42355951435422,-0.0002781834427520124,0.0003472422147449859,0.00034803968384483023,0
10.02,2185,10.420878054521983,-0.00025728301261845204,0.0003465555472652591,0.0003472422147449859,0
10.08,2186,10.41861308299854,-0.00021737301716391553,0.00034560798619002754,0.0003465555472652591,0
10.01,2187,10.415898044638228,-0.00026062894963534996,0.0003444696736052045,0.00034560798619002754,0
9.98,2188,10.413001710776296,-0.0002781072370225673,0.000343612253815738,0.0003444696736052045,0
10.0,2189,10.410257512101868,-0.0002635705257224418,0.0003426488655394337,0.000343612253815738,0
10.03,2190,10.407730882961507,-0.00024273518697569927,0.0003420108159896272,0.0003426488655394337,0
9.93,2191,10.404556589941475,-0.0003050402843780672,0.00034126209588664346,0.0003420108159896272,0
9.92,2192,10.40133694337583,-0.00030949371015375897,0.0003404304551426152,0.00034126209588664346,0
9.99,2193,10.398603806316935,-0.000262802390402519,0.0003396483884610117,0.0003404304551426152,0
10.03,2194,10.39615461050235,-0.0002355589593124356,0.00033864708993518536,0.0003396483884610117,0
9.94,2195,10.393123681520063,-0.00029158578390139434,0.0003379581086308347,0.00033864708993518536,0
9.91,2196,10.38991355598293,-0.0003089178473748679,0.0003371162000184641,0.0003379581086308347,0
9.91,2197,10.38672476020223,-0.0003069597455768926,0.0003362360494933541,0.0003371162000184641,0
9.96,2198,10.383889378509103,-0.00027301857246998015,0.000335468734186103,0.0003362360494933541,0
9.83,2199,10.380209048831063,-0.000354489719788179,0.0003344905419266809,0.000335468734186103,0
9.94,2200,10.37728407051375,-0.00028182385222093954,0.0003333016173327773,0.0003344905419266809,0
9.98,2201,10.374644308128456,-0.000254411286639759,0.0003322455296616829,0.0003333016173327773,0
10.01,2202,10.372221421339535,-0.00023356653785966037,0.00033118447768119976,0.0003322455296616829,0
9.99,2203,10.369681743058617,-0.0002448838251225335,0.0003301238839678263,0.00033118447768119976,0
9.55,2204,10.364235350475418,-0.0005253607105592215,0.0003299261198720634,0.0003301238839678263,0
9.64,2205,10.359423153468681,-0.0004644157876191363,0.0003296045480472877,0.0003299261198720634,0
9.58,2206,10.354244259959337,-0.0005000460337506021,0.00032970994159807146,0.0003296045480472877,0
9.34,2207,10.34750509269557,-0.0006510722728812469,0.00033024477675283826,0.00032970994159807146,0
9.15,2208,10.339548245005487,-0.0007692587196998653,0.00033109860050737895,0.00033024477675283826,0
9.21,2209,10.332042938034549,-0.000726147032830682,0.00033166975866464785,0.00033109860050737895,0
9.12,2210,10.323989493369542,-0.000779766888904462,0.0003325546196316451,0.00033166975866464785,0
9.03,2211,10.315391553125613,-0.0008331587775735857,0.00033369497855449773,0.0003325546196316451,0
9.13,2212,10.307515194187006,-0.0007638457001309182,0.00033437133397316735,0.00033369497855449773,0
9.12,2213,10.299624724691661,-0.0007657996123693245,0.0003351216552980209,0.00033437133397316735,0
9.07,2214,10.291454457563157,-0.0007935735164692274,0.00033588553462213905,0.0003351216552980209,0
9.05,2215,10.283205587549178,-0.0008018475579054026,0.00033666314222791766,0.00033588553462213905,0
9.08,2216,10.275210862969596,-0.0007777568862688386,0.00033739762851753947,0.00033666314222791766,0
9.17,2217,10.26786726639665,-0.0007149461088067422,0.0003379126028018682,0.00033739762851753947,0
9.2,2218,10.260771800146037,-0.0006912749072325355,0.00033841866580009203,0.0003379126028018682,0
9.21,2219,10.253789925093875,-0.0006806750653747246,0.0003387882746588297,0.00033841866580009203,0
9.17,2220,10.246588660442658,-0.0007025494595007391,0.00033891992159938147,0.0003387882746588297,0
9.18,2221,10.23950168996902,-0.0006918812360120854,0.000339258680802089,0.00033891992159938147,0
9.22,2222,10.232727589863904,-0.0006617843381638403,0.0003394990789300231,0.000339258680802089,0
9.19,2223,10.225799164802623,-0.0006773141985476685,0.00033991346202251856,0.0003394990789300231,0
9.33,2224,10.219847008718403,-0.0005822419308106195,0.0003402063577709945,0.00033991346202251856,0
9.23,2225,10.213269949805376,-0.00064376464476988,0.0003407002277917682,0.0003402063577709945,0
9.27,2226,10.207002373138256,-0.0006138583036321216,0.00034112578467599704,0.0003407002277917682,0
9.2,2227,10.200311325083703,-0.0006557500309217742,0.0003416809398816758,0.00034112578467599704,0
9.21,2228,10.193731181058071,-0.0006453006314945059,0.00034219769133821034,0.0003416809398816758,0
9.19,2229,10.187061868538317,-0.000654470387053319,0.00034273718887170844,0.00034219769133821034,0
9.14,2230,10.180104644388807,-0.0006831803938650142,0.000343371932682859,0.00034273718887170844,0
9.17,2231,10.17339298329187,-0.0006595093838888835,0.0003439155140832729,0.000343371932682859,0
8.96,2232,10.165330568662151,-0.0007928142620582709,0.00034497887722170447,0.0003439155140832729,0
9.05,2233,10.157919731779977,-0.0007292964561364746,0.0003457556325801815,0.00034497887722170447,0
9.18,2234,10.151421924041886,-0.0006398836623972716,0.0003461780371229736,0.0003457556325801815,0
9.23,2235,10.145299517161261,-0.0006032902490240069,0.0003465286540457932,0.0003461780371229736,0
9.24,2236,10.139284235957478,-0.0005930889638476201,0.000346722148068214,0.0003465286540457932,0
9.21,2237,10.133109587811655,-0.0006091681515703782,0.0003470426514103847,0.000346722148068214,0
9.34,2238,10.127839754917183,-0.0005201960603292246,0.00034717475221257614,0.0003470426514103847,0
9.34,2239,10.1226049375468,-0.0005170076575094076,0.0003473173761963977,0.00034717475221257614,0
9.3,2240,10.11713912222111,-0.0005401071715553589,0.0003475296233264861,0.0003473173761963977,0
9.41,2241,10.112440521876259,-0.00046452773730396957,0.0003476086770513539,0.0003475296233264861,0
9.39,2242,10.107640251079143,-0.0004748023453710999,0.0003476790706843763,0.0003476086770513539,0
9.21,2243,10.101675862117206,-0.0005902613529027046,0.0003480013219272872,0.0003476790706843763,0
9.19,2244,10.095618213264274,-0.0005998475847269859,0.00034834380337597846,0.0003480013219272872,0
9.12,2245,10.08913569816921,-0.0006423179937077849,0.0003488021170650808,0.00034834380337597846,0
9.11,2246,10.082629811087703,-0.0006450488732983493,0.00034922673065163425,0.0003488021170650808,0
9.03,2247,10.075635590891181,-0.0006939307859793582,0.0003494717912542776,0.00034922673065163425,0
9.03,2248,10.068687843947465,-0.0006897970280987627,0.00034943112407687067,0.0003494717912542776,0
9.02,2249,10.061719816260611,-0.0006922888083306484,0.00034550902102858233,0.00034943112407687067,0
9.02,2250,10.054798087789466,-0.000688163704804072,0.0003420093814211015,0.00034550902102858233,0
9.03,2251,10.04798879610058,-0.0006774475587524037,0.0003382603955162059,0.0003420093814211015,0
9.02,2252,10.041158303699365,-0.000680018183997251,0.00033525697460804523,0.0003382603955162059,0
9.0,2253,10.034240306251736,-0.0006892015302786921,0.0003339379717727387,0.00033525697460804523,0
9.08,2254,10.027899837212141,-0.0006320830385347125,0.0003321964928310729,0.0003339379717727387,0
9.15,2255,10.022066613976627,-0.0005818686444484124,0.0003312621109271655,0.0003321964928310729,0
9.14,2256,10.016205704520093,-0.000584971551489736,0.0003308312986572252,0.0003312621109271655,0
9.07,2257,10.009918621591494,-0.0006278881557681474,0.0003304466611830809,0.0003308312986572252,0
9.04,2258,10.003473977718626,-0.0006440331456695397,0.00032992144119281026,0.0003304466611830809,0
9.07,2259,9.997271491030078,-0.0006202255707988529,0.0003285620240683701,0.00032992144119281026,0
9.02,2260,9.990777990892642,-0.0006497382720360031,0.00032718931752450276,0.0003285620240683701,0
9.01,2261,9.984261191758522,-0.0006524942760552906,0.0003255025059891837,0.00032718931752450276,0
9.02,2262,9.977854138841346,-0.0006419212624589585,0.0003256995908375785,0.0003255025059891837,0
9.04,2263,9.971622548131037,-0.000624737281159745,0.0003259753073956351,0.0003256995908375785,0
9.07,2264,9.965631698965934,-0.0006009703513996552,0.0003261696956380708,0.0003259753073956351,0
9.03,2265,9.959414875325225,-0.000624021009864902,0.00032643186185311613,0.0003261696956380708,0
9.03,2266,9.953239359505583,-0.0006202604579783443,0.0003267195593476801,0.00032643186185311613,0
8.99,2267,9.94683909623265,-0.0006432400261987683,0.0003270372897343828,0.0003267195593476801,0
8.96,2268,9.940282024046882,-0.0006594290228051955,0.0003273800286957085,0.0003270372897343828,0
8.94,2269,9.933635630069366,-0.0006688559690112947,0.00032777333070132343,0.0003273800286957085,0
8.72,2270,9.925571603790544,-0.0008121197011615083,0.0003286528481425715,0.00032777333070132343,0
8.54,2271,9.916365145503187,-0.0009279798705498175,0.0003301327450407744,0.0003286528481425715,0
8.53,2272,9.907153414528295,-0.0009293740271221516,0.00033160096005731407,0.0003301327450407744,0
8.51,2273,9.897870000700097,-0.0009374807909562338,0.0003330949414180149,0.00033160096005731407,0
8.53,2274,9.888781161117063,-0.0009186840307577298,0.00033447359399323785,0.0003330949414180149,0
8.49,2275,9.879486931726376,-0.0009403180928004486,0.0003359556073789557,0.00033447359399323785,0
8.54,2276,9.87058668404365,-0.0009012876061491086,0.0003372013096410222,0.0003359556073789557,0
8.48,2277,9.861346903051396,-0.0009365307892216883,0.00033862578683914213,0.0003372013096410222,0
8.62,2278,9.853098748778278,-0.0008367625344426873,0.0003395274526982736,0.00033862578683914213,0
8.65,2279,9.845104735143098,-0.000811649050184681,0.00034007056084799857,0.0003395274526982736,0
8.75,2280,9.837828289897924,-0.0007393659844694798,0.00034050810999397037,0.00034007056084799857,0
8.73,2281,9.830467302751769,-0.0007485130020708177,0.000341044318848497,0.00034050810999397037,0
8.65,2282,9.822623664250312,-0.0007982091907154721,0.0003417881647563921,0.000341044318848497,0
8.56,2283,9.814234136182554,-0.0008544675185269645,0.0003427457240218946,0.0003417881647563921,0
8.65,2284,9.806498359304959,-0.000788530935856186,0.0003434379307876655,0.0003427457240218946,0
8.6,2285,9.798481756969066,-0.0008178128960245686,0.00034423550453429344,0.0003434379307876655,0
8.63,2286,9.790717756715734,-0.0007926817687926641,0.0003449322475120619,0.00034423550453429344,0
8.68,2287,9.783337570521725,-0.0007540784390711963,0.00034548760135627105,0.0003449322475120619,0
8.64,2288,9.7757406413391,-0.0007768187725786807,0.0003461091980278945,0.00034548760135627105,0
8.56,2289,9.767662628527967,-0.0008266741631048467,0.0003469183764484779,0.0003461091980278945,0
8.59,2290,9.759837625840671,-0.0008014341829929187,0.00034761309414567057,0.0003469183764484779,0
8.51,2291,9.751533054965492,-0.0008512545338324047,0.00034844826369151194,0.00034761309414567057,0
8.56,2292,9.743615889979262,-0.0008122190237001767,0.00034908433168583054,0.00034844826369151194,0
8.58,2293,9.735884221160656,-0.0007938262461057376,0.0003496101571925456,0.00034908433168583054,0
8.59,2294,9.728270370778192,-0.0007823458999822591,0.0003500359160098523,0.0003496101571925456,0
8.6,2295,9.720773555984502,-0.0007709186316005429,0.0003504716821817069,0.0003500359160098523,0
8.68,2296,9.713858115517645,-0.0007116616229846283,0.0003506901500340042,0.0003504716821817069,0
8.67,2297,9.706922179644367,-0.0007142798654590236,0.000350863271475428,0.0003506901500340042,0
8.75,2298,9.70056389132414,-0.0006552408204200933,0.00035084441918797535,0.000350863271475428,0
8.77,2299,9.694380741180314,-0.0006376043314852973,0.0003507690708257922,0.00035084441918797535,0
8.65,2300,9.687441332741221,-0.0007160739283591056,0.00035083396784027195,0.0003507690708257922,0
8.57,2301,9.68001647177092,-0.0007667357697630339,0.0003510629766247588,0.00035083396784027195,0
8.55,2302,9.672508055052226,-0.0007759625453549584,0.0003512859104463018,0.0003510629766247588,0
8.6,2303,9.66538175415212,-0.0007370298717190436,0.000351548657224723,0.0003512859104463018,0
8.56,2304,9.658037023321222,-0.0007601896195680586,0.0003517552782516014,0.000351548657224723,0
8.58,2305,9.650873985102917,-0.0007419412253514567,0.00035167141119266815,0.0003517552782516014,0
8.61,2306,9.6439578774332,-0.0007168870934131892,0.00035138326257636937,0.00035167141119266815,0
8.57,2307,9.636821943200065,-0.0007402122347066051,0.000350865133009555,0.00035138326257636937,0
8.58,2308,9.629799869028634,-0.0007289367643999587,0.00035025368756298503,0.000350865133009555,0
8.54,2309,9.622558672390914,-0.0007522399880101232,0.00034970706116683526,0.00035025368756298503,0
8.56,2310,9.61549848042906,-0.0007339818384705571,0.00034904241256858946,0.00034970706116683526,0
8.57,2311,9.608551645257137,-0.0007227234041613019,0.0003482509189078118,0.00034904241256858946,0
8.54,2312,9.601451632888685,-0.0007391995294271307,0.00034761801898439414,0.0003482509189078118,0
8.54,2313,9.594398796701176,-0.0007348292831037007,0.0003474201850023043,0.00034761801898439414,0
8.53,2314,9.587326378035373,-0.0007374121901822063,0.0003471333048050485,0.0003474201850023043,0
8.57,2315,9.580566732986933,-0.0007053091635589692,0.0003467473657045416,0.0003471333048050485,0
8.64,2316,9.574317118911987,-0.0006525348151442459,0.0003464436193477629,0.0003467473657045416,0
8.57,2317,9.567643914158174,-0.0006972331635848476,0.0003464465581302811,0.0003464436193477629,0
8.71,2318,9.56194528239155,-0.0005957924006252027,0.00034611545139164414,0.0003464465581302811,0
8.72,2319,9.556350960498053,-0.000585232280334348,0.00034564033776073803,0.00034611545139164414,0
8.73,2320,9.550860255388377,-0.0005747259711293775,0.0003453869184538553,0.00034564033776073803,0
8.69,2321,9.545140252601541,-0.0005990786348707547,0.0003450978732189973,0.0003453869184538553,0
8.72,2322,9.539657592078079,-0.0005745578987955368,0.00034486530411633154,0.0003450978732189973,0
8.59,2323,9.533347573668566,-0.0006616701023139799,0.00034463599736593993,0.00034486530411633154,0
8.57,2324,9.52694659191712,-0.0006716561598129232,0.00034418578215244974,0.00034463599736593993,0
8.63,2325,9.52098681279203,-0.0006257665010626475,0.00034344782650290635,0.00034418578215244974,0
8.64,2326,9.51513307873785,-0.0006150133821434822,0.00034262543471489244,0.00034344782650290635,0
8.8,2327,9.510381363059059,-0.00049950983371604,0.00034133459478934527,0.00034262543471489244,0
8.76,2328,9.505395439474212,-0.0005243986349735539,0.0003400529217714379,0.00034133459478934527,0
8.69,2329,9.499977528598649,-0.0005701451933018702,0.0003390040787763433,0.0003400529217714379,0
8.56,2330,9.49373182961344,-0.0006576597643495192,0.00033826574469600736,0.0003390040787763433,0
8.57,2331,9.487594075498674,-0.0006467150250061303,0.0003375758576151083,0.00033826574469600736,0
8.45,2332,9.48069976148389,-0.0007269303583790403,0.0003372053696958955,0.0003375758576151083,0
8.41,2333,9.473585476103079,-0.0007506783427306045,0.0003370311258334181,0.0003372053696958955,0
8.52,2334,9.46724935887572,-0.0006690431038451479,0.00033669993810392764,0.0003370311258334181,0
8.65,2335,9.461819129635055,-0.0005737450200385476,0.00033638732672201875,0.00033669993810392764,0
8.64,2336,9.456358536470107,-0.0005772853403719305,0.0003358206011072778,0.00033638732672201875,0
8.69,2337,9.451266452299212,-0.0005386275956953343,0.00033503808136146565,0.0003358206011072778,0
8.74,2338,9.446540428556325,-0.0005001663813380471,0.0003344436509530056,0.00033503808136146565,0
8.6,2339,9.440915574259858,-0.000595618008260964,0.00033416316109483447,0.0003344436509530056,0
8.55,2340,9.43499586845374,-0.0006272233283310214,0.0003342223338749684,0.00033416316109483447,0
8.59,2341,9.4293812770294,-0.0005952586238948259,0.00033426685292689117,0.0003342223338749684,0
8.56,2342,9.423604656291579,-0.0006128070045803426,0.00033427171392682215,0.00033426685292689117,0
8.67,2343,9.418597315558712,-0.000531502725448647,0.00033433471965945913,0.00033427171392682215,0
8.6,2344,9.413158129848657,-0.000577661055239729,0.0003344459814184059,0.00033433471965945913,0
8.58,2345,9.407622194532191,-0.0005882790597101113,0.0003345545339237289,0.0003344459814184059,0
8.54,2346,9.40185726207723,-0.0006129816243742392,0.0003347680639341671,0.0003345545339237289,0
8.44,2347,9.395466182899922,-0.0006799988777429805,0.00033503653229234446,0.0003347680639341671,0
8.43,2348,9.389051124185249,-0.0006830155770512,0.0003353950819593072,0.00033503653229234446,0
8.39,2349,9.382412909686034,-0.0007072666004052327,0.0003356101559041669,0.0003353950819593072,0
8.44,2350,9.376151028904049,-0.0006676290397363061,0.00033576773885336906,0.0003356101559041669,0
8.42,2351,9.369797864930186,-0.0006778172983488075,0.0003359538861413347,0.00033576773885336906,0
8.46,2352,9.363752695455647,-0.0006453842975341639,0.00033612202852442485,0.0003359538861413347,0
8.4,2353,9.357349022074834,-0.000684112903950028,0.0003364763815171843,0.00033612202852442485,0
8.29,2354,9.350257000910135,-0.0007581965854668888,0.0003370521396429527,0.0003364763815171843,0
8.08,2355,9.341816753774856,-0.0009030830735717993,0.0003382167593000295,0.0003370521396429527,0
7.9,2356,9.332236574563371,-0.001026041843568805,0.00034000900078546696,0.0003382167593000295,0
7.92,2357,9.322852941432224,-0.0010060132828099038,0.0003415960560936983,0.00034000900078546696,0
8.01,2358,9.314129664775061,-0.000936125496119462,0.0003428354922784371,0.0003415960560936983,0
7.91,2359,9.30479989818073,-0.0010021808550979543,0.00034439111523485306,0.0003428354922784371,0
7.63,2360,9.293671658019674,-0.001196683443093369,0.00034715094412241085,0.00034439111523485306,0
7.77,2361,9.283547592369262,-0.0010899442501293179,0.00034923054738340836,0.00034715094412241085,0
7.74,2362,9.273291460700554,-0.0011053749707769201,0.0003513825496075898,0.00034923054738340836,0
7.9,2363,9.264166599182504,-0.0009844782629371738,0.00035280702941927513,0.0003513825496075898,0
7.76,2364,9.254172135299736,-0.0010794126834457797,0.00035466219944823603,0.00035280702941927513,0
7.83,2365,9.244709196178961,-0.001023082399050277,0.0003561193429063791,0.00035466219944823603,0
7.8,2366,9.235109798171585,-0.0010389061574377664,0.00035766010151149955,0.0003561193429063791,0
7.8,2367,9.22557418355762,-0.001033072823462801,0.0003591926937935832,0.00035766010151149955,0
7.8,2368,9.216101928526907,-0.0010272662643167525,0.00036067715831315675,0.0003591926937935832,0
7.86,2369,9.207091283236807,-0.000978185041541074,0.0003618610505172275,0.00036067715831315675,0
7.82,2370,9.197874728593069,-0.0010015291968711228,0.0003631285234297386,0.0003618610505172275,0
7.92,2371,9.189383865449809,-0.0009235595076193839,0.0003641631231300207,0.0003631285234297386,0
8.0,2372,9.181480981551093,-0.0008603715123958788,0.00036493719507388523,0.0003641631231300207,0
8.07,2373,9.174095724864774,-0.0008046881013820895,0.0003655069614356703,0.00036493719507388523,0
8.17,2374,9.167423991580794,-0.0007275006304142636,0.00036586619618625855,0.0003655069614356703,0
8.07,2375,9.160132136846782,-0.0007957258532092089,0.0003664184868203914,0.00036586619618625855,0
8.11,2376,9.153154513753622,-0.000762028527586371,0.00036686023136768087,0.0003664184868203914,0
8.01,2377,9.145558801702405,-0.0008301908835370107,0.0003675093878581049,0.00036686023136768087,0
8.11,2378,9.138678011425725,-0.0007526472853991644,0.00036792296583906906,0.0003675093878581049,0
8.1,2379,9.131776495506317,-0.0007554838052929038,0.0003683275107431492,0.00036792296583906906,0
8.11,2380,9.124987282038642,-0.0007437477817384071,0.0003686828381495057,0.0003683275107431492,0
8.15,2381,9.118508960400316,-0.0007102061824703949,0.00036892083590916097,0.0003686828381495057,0
8.03,2382,9.111276341805594,-0.0007934946961046978,0.0003692192414599276,0.00036892083590916097,0
8.14,2383,9.104822677591521,-0.0007085671281447588,0.00036916534371364676,0.0003692192414599276,0
8.11,2384,9.098212559304885,-0.0007262655366162343,0.0003693695456792955,0.00036916534371364676,0
8.07,2385,9.091380581316999,-0.0007511963853551139,0.0003696371929056724,0.0003693695456792955,0
8.09,2386,9.08472688892481,-0.0007321361518459649,0.00036995697997195147,0.0003696371929056724,0
7.82,2387,9.076323386970476,-0.0009254423534356192,0.0003709208147182953,0.00036995697997195147,0
7.87,2388,9.068307948206208,-0.0008835053341779183,0.000371709504328184,0.0003709208147182953,0
7.83,2389,9.060079987421132,-0.0009077433006484946,0.0003725833323376396,0.000371709504328184,0
7.99,2390,9.0529698205365,-0.000785087804121334,0.000373034190013045,0.0003725833323376396,0
8.03,2391,9.046172678059635,-0.0007511010863574489,0.00037325122329123984,0.000373034190013045,0
7.99,2392,9.039154918568473,-0.0007760721840279741,0.00037260498769630545,0.00037325122329123984,0
7.85,2393,9.031253556051695,-0.0008745085127912868,0.0003727796552400341,0.00037260498769630545,0
7.82,2394,9.023205358723358,-0.000891546836094592,0.0003729129264524303,0.0003727796552400341,0
7.85,2395,9.015409973373076,-0.0008642998026221105,0.00037288334685199,0.0003729129264524303,0
7.86,2396,9.00773282980561,-0.0008519206794978684,0.00037143054248074485,0.00037288334685199,0
7.87,2397,9.000173142360962,-0.0008395965528045505,0.00036990721470627164,0.00037143054248074485,0
8.05,2398,8.993859698834598,-0.0007017263824241139,0.00036815767378562157,0.00036990721470627164,0
7.97,2399,8.987056643586634,-0.0007566973165353468,0.00036646367682802036,0.00036815767378562157,0
8.02,2400,8.980631017324786,-0.000715242457131207,0.0003640668873157333,0.00036646367682802036,0
7.95,2401,8.973782969932563,-0.0007628260915849367,0.00036107862927339183,0.0003640668873157333,0
7.91,2402,8.966714643766098,-0.0007879744123481786,0.00035929564363552615,0.00036107862927339183,0
8.04,2403,8.960557070703087,-0.0006869504075388559,0.0003569678305312456,0.00035929564363552615,0
7.95,2404,8.953842405045764,-0.0007496389684578207,0.00035546171531485125,0.0003569678305312456,0
7.88,2405,8.946707238787146,-0.0007972008433784614,0.0003532242797090185,0.00035546171531485125,0
7.88,2406,8.939619482281397,-0.0007925335355068966,0.00035198752229069724,0.0003532242797090185,0
7.9,2407,8.93271171089313,-0.0007730129503063952,0.00035053076999175985,0.00035198752229069724,0
8.0,2408,8.926514290226029,-0.0006940301797486929,0.00034927455603212356,0.00035053076999175985,0
7.88,2409,8.91956070616536,-0.000779284454870414,0.00034627164538183537,0.00034927455603212356,0
7.94,2410,8.913051996469115,-0.0007299782812316137,0.00034331615727334396,0.00034627164538183537,0
7.91,2411,8.906387198453434,-0.0007480368213112407,0.000340454419437833,0.00034331615727334396,0
7.89,2412,8.899633794439929,-0.000758552889500441,0.0003381008332804671,0.000340454419437833,0
7.86,2413,8.89272592798334,-0.0007764981049673344,0.0003358431662355446,0.0003381008332804671,0
7.88,2414,8.88599685136016,-0.0007569809179232152,0.0003335498979222064,0.0003358431662355446,0
7.86,2415,8.879179595839714,-0.0007674852963425121,0.00033034949083697373,0.0003335498979222064,0
7.95,2416,8.873005644412338,-0.0006955708936948634,0.0003269613054550357,0.00033034949083697373,0
7.93,2417,8.866739825547505,-0.0007064158993723375,0.0003222315197734542,0.0003269613054550357,0
7.77,2418,8.859452517009258,-0.0008222080419702675,0.00031773749462587537,0.0003222315197734542,0
7.87,2419,8.852878081028498,-0.0007423569977194582,0.0003141325649405793,0.00031773749462587537,0
8.03,2420,8.847410452044663,-0.0006178011333007533,0.00030964155085236067,0.0003141325649405793,0
7.92,2421,8.841248255747182,-0.000696739831839453,0.0003072577531631902,0.00030964155085236067,0
7.97,2422,8.835459230229489,-0.0006549891408508899,0.00030429156248013066,0.0003072577531631902,0
7.91,2423,8.829309998870249,-0.0006962142021640638,0.0003011694830561885,0.00030429156248013066,0
7.97,2424,8.823600297333572,-0.0006468850336832616,0.0002984637196478476,0.0003011694830561885,0
7.92,2425,8.817596308075071,-0.0006806782583529906,0.0002959977296865714,0.0002984637196478476,0
7.97,2426,8.811964438385536,-0.0006389121047440571,0.0002935025222592873,0.0002959977296865714,0
7.95,2427,8.80623709938618,-0.0006501616171010713,0.0002916151262887562,0.0002935025222592873,0
7.97,2428,8.800680706180444,-0.000631160257752222,0.00028675927176556647,0.0002916151262887562,0
8.04,2429,8.79562634885997,-0.0005744793431564032,0.00028193464741673276,0.00028675927176556647,0
8.05,2430,8.790672020504124,-0.000563430505141603,0.0002776902459615414,0.00028193464741673276,0
8.01,2431,8.785484830524389,-0.000590253054100604,0.0002741748536422932,0.0002776902459615414,0
7.99,2432,8.780199216552017,-0.0006018113633074906,0.0002709509716441557,0.0002741748536422932,0
7.96,2433,8.774749387378456,-0.000620888100739479,0.0002679590141752551,0.0002709509716441557,0
7.98,2434,8.769468660078306,-0.0006019906325081057,0.0002648582614364501,0.0002679590141752551,0
7.9,2435,8.763691459164308,-0.0006590028362014434,0.00026211416764688333,0.0002648582614364501,0
7.87,2436,8.757753309408345,-0.0006778151073434249,0.00025852765330582864,0.00026211416764688333,0
7.88,2437,8.751921060992473,-0.0006661744254276183,0.000254670461123721,0.00025852765330582864,0
7.87,2438,8.74606111987603,-0.0006697848100359744,0.0002517698919198291,0.000254670461123721,0
7.91,2439,8.74050589600615,-0.0006353704591323461,0.00024963594632632953,0.0002517698919198291,0
7.85,2440,8.734588912798456,-0.0006771904242641076,0.00024692071299508217,0.00024963594632632953,0
7.79,2441,8.728312573970081,-0.0007188197337516145,0.0002439741713649052,0.00024692071299508217,0
7.67,2442,8.721280596136351,-0.0008059761790251533,0.0002415932188205121,0.0002439741713649052,0
7.79,2443,8.7150926846758,-0.0007097705033805053,0.00023851558777679668,0.0002415932188205121,0
7.81,2444,8.709078779289541,-0.0006902945873211346,0.0002361960109453583,0.00023851558777679668,0
7.79,2445,8.702971943037669,-0.0007014494271415888,0.0002338423443354636,0.0002361960109453583,0
7.33,2446,8.693849205119182,-0.0010487822662546237,0.00023331969750907533,0.0002338423443354636,0
7.35,2447,8.684919973785874,-0.0010276023609191208,0.00023276092730984739,0.00023331969750907533,0
7.35,2448,8.676050072903047,-0.0010218209732222618,0.00023221262795397956,0.00023276092730984739,0
7.38,2449,8.667438443812664,-0.0009930677775470643,0.00022993729027442797,0.00023221262795397956,0
7.34,2450,8.658618254106058,-0.0010181417067153576,0.00023005486085377842,0.00022993729027442797,0
7.33,2451,8.649790225132497,-0.0010200856710388543,0.00022997298893435923,0.00023005486085377842,0
7.26,2452,8.64055573785205,-0.0010681669618695646,0.00023037436548487488,0.00022997298893435923,0
7.23,2453,8.631183273736879,-0.001085294888817049,0.00023108747550189946,0.00023037436548487488,0
7.14,2454,8.621275078449123,-0.00114861269910932,0.00023187297719991774,0.00023108747550189946,0
7.07,2455,8.610967602040963,-0.001196301355378879,0.0002327077348084567,0.00023187297719991774,0
7.09,2456,8.60086150423453,-0.0011743201614906702,0.00023343417030357926,0.0002327077348084567,0
7.15,2457,8.59122122771703,-0.0011214787269463566,0.00023333271528356845,0.00023343417030357926,0
7.12,2458,8.581445670639416,-0.001138502038313228,0.00023320551452945542,0.00023333271528356845,0
7.12,2459,8.571735067439326,-0.0011322219926115909,0.00023293714996597148,0.00023320551452945542,0
7.09,2460,8.56188965096619,-0.0011492509867095351,0.0002331679512494943,0.00023293714996597148,0
7.18,2461,8.552707659241875,-0.0010730013027882876,0.0002326990190727472,0.0002331679512494943,0
7.24,2462,8.543985348564481,-0.0010203507111177484,0.00023219607797056647,0.0002326990190727472,0
7.21,2463,8.535121657885448,-0.001037957250512554,0.00023174215862258854,0.00023219607797056647,0
7.19,2464,8.526183971794564,-0.001047714296016594,0.0002301990561612434,0.00023174215862258854,0
7.28,2465,8.517903679019065,-0.0009716323450770591,0.0002280640434768867,0.0002301990561612434,0
7.21,2466,8.509213288495438,-0.0010207707264598001,0.00022642683662454116,0.0002280640434768867,0
7.2,2467,8.500514196251274,-0.0010228374335071633,0.00022439803810572395,0.00022642683662454116,0
7.23,2468,8.492072240855203,-0.0009936046077321393,0.00022262121285126534,0.00022439803810572395,0
7.17,2469,8.483287707069344,-0.0010349747630627713,0.00022140895409613552,0.00022262121285126534,0
7.15,2470,8.47442865191218,-0.0010448406820318635,0.00022003750917858864,0.00022140895409613552,0
7.2,2471,8.465960686854075,-0.0009997368530392093,0.00021833298479997083,0.00022003750917858864,0
7.22,2472,8.457681877727092,-0.0009783720916785304,0.00021647533888982459,0.00021833298479997083,0
7.15,2473,8.448992960995021,-0.0010278682922518826,0.0002147848213425855,0.00021647533888982459,0
7.19,2474,8.440627558686062,-0.0009905969152213712,0.0002123783568822624,0.0002147848213425855,0
7.27,2475,8.432849301951286,-0.0009219507455368189,0.00021023239599234252,0.0002123783568822624,0
7.23,2476,8.424856947243628,-0.000948213854049529,0.00020799885435793762,0.00021023239599234252,0
7.21,2477,8.416784807515644,-0.0009585930473586966,0.0002060860342133343,0.00020799885435793762,0
7.26,2478,8.409098529210628,-0.0009136255952626479,0.0002046873506114508,0.0002060860342133343,0
7.26,2479,8.401463322529066,-0.0009083821556853388,0.00020312856640060368,0.0002046873506114508,0
7.22,2480,8.393613067376092,-0.00093482822494208,0.00020165739630114215,0.00020312856640060368,0
7.24,2481,8.385947863767953,-0.0009136358421764039,0.00019975004638277254,0.00020165739630114215,0
7.31,2482,8.378798708061273,-0.0008528797151103767,0.0001979497568761965,0.00019975004638277254,0
7.35,2483,8.371962835804583,-0.0008161864901808952,0.0001962393489253061,0.0001979497568761965,0
7.28,2484,8.364707268322903,-0.0008670264623800734,0.00019462800034108168,0.0001962393489253061,0
7.32,2485,8.357765691345975,-0.0008302094304323654,0.00019274139165119402,0.00019462800034108168,0
7.14,2486,8.349674224445087,-0.0009686065099486004,0.00019085948247116253,0.00019274139165119402,0
7.16,2487,8.34176941182449,-0.0009471695059844819,0.00018922658813581551,0.00019085948247116253,0
7.11,2488,8.333584896947974,-0.0009816301809462261,0.00018783507350171575,0.00018922658813581551,0
7.13,2489,8.325587654610601,-0.0009601008605846804,0.00018619252005640637,0.00018783507350171575,0
7.12,2490,8.317577104915824,-0.000962623446814029,0.00018432914473080314,0.00018619252005640637,0
7.16,2491,8.309885562218621,-0.0009251613911026256,0.0001828243863301947,0.00018432914473080314,0
7.06,2492,8.301580674255929,-0.0009998983276251069,0.00018161065296971046,0.0001828243863301947,0
7.07,2493,8.293397413466504,-0.0009862334749053273,0.00017989304741686848,0.00018161065296971046,0
7.08,2494,8.285334971696203,-0.0009726247120202265,0.00017780939046169064,0.00017989304741686848,0
6.99,2495,8.276728094293748,-0.0010393485573574302,0.0001765067699792676,0.00017780939046169064,0
7.04,2496,8.268510631385606,-0.000993332730953716,0.0001750874504781981,0.0001765067699792676,0
7.03,2497,8.260281324379728,-0.0009957542823295325,0.00017362004607440412,0.0001750874504781981,0
7.01,2498,8.251973806787813,-0.001006224555866047,0.00017184310954541595,0.00017362004607440412,0
7.05,2499,8.243987269401135,-0.0009683022375976609,0.00017057646905156075,0.00017184310954541595,0
7.0,2500,8.235721572781394,-0.0010031363286855,0.0001687739527154588,0.00017057646905156075,0
7.03,2501,8.227710133299814,-0.0009732406046289717,0.00016651051561256152,0.0001687739527154588,0
7.02,2502,8.219685480793835,-0.0009757962088348815,0.00016396542846448443,0.00016651051561256152,0
7.02,2503,8.211714148244122,-0.0009702561382507201,0.0001614460337757552,0.00016396542846448443,0
6.97,2504,8.203463555432858,-0.0010052396209136304,0.00016131427635898715,0.0001614460337757552,0
6.97,2505,8.195267783842436,-0.0009995617469719723,0.00016077803298935917,0.00016131427635898715,0
6.92,2506,8.186794243280106,-0.0010344902008034827,0.0001606139132395008,0.00016077803298935917,0
6.81,2507,8.177646108268835,-0.001118050574013627,0.0001615917848237276,0.0001606139132395008,0
6.84,2508,8.168758093773578,-0.0010874581664920308,0.00016253316950023207,0.0001615917848237276,0
6.82,2509,8.159796245486808,-0.001097690463029466,0.00016349188435876724,0.00016253316950023207,0
6.82,2510,8.150893944371193,-0.0010915910848613302,0.00016443571660260917,0.00016349188435876724,0
6.8,2511,8.141917904391796,-0.0011018406117779213,0.00016541233630113511,0.00016443571660260917,0
6.64,2512,8.131938382900156,-0.0012264484294784313,0.0001673250051321173,0.00016541233630113511,0
6.74,2513,8.122689622390908,-0.0011379850100956183,0.00016851865163536778,0.0001673250051321173,0
6.71,2514,8.113302979887688,-0.0011562759085897152,0.00016982964382855376,0.00016851865163536778,0
6.66,2515,8.103646481177652,-0.0011909144656977594,0.000171378239708793,0.00016982964382855376,0
6.79,2516,8.0949179326767,-0.0010776941860703645,0.00017215632914856368,0.000171378239708793,0
6.81,2517,8.086380271554058,-0.0010552505500048051,0.00017274726172683078,0.00017215632914856368,0
6.79,2518,8.077766448710324,-0.0010657937976170666,0.00017333924721160598,0.00017274726172683078,0
6.79,2519,8.06920986057572,-0.0010598379252740055,0.00017386699828503312,0.00017333924721160598,0
6.78,2520,8.06064368166701,-0.0010621522001568104,0.0001744409596105569,0.00017386699828503312,0
6.94,2521,8.053197543873305,-0.0009241915964643173,0.00017447574694070704,0.0001744409596105569,0
7.03,2522,8.046398888757535,-0.0008445746510909026,0.00017430840076182376,0.00017447574694070704,0
7.06,2523,8.039844742992456,-0.0008148758999047578,0.00017416223199991174,0.00017430840076182376,0
7.03,2524,8.033134810814989,-0.0008349332548831001,0.00017370786379290154,0.00017416223199991174,0
6.98,2525,8.02613723697899,-0.0008714684274651182,0.00017350921420092785,0.00017370786379290154,0
6.91,2526,8.018721042353073,-0.000924432615725971,0.00017330163585019146,0.00017350921420092785,0
6.88,2527,8.01115478921484,-0.00094401900297129,0.00017327430297133818,0.00017330163585019146,0
7.02,2528,8.004569042791404,-0.0008224101344041807,0.00017302896233808786,0.00017327430297133818,0
7.05,2529,7.998226391042262,-0.000792693015103507,0.0001728083608937255,0.00017302896233808786,0
7.03,2530,7.991792992790829,-0.000804676772946929,0.00017266109371396699,0.0001728083608937255,0
7.17,2531,7.986332573977511,-0.0006834868086463208,0.00017259825378282832,0.00017266109371396699,0
7.07,2532,7.9802439851619145,-0.0007626668231813515,0.00017261520744093367,0.00017259825378282832,0
7.27,2533,7.9755247558058215,-0.0005915389687979309,0.00017300463293527617,0.00017261520744093367,0
7.22,2534,7.970504657529392,-0.000629636169876847,0.00017303859954072932,0.00017300463293527617,0
7.22,2535,7.965517915390752,-0.0006258452858723245,0.0001729550136169929,0.00017303859954072932,0
7.23,2536,7.960630752940137,-0.0006137281154148893,0.00017287400781476717,0.0001729550136169929,0
7.36,2537,7.956639850747078,-0.0005014556045510839,0.00017339599914437977,0.00017287400781476717,0
7.36,2538,7.952675466178951,-0.0004983727547299898,0.000173520837548088,0.00017339599914437977,0
7.34,2539,7.948604532667511,-0.0005120258998865769,0.00017354881607141394,0.000173520837548088,0
7.38,2540,7.944826429293236,-0.00047542956010984536,0.00017391989874464308,0.00017354881607141394,0
7.32,2541,7.940674758484208,-0.0005226993916623962,0.00017357032620859384,0.00017391989874464308,0
7.26,2542,7.936152002416398,-0.0005697304956789805,0.00017305046238218113,0.00017357032620859384,0
7.32,2543,7.932057969000173,-0.0005160044534876824,0.00017341310503707065,0.00017305046238218113,0
7.32,2544,7.927991138466143,-0.0005128396003828695,0.00017383123206819663,0.00017341310503707065,0
7.24,2545,7.923419768579683,-0.0005767776811789178,0.0001740782291243444,0.00017383123206819663,0
7.35,2546,7.919609670287597,-0.000480981037148388,0.00017483990741749844,0.0001740782291243444,0
7.24,2547,7.915093991224543,-0.0005703522190242285,0.00017524734911528427,0.00017483990741749844,0
7.14,2548,7.909943864820945,-0.0006508833194925173,0.00017534690209552856,0.00017524734911528427,0
7.19,2549,7.905160184456668,-0.0006049508742099106,0.00017560591619345152,0.00017534690209552856,0
7.24,2550,7.900740515273997,-0.0005592429538590446,0.00017604770649096976,0.00017560591619345152,0
7.19,2551,7.896017986739108,-0.0005979111062535806,0.00017629810210878182,0.00017604770649096976,0
7.1,2552,7.890728830464986,-0.000670075542892888,0.0001763223031969328,0.00017629810210878182,0
7.22,2553,7.886272160314281,-0.000564957848687308,0.0001767367282720748,0.0001763223031969328,0
7.3,2554,7.882376664075441,-0.0004940811811422719,0.00017736138835760366,0.0001767367282720748,0
7.24,2555,7.8781083804223115,-0.0005416437051816662,0.00017754383095623918,0.00017736138835760366,0
7.28,2556,7.874134238201639,-0.0005045811445657922,0.00017793324107564254,0.00017754383095623918,0
7.23,2557,7.869854276316914,-0.0005436947551389448,0.00017827495703871284,0.00017793324107564254,0
7.31,2558,7.866134314202035,-0.0004727967566545475,0.00017905416332003759,0.00017827495703871284,0
7.35,2559,7.862704850186592,-0.00043607338519328795,0.00017998994084492925,0.00017905416332003759,0
7.34,2560,7.859231728123938,-0.0004418186146282715,0.00018097044328896003,0.00017998994084492925,0
7.34,2561,7.8557816832860725,-0.00043907629003841825,0.0001819685988152561,0.00018097044328896003,0
7.28,2562,7.851955891224351,-0.0004871219829367877,0.00018263433800794494,0.0001819685988152561,0
7.3,2563,7.848288410080319,-0.00046718778897383026,0.00018336126651890687,0.00018263433800794494,0
7.27,2564,7.844445962027918,-0.0004897104657580199,0.00018387323721851526,0.00018336126651890687,0
7.34,2565,7.841094161490223,-0.00042737458351036785,0.00018484272728043269,0.00018387323721851526,0
7.33,2566,7.837698186868912,-0.0004331933989511929,0.00018575467377742266,0.00018484272728043269,0
7.3,2567,7.8341254413091574,-0.0004559451033158251,0.00018658442474554744,0.00018575467377742266,0
7.31,2568,7.830642880109471,-0.00044463616513252646,0.00018751956285876673,0.00018658442474554744,0
7.33,2569,7.8273163492233,-0.00042489968041136333,0.00018859503860703587,0.00018751956285876673,0
7.36,2570,7.824211257089386,-0.0003967781615640234,0.00018998359476230103,0.00018859503860703587,0
7.4,2571,7.821392577538848,-0.0003603158575183693,0.0001914556608234079,0.00018998359476230103,0
7.37,2572,7.818393291202131,-0.00038354570819027774,0.00019272635528241007,0.0001914556608234079,0
7.36,2573,7.815347488494618,-0.0003896447803463467,0.00019390903491951897,0.00019272635528241007,0
7.36,2574,7.812321923680282,-0.0003872061498536744,0.00019512989819791684,0.00019390903491951897,0
7.27,2575,7.80871845562258,-0.0004613608356577359,0.00019581845896675019,0.00019512989819791684,0
7.25,2576,7.805006040505831,-0.0004755323033434488,0.00019650766516489122,0.00019581845896675019,0
7.24,2577,7.801251847415849,-0.0004811138184898204,0.0001970731809666036,0.00019650766516489122,0
7.23,2578,7.797456153947165,-0.00048666768340931013,0.00019777793386027725,0.0001970731809666036,0
7.26,2579,7.79388501658979,-0.0004580923963837592,0.00019863999281963571,0.00019777793386027725,0
7.24,2580,7.790204717351502,-0.0004723149532038535,0.00019941408668783147,0.00019863999281963571,0
7.23,2581,7.78648242674544,-0.0004779309801218547,0.00020015794177272267,0.00019941408668783147,0
7.24,2582,7.782851314153933,-0.00046644419315178574,0.00020095523909698817,0.00020015794177272267,0
7.2,2583,7.77897854781827,-0.0004977263535154063,0.0002015433116138347,0.00020095523909698817,0
7.19,2584,7.775065068966077,-0.000503210487406813,0.00020215009629323376,0.0002015433116138347,0
7.13,2585,7.7707789221879215,-0.0005514202881747752,0.00020254058104186883,0.00020215009629323376,0
7.26,2586,7.767385042195757,-0.00043684441146531807,0.0002034639215305711,0.00020254058104186883,0
7.29,2587,7.764213048457298,-0.00040845684572119427,0.00020453952909718759,0.0002034639215305711,0
7.24,2588,7.760729905166258,-0.00044871576789538424,0.00020538118417745134,0.00020453952909718759,0
7.23,2589,7.757203460501097,-0.0004544992741968761,0.0002061567965274269,0.00020538118417745134,0
7.18,2590,7.753368221439287,-0.0004945322736798905,0.00020675185675503272,0.0002061567965274269,0
7.16,2591,7.749425575325479,-0.0005086368625545973,0.0002072315098978464,0.00020675185675503272,0
7.18,2592,7.745642016567067,-0.0004883565445803947,0.0002078327188879799,0.0002072315098978464,0
7.26,2593,7.742415159213842,-0.00041668975821715994,0.0002087957731798843,0.0002078327188879799,0
7.27,2594,7.7392761879593674,-0.00040550754140457226,0.0002098141757326794,0.0002087957731798843,0
7.35,2595,7.736689635136128,-0.0003342670663518694,0.0002112646056782654,0.0002098141757326794,0
7.33,2596,7.733987378341939,-0.0003493391813837768,0.00021257899649069416,0.0002112646056782654,0
7.31,2597,7.731170186374016,-0.0003643276167469693,0.00021378615482226096,0.00021257899649069416,0
7.31,2598,7.728371713290731,-0.00036203829738489163,0.00021492738974241928,0.00021378615482226096,0
7.27,2599,7.725326053975262,-0.0003941657719425437,0.0002158396411762728,0.00021492738974241928,0
7.15,2600,7.721503289383631,-0.0004949578434123933,0.00021635612365605175,0.0002158396411762728,0
7.06,2601,7.717107918560542,-0.0005693997837812574,0.00021662340561387567,0.00021635612365605175,0
7.02,2602,7.712475972122241,-0.0006003981196460894,0.0002168047754042906,0.00021662340561387567,0
7.08,2603,7.708273473846417,-0.0005450446354226428,0.00021714057114574162,0.0002168047754042906,0
7.12,2604,7.7043646798873695,-0.000507219335698564,0.0002176078706145071,0.00021714057114574162,0
7.11,2605,7.70041541279807,-0.0005127326910294095,0.00021804997279459997,0.0002176078706145071,0
7.13,2606,7.696625277056846,-0.0004923200365737122,0.00021855779079372266,0.00021804997279459997,0
7.13,2607,7.69286032494324,-0.0004892888932205425,0.00021908191619667347,0.00021855779079372266,0
7.18,2608,7.689452615047123,-0.0004430686029023385,0.00021979869946647587,0.00021908191619667347,0
7.21,2609,7.686266883296688,-0.00041438474425403254,0.0002206512862146636,0.00021979869946647587,0
7.21,2610,7.683102319200258,-0.0004118014343277354,0.00022150660505049723,0.0002206512862146636,0
7.15,2611,7.67956011100162,-0.00046114510131349507,0.00022211979730440168,0.00022150660505049723,0
7.18,2612,7.676240774625008,-0.00043232345262031403,0.00022286109125349565,0.00022211979730440168,0
7.16,2613,7.672810603271743,-0.00044695549267721464,0.00022352788053731532,0.00022286109125349565,0
7.19,2614,7.669602559309506,-0.00041819288465188024,0.00022432244660420164,0.00022352788053731532,0
7.19,2615,7.666415831255142,-0.00041558741246555485,0.00022511150404011887,0.00022432244660420164,0
7.19,2616,7.663250277474697,-0.00041299710026133116,0.00022585688479354242,0.00022511150404011887,0
7.21,2617,7.660238647644275,-0.00039307365103542205,0.00022674018896816277,0.00022585688479354242,0
7.18,2618,7.657047693090932,-0.00041664750903268734,0.00022735933245450853,0.00022674018896816277,0
7.23,2619,7.6542101668168385,-0.0003706457474022943,0.00022818565453316858,0.00022735933245450853,0
7.21,2620,7.651258604170006,-0.0003856873288344944,0.0002289030052609691,0.00022818565453316858,0
7.18,2621,7.648127317682814,-0.0004093349297688194,0.00022955269484817244,0.0002289030052609691,0
7.21,2622,7.645216172640251,-0.00038070747309980346,0.00023028757837057227,0.00022955269484817244,0
7.25,2623,7.642590151492764,-0.0003435445370822979,0.0002313697904743365,0.00023028757837057227,0
7.27,2624,7.640114469360469,-0.0003239848201439318,0.00023256513880716626,0.0002313697904743365,0
7.39,2625,7.638452579156879,-0.00021754529791527695,0.00023439757414088063,0.00023256513880716626,0
7.54,2626,7.637798409179388,-8.564535610081175e-05,0.0002372738250969985,0.00023439757414088063,0
7.53,2627,7.637082140662112,-9.378384537465925e-05,0.00023975009226238228,0.0002372738250969985,0
7.68,2628,7.637367309169714,3.733928461018046e-05,0.00024353457199520996,0.00023975009226238228,0
7.59,2629,7.637052576210724,-4.1210463166011e-05,0.0002465865987703213,0.00024353457199520996,0
7.49,2630,7.636075482657357,-0.00012794936976032046,0.0002489739885233134,0.0002465865987703213,0
7.56,2631,7.6355699977105616,-6.619914633683549e-05,0.00025183043917542013,0.0002489739885233134,0
7.46,2632,7.6344034196247295,-0.00015279372874053284,0.00025397967669195257,0.00025183043917542013,0
7.48,2633,7.633377483257287,-0.0001343923357969127,0.0002562291777197074,0.00025397967669195257,0
7.6,2634,7.6331557059546515,-2.9054049128533185e-05,0.00025930000015566375,0.0002562291777197074,0
7.68,2635,7.633466963729707,4.0776245255149025e-05,0.00026284477764507527,0.00025930000015566375,0
7.76,2636,7.6343077148208875,0.00011013407123587805,0.00026701904123632865,0.00026284477764507527,0
8.07,2637,7.637202680238015,0.0003791328266706067,0.00027418970797378267,0.00026701904123632865,0
7.96,2638,7.639347512976847,0.0002808006684490922,0.00027984140619368954,0.00027418970797378267,0
7.7,2639,7.639750519544358,5.275266468563752e-05,0.00028319422191359895,0.00027984140619368954,0
7.67,2640,7.639951512774544,2.630852745316134e-05,0.000286295971850094,0.00028319422191359895,0
7.62,2641,7.639818944580359,-1.7352118548926917e-05,0.00028895822194445865,0.000286295971850094,0
7.69,2642,7.640152373527499,4.3642614276147804e-05,0.00029210069957536855,0.00028895822194445865,0
7.67,2643,7.640350696631401,2.5957666838905887e-05,0.00029493135822689445,0.00029210069957536855,0
7.61,2644,7.640149030868591,-2.639517900825513e-05,0.0002973874408051762,0.00029493135822689445,0
7.68,2645,7.640413821366978,3.465716557336652e-05,0.00030030006894297685,0.0002973874408051762,0
7.54,2646,7.639746619881537,-8.732912045395854e-05,0.00030229867892152837,0.00030030006894297685,0
7.54,2647,7.63908385162875,-8.675641168191391e-05,0.00030430984129429817,0.00030229867892152837,0
7.45,2648,7.637827480494521,-0.00016447973150429028,0.00030581757054265083,0.00030430984129429817,0
7.29,2649,7.635516334395274,-0.0003026378695978734,0.0003066239855626544,0.00030581757054265083,0
7.31,2650,7.633353435117442,-0.00028330836858891565,0.0003075057336299058,0.0003066239855626544,0
7.32,2651,7.6312713524481195,-0.0002727984095528955,0.00030842717030797536,0.0003075057336299058,0
7.41,2652,7.62980111087278,-0.00019267867096779923,0.00030972208223340613,0.00030842717030797536,0
7.37,2653,7.628074857608425,-0.00022627700936700136,0.00031084062138912353,0.00030972208223340613,0
7.35,2654,7.626227184097707,-0.0002422494998069871,0.0003118382881401026,0.00031084062138912353,0
7.28,2655,7.623926671199269,-0.00030170356807112823,0.0003123279162052324,0.0003118382881401026,0
7.35,2656,7.622106560390013,-0.00023876516471590744,0.000312695670493729,0.0003123279162052324,0
7.41,2657,7.6206972144452125,-0.00018491951607272253,0.0003133790939179531,0.000312695670493729,0
7.38,2658,7.619097897373485,-0.00020988695266103115,0.0003141360856916365,0.0003133790939179531,0
7.46,2659,7.618040768466122,-0.00013875687978454328,0.0003150326779545959,0.0003141360856916365,0
7.57,2660,7.61772156069588,-4.190243499370058e-05,0.0003155898248192499,0.0003150326779545959,0
7.56,2661,7.617338028723549,-5.034860154783824e-05,0.0003165905316303695,0.0003155898248192499,0
7.43,2662,7.616093257744154,-0.0001634262115680569,0.00031682348171640693,0.0003165905316303695,0
7.46,2663,7.615056093220658,-0.0001361899225332112,0.0003176685952962372,0.00031682348171640693,0
7.4,2664,7.613627149051993,-0.00018766483616806058,0.0003178412671865228,0.0003176685952962372,0
7.45,2665,7.612539925449345,-0.00014280988763315947,0.0003184523494509651,0.0003178412671865228,0
7.43,2666,7.611327035556079,-0.0001593405800167062,0.00031888552997520145,0.0003184523494509651,0
7.34,2667,7.609524198076312,-0.0002368904945623643,0.00031895461850579225,0.00031888552997520145,0
7.29,2668,7.60740111366369,-0.00027904249812679623,0.0003188567508646656,0.00031895461850579225,0
7.27,2669,7.605159245756836,-0.0002947390669441517,0.00031886989838574297,0.0003188567508646656,0
7.16,2670,7.602201376959247,-0.0003890048915483788,0.0003184897861663662,0.00031886989838574297,0
7.19,2671,7.599462497327517,-0.0003603394581035128,0.00031844381082140157,0.0003184897861663662,0
7.21,2672,7.5968747066001026,-0.0003405808541494362,0.00031861788477504104,0.00031844381082140157,0
7.18,2673,7.5941047749442845,-0.00036468111748578526,0.0003188306764201316,0.00031861788477504104,0
7.24,2674,7.591751919254202,-0.00030987460981490877,0.0003193150686458178,0.0003188306764201316,0
7.32,2675,7.589946258628665,-0.00023787334103136072,0.00031996249053909873,0.0003193150686458178,0
7.28,2676,7.587886815012931,-0.0002713751849003086,0.00032052239658162605,0.00031996249053909873,0
7.25,2677,7.58564171985671,-0.0002959226217481728,0.0003208634171151681,0.00032052239658162605,0
7.21,2678,7.583145761541221,-0.00032909134511586015,0.0003212243310998344,0.0003208634171151681,0
7.22,2679,7.580732832850838,-0.00031824690440879444,0.000321608160494035,0.0003212243310998344,0
7.22,2680,7.578335936909788,-0.00031623261262670257,0.00032200714244552355,0.000321608160494035,0
7.28,2681,7.576353638291405,-0.0002616086089856485,0.0003226235417218262,0.00032200714244552355,0
7.25,2682,7.574185175541271,-0.0002862555307882399,0.0003230274439645663,0.0003226235417218262,0
7.4,2683,7.5730277989398616,-0.00015281710313471553,0.00032408600662237947,0.0003230274439645663,0
7.44,2684,7.572143893284089,-0.0001167244155086304,0.00032528853659289676,0.00032408600662237947,0
7.42,2685,7.571132970388111,-0.0001335144178609708,0.0003263576488578516,0.00032528853659289676,0
7.39,2686,7.569929429036508,-0.0001589771341518978,0.0003273162053752464,0.0003263576488578516,0
7.41,2687,7.568866775005328,-0.00014038818127975715,0.0003279077660611987,0.0003273162053752464,0
7.42,2688,7.567877626982329,-0.0001306949497379567,0.000328652208398684,0.0003279077660611987,0
7.12,2689,7.564901695857265,-0.00039330926592388615,0.0003283983481240259,0.000328652208398684,0
7.13,2690,7.562011983545393,-0.0003820623834137554,0.000328467905952085,0.0003283983481240259,0
7.27,2691,7.560071704553583,-0.0002566152975312203,0.00032894672492616645,0.000328467905952085,0
7.29,2692,7.558277208148986,-0.00023739317347238166,0.0003294424097541659,0.00032894672492616645,0
7.37,2693,7.557026196779197,-0.00016552911167340756,0.0003299832738490596,0.0003294424097541659,0
7.5,2694,7.556647285166684,-5.0141563934769596e-05,0.0003310203272651359,0.0003299832738490596,0
7.6,2695,7.556935343077088,3.811907706132683e-05,0.00033262701925992796,0.0003310203272651359,0
7.6,2696,7.5572214869813825,3.7864355590197575e-05,0.00033423103644447525,0.00033262701925992796,0
7.48,2697,7.55670838739214,-6.789757445007735e-05,0.000335235186316808,0.00033423103644447525,0
7.56,2698,7.556730258572595,2.894269261614596e-06,0.000336862843257298,0.000335235186316808,0
7.58,2699,7.556884874797074,2.0460521605199985e-05,0.0003384864493933792,0.000336862843257298,0
7.52,2700,7.5566397925687765,-3.243217366072802e-05,0.0003398517737379657,0.0003384864493933792,0
7.52,2701,7.556396338793872,-3.2217718902993233e-05,0.0003411201446216517,0.0003398517737379657,0
7.55,2702,7.556353838203241,-5.6244680993180606e-06,0.0003424593871266677,0.0003411201446216517,0
7.42,2703,7.55544783262026,-0.00011990702416579635,0.0003433777681661459,0.0003424593871266677,0
7.23,2704,7.5532853885176285,-0.00028625088361100944,0.00034360258639855383,0.0003433777681661459,0
7.1,2705,7.550273525426636,-0.00039882826929420314,0.0003434797299840022,0.00034360258639855383,0
7.17,2706,7.54774679100145,-0.0003347106966105407,0.000343485468982128,0.0003434797299840022,0
7.14,2707,7.545037509958741,-0.0003590167351212705,0.0003434751560017919,0.000343485468982128,0
7.1,2708,7.542080450049211,-0.0003919979886461945,0.00034353176162964016,0.0003434751560017919,0
7.07,2709,7.538943702827816,-0.0004159859748025796,0.00034340270695945715,0.00034353176162964016,0
6.96,2710,7.535096900760867,-0.0005103876593697354,0.0003432743637296856,0.00034340270695945715,0
7.01,2711,7.53160788475959,-0.00046314255350598,0.000343145970230573,0.0003432743637296856,0
7.02,2712,7.5282084967732,-0.0004514514596996294,0.000343006319589832,0.000343145970230573,0
6.99,2713,7.524632360532076,-0.0004751443720563147,0.0003428050422776954,0.000343006319589832,0
7.05,2714,7.521478657096088,-0.0004192051326056816,0.0003427001758183191,0.0003428050422776954,0
7.15,2715,7.519010360337185,-0.00032822028302419257,0.0003427307317807782,0.0003427001758183191,0
7.07,2716,7.516026902752577,-0.0003968673401416936,0.00034275268523665864,0.0003427307317807782,0
7.03,2717,7.512797488072436,-0.0004297627872766073,0.00034271138761225554,0.00034275268523665864,0
6.98,2718,7.509257305379619,-0.00047133136006111267,0.00034238585657499177,0.00034271138761225554,0
7.01,2719,7.505939981046874,-0.0004418622444232812,0.0003422641701332292,0.00034238585657499177,0
7.11,2720,7.50330915057296,-0.00035056124097696553,0.0003424352586635045,0.0003422641701332292,0
7.04,2721,7.500230684415438,-0.00041036531839558035,0.0003424219422078516,0.0003424352586635045,0
7.09,2722,7.497504899101082,-0.0003634929192064283,0.0003425317862881177,0.0003424219422078516,0
7.04,2723,7.494464999399567,-0.0004055370660102556,0.00034252038392032204,0.0003425317862881177,0
7.0,2724,7.491179517633345,-0.00043848388571196203,0.0003425271843592061,0.00034252038392032204,0
7.04,2725,7.48818164704564,-0.00040026681976245787,0.0003425401598533277,0.0003425271843592061,0
7.06,2726,7.485336586231496,-0.0003800123396597003,0.0003426282452423823,0.0003425401598533277,0
7.05,2727,7.482443984292829,-0.00038651047308550985,0.0003426928508357912,0.0003426282452423823,0
7.11,2728,7.479969273402471,-0.0003307903438171878,0.00034287316461717015,0.0003426928508357912,0
7.12,2729,7.477577450957815,-0.0003198148077514449,0.0003431076545799967,0.00034287316461717015,0
7.07,2730,7.474869295103731,-0.00036223581727986214,0.00034326056012528477,0.0003431076545799967,0
7.13,2731,7.472577804742435,-0.0003066062537556958,0.0003435135600473725,0.00034326056012528477,0
7.13,2732,7.470301540231091,-0.0003046621037887823,0.00034376170859564515,0.0003435135600473725,0
7.1,2733,7.4678410648506475,-0.000329421865588135,0.00034394004178923553,0.00034376170859564515,0
7.18,2734,7.465928499612474,-0.00025613964918564134,0.00034430283485551127,0.00034394004178923553,0
7.16,2735,7.46389575208223,-0.00027230696202922044,0.0003445661318859155,0.00034430283485551127,0
7.15,2736,7.461810065996899,-0.0002794757077926581,0.0003447819000685436,0.0003445661318859155,0
7.13,2737,7.459605347924174,-0.00029551058362904187,0.00034497005502347585,0.0003447819000685436,0
7.1,2738,7.457215943590784,-0.00032036374333790354,0.0003450950780985229,0.00034497005502347585,0
7.03,2739,7.454377299413991,-0.00038072983413949875,0.00034515166055423753,0.0003450950780985229,0
7.01,2740,7.4514246262937425,-0.0003961776996079646,0.0003451336968359109,0.00034515166055423753,0
7.02,2741,7.448558017447944,-0.0003847801638038503,0.00034506008704327337,0.0003451336968359109,0
7.14,2742,7.446507798039311,-0.0002752884004646562,0.0003449931540367263,0.00034506008704327337,0
7.1,2743,7.444205420617376,-0.00030923669087889175,0.00034505746935350687,0.0003449931540367263,0
7.07,2744,7.441719005834204,-0.00033406253250575275,0.0003451010718600196,0.00034505746935350687,0
7.09,2745,7.439382002446814,-0.00031409012079178564,0.00034516037446588404,0.0003451010718600196,0
7.05,2746,7.436794746587607,-0.0003478388202750113,0.0003439591335956667,0.00034516037446588404,0
6.84,2747,7.4328293329448725,-0.000533357631037412,0.00034270389143266507,0.0003439591335956667,0
6.87,2748,7.429089603116506,-0.000503263397329301,0.0003414644830672962,0.00034270389143266507,0
6.83,2749,7.425108941258052,-0.0005359645546480073,0.0003403520444185556,0.0003414644830672962,0
6.82,2750,7.421088283797181,-0.0005416414046260712,0.0003391089557442939,0.0003403520444185556,0
6.93,2751,7.417825238686747,-0.00043979569772207075,0.00033786584424120545,0.0003391089557442939,0
6.96,2752,7.414783210489961,-0.00041018115591211614,0.0003363768347755389,0.00033786584424120545,0
6.99,2753,7.411960730655853,-0.0003807282137475941,0.0003348024620194191,0.0003363768347755389,0
6.8,2754,7.4078945463558,-0.000548748193026611,0.0003327464344452787,0.0003348024620194191,0
6.82,2755,7.403988270259052,-0.0005274516731835175,0.00033033521362660633,0.0003327464344452787,0
6.86,2756,7.400373730219434,-0.0004883074476728325,0.0003280417227272204,0.00033033521362660633,0
6.94,2757,7.39731476852499,-0.00041343777959331206,0.0003261047743761827,0.0003280417227272204,0
6.89,2758,7.393943906240783,-0.00045579114214455485,0.00032400068465948315,0.0003261047743761827,0
6.94,2759,7.390927667630113,-0.00040801688908068075,0.00032193942147438955,0.00032400068465948315,0
6.91,2760,7.38773213492221,-0.00043245230628455154,0.00031971274082031177,0.00032193942147438955,0
6.9,2761,7.384491389806809,-0.00043876199977153804,0.0003179478687208806,0.00031971274082031177,0
6.93,2762,7.3814715134321585,-0.00040903210126469654,0.0003164902367765935,0.0003179478687208806,0
6.88,2763,7.378139476764717,-0.0004515073908466007,0.0003148860738349913,0.0003164902367765935,0
6.88,2764,7.3748295798762395,-0.00044870926405443987,0.0003132041953959969,0.0003148860738349913,0
6.88,2765,7.371541675658554,-0.0004459272339200514,0.0003119324158681267,0.0003132041953959969,0
6.96,2766,7.368807179447956,-0.00037102191662426534,0.0003104298325293022,0.0003119324158681267,0
6.93,2767,7.365891517097637,-0.00039575459918400065,0.00030886731799442506,0.0003104298325293022,0
6.86,2768,7.362530111635884,-0.00045645156077781337,0.0003074193133366138,0.00030886731799442506,0
6.91,2769,7.35952326701139,-0.0004084816959928744,0.00030573113438709537,0.0003074193133366138,0
6.96,2770,7.356868627338122,-0.0003607731733592099,0.000304003086489208,0.00030573113438709537,0
6.94,2771,7.354098736100298,-0.00037657500042341513,0.00030250624164732126,0.000304003086489208,0
6.93,2772,7.351280804272413,-0.00038325183714435734,0.0003011049314796889,0.00030250624164732126,0
6.95,2773,7.348614486611093,-0.00036276689565462804,0.0002994077344293441,0.0003011049314796889,0
6.9,2774,7.345633659429814,-0.0004057134727195643,0.0002978749328803029,0.0002994077344293441,0
6.87,2775,7.342473302859561,-0.00043032864985769983,0.0002966924975608388,0.0002978749328803029,0
6.82,2776,7.3390017194200015,-0.00047292026162129683,0.00029535093590123764,0.0002966924975608388,0
6.85,2777,7.335752538530452,-0.00044282594250397606,0.0002939363653404103,0.00029535093590123764,0
6.85,2778,7.332524946883087,-0.0004400778077268357,0.00029275174038777334,0.0002939363653404103,0
6.81,2779,7.329053020294498,-0.0004736088654657827,0.00029158180392367916,0.00029275174038777334,0
6.71,2780,7.324939711152802,-0.0005613909226115285,0.0002903217679086782,0.00029158180392367916,0
6.61,2781,7.320189281136207,-0.0006487385922927041,0.00028932010940881916,0.0002903217679086782,0
6.61,2782,7.315470415439217,-0.0006448449825070453,0.00028860706586691926,0.00028932010940881916,0
6.67,2783,7.311181575431965,-0.00058644180949196,0.0002879425211960894,0.00028860706586691926,0
6.72,2784,7.307253458617517,-0.0005374196211621785,0.00028697936195235256,0.0002879425211960894,0
6.71,2785,7.303284997064172,-0.0005432327717384914,0.000286186680910272,0.00028697936195235256,0
6.71,2786,7.299342904026586,-0.0005399155768469071,0.00028465246753581327,0.000286186680910272,0
6.64,2787,7.294961888015632,-0.0006003733929055465,0.0002833201152124109,0.00028465246753581327,0
6.57,2788,7.2901448654631,-0.0006605399342075258,0.0002818964907030103,0.0002833201152124109,0
6.58,2789,7.285426294888761,-0.0006474628935314807,0.0002805639549580249,0.0002818964907030103,0
6.56,2790,7.280606186576788,-0.0006618286062517888,0.0002792417938177049,0.0002805639549580249,0
6.53,2791,7.275618770013276,-0.0006852623909775784,0.0002782004299571124,0.0002792417938177049,0
6.57,2792,7.2709302731638905,-0.0006446198335868823,0.00027657353137995795,0.0002782004299571124,0
6.58,2793,7.26633937430127,-0.0006316040255935189,0.00027499244382896474,0.00027657353137995795,0
6.58,2794,7.261778979750529,-0.0006278025260241644,0.00027347811034713433,0.00027499244382896474,0
6.56,2795,7.257115996458679,-0.000642333105903319,0.0002715194626103125,0.00027347811034713433,0
6.6,2796,7.252749777178044,-0.0006018276778760658,0.0002697777305591139,0.0002715194626103125,0
6.68,2797,7.248944130787701,-0.0005248554412826287,0.00026787855866061146,0.0002697777305591139,0
6.62,2798,7.244765099985234,-0.0005766682429925027,0.0002659580368358938,0.00026787855866061146,0
6.6,2799,7.240480946463239,-0.0005915196239228462,0.0002643105672770257,0.0002659580368358938,0
6.64,2800,7.236491039811026,-0.0005512073598010743,0.00026232869925298596,0.0002643105672770257,0
6.62,2801,7.232394753800399,-0.0005662199810680234,0.00026056226727238726,0.00026232869925298596,0
6.68,2802,7.228724356736864,-0.0005076228353138524,0.0002586763454998728,0.00026056226727238726,0
6.59,2803,7.224480341044956,-0.0005872767877614582,0.00025693158274857933,0.0002586763454998728,0
6.61,2804,7.220397415159753,-0.0005653112560516856,0.0002548671469188525,0.00025693158274857933,0
6.57,2805,7.216075837617704,-0.0005987026880411785,0.0002528905052905482,0.0002548671469188525,0
6.53,2806,7.211517194144138,-0.0006319340468274926,0.00025069968422173906,0.0002528905052905482,0
6.5,2807,7.206789505111223,-0.0006557897957035376,0.00024781626283280564,0.00025069968422173906,0
6.51,2808,7.202159674478158,-0.0006426326770528607,0.00024513317435289895,0.00024781626283280564,0
6.59,2809,7.198092168305495,-0.0005649215479346709,0.00024211689005131115,0.00024513317435289895,0
6.53,2810,7.1936530176530535,-0.0006169023611612445,0.00023923409090600625,0.00024211689005131115,0
6.56,2811,7.189442698568287,-0.0005854538255317898,0.00023612353552837206,0.00023923409090600625,0
6.59,2812,7.185459690575629,-0.0005541614108762718,0.0002315395596954571,0.00023612353552837206,0
6.59,2813,7.181503147752739,-0.0005507834839465625,0.00022783820734846068,0.0002315395596954571,0
6.62,2814,7.177772229800899,-0.0005196526896656106,0.00022379784483963667,0.00022783820734846068,0
6.71,2815,7.174664108650664,-0.0004331140895563898,0.00021916460881530537,0.00022379784483963667,0
6.77,2816,7.171975310567645,-0.00037483316279609137,0.00021568790396093169,0.00021916460881530537,0
6.87,2817,7.169968830084748,-0.00027980592816563446,0.00021247392088201685,0.00021568790396093169,0
6.9,2818,7.168175017247826,-0.0002502154902867363,0.00020912993482521936,0.00021247392088201685,0
6.83,2819,7.165928007150965,-0.0003135194593539262,0.00020564308491071137,0.00020912993482521936,0
6.83,2820,7.163695927353957,-0.0003115336208769709,0.0002020424289702765,0.00020564308491071137,0
6.8,2821,7.16127934310262,-0.00033739454744403095,0.00019971187478379793,0.0002020424289702765,0
6.84,2822,7.159144596622407,-0.00029814012560114056,0.00019804864336065337,0.00019971187478379793,0
6.89,2823,7.15735626042023,-0.0002498286738268422,0.00019667125949863554,0.00019804864336065337,0
7.0,2824,7.15631070386562,-0.00014609206139533696,0.00019544805748770264,0.00019667125949863554,0
6.94,2825,7.154873423431752,-0.00020086114830419256,0.00019369577868268376,0.00019544805748770264,0
6.96,2826,7.153578583400437,-0.0001809895346095822,0.00019148917171334077,0.00019369577868268376,0
7.12,2827,7.153355469888012,-3.118956327208122e-05,0.00018975030212833608,0.00019148917171334077,0
7.1,2828,7.153000948491107,-4.956138189357147e-05,0.00018893446236884634,0.00018975030212833608,0
7.24,2829,7.153579015282266,8.081131800013636e-05,0.00018920545741906618,0.00018893446236884634,0
7.21,2830,7.153953905548572,5.240459951641748e-05,0.00018912148954222644,0.00018920545741906618,0
7.28,2831,7.154791421131648,0.00011706345523836713,0.00019031570675474418,0.00018912148954222644,0
7.1,2832,7.154427358530466,-5.088504227474572e-05,0.00018979634734944039,0.00019031570675474418,0
7.14,2833,7.154331495682487,-1.339918422796681e-05,0.000190413659376026,0.00018979634734944039,0
7.1,2834,7.153970489064406,-5.046114046825843e-05,0.00019062904108189862,0.000190413659376026,0
7.15,2835,7.153944107077105,-3.687747382634797e-06,0.00019111376987935924,0.00019062904108189862,0
7.11,2836,7.153652119652869,-4.0815720495446895e-05,0.00019141398158054943,0.00019111376987935924,0
7.07,2837,7.153096291611912,-7.770151892780896e-05,0.00019190202093956983,0.00019141398158054943,0
7.16,2838,7.153142163428724,6.412841077183878e-06,0.00019285024411161322,0.00019190202093956983,0
7.12,2839,7.152921949716905,-3.0786065278956895e-05,0.00019352491781382967,0.00019285024411161322,0
7.14,2840,7.152836089585383,-1.2003576641927293e-05,0.0001943807444556111,0.00019352491781382967,0
7.12,2841,7.15261790958684,-3.0503051293955258e-05,0.00019499475514678466,0.0001943807444556111,0
7.11,2842,7.152334734106184,-3.95912503518122e-05,0.00019538403663897804,0.00019499475514678466,0
7.1,2843,7.15198699500709,-4.862014512085799e-05,0.0001958917330176181,0.00019538403663897804,0
7.04,2844,7.151242895368153,-0.0001040463790782306,0.00019614248111834255,0.0001958917330176181,0
7.04,2845,7.150503739912919,-0.00010336576010493213,0.00019616549341455497,0.00019614248111834255,0
7.09,2846,7.150101721705204,-5.6223942251871797e-05,0.00019669215806103235,0.00019616549341455497,0
7.09,2847,7.149702374714847,-5.585349110637068e-05,0.00019692610232166727,0.00019669215806103235,0
7.01,2848,7.148774119728082,-0.0001298397054301135,0.00019646339514771402,0.00019692610232166727,0
7.03,2849,7.147984922914807,-0.00011040219838952364,0.00019628453971152148,0.00019646339514771402,0
7.1,2850,7.147666086215912,-4.460611115144029e-05,0.00019657225664772448,0.00019628453971152148,0
7.04,2851,7.146950696934748,-0.00010009212455481838,0.00019643729095744452,0.00019657225664772448,0
7.06,2852,7.1463729514369705,-8.084130917410827e-05,0.0001959933911522899,0.00019643729095744452,0
7.15,2853,7.146397051427556,3.3723330859123603e-06,0.00019646356044256315,0.0001959933911522899,0
7.17,2854,7.146553881651484,2.1945114716795634e-05,0.00019726532270737223,0.00019646356044256315,0
7.17,2855,7.146709669814113,2.1798823211275037e-05,0.0001978929180250545,0.00019726532270737223,0
7.13,2856,7.14659864210711,-1.5535620527133335e-05,0.00019842045691609176,0.0001978929180250545,0
7.23,2857,7.147152803956537,7.753903540253491e-05,0.00019935065997017532,0.00019842045691609176,0
7.27,2858,7.1479690643997,0.00011420125712356796,0.00020073255497500374,0.00019935065997017532,0
7.23,2859,7.1485141204530755,7.625036823276103e-05,0.00020191016922013494,0.00020073255497500374,0
7.28,2860,7.14938778078687,0.00012220818703553526,0.00020336866458799918,0.00020191016922013494,0
7.26,2861,7.1501227457024115,0.00010279581455989669,0.00020466998202691458,0.00020336866458799918,0
7.27,2862,7.150919272313159,0.00011139420617978799,0.000205887648486668,0.00020466998202691458,0
7.24,2863,7.1515111708390355,8.276894316217251e-05,0.00020694457906435222,0.000205887648486668,0
7.13,2864,7.151368239470605,-1.9986376775644726e-05,0.00020735618625715427,0.00020694457906435222,0
7.3,2865,7.15235582592431,0.000138088018303359,0.00020883530299324856,0.00020735618625715427,0
7.26,2866,7.153071069609478,9.99961330740554e-05,0.00021001859736428095,0.00020883530299324856,0
7.34,2867,7.154313122309315,0.00017362400929420518,0.00021164118589341765,0.00021001859736428095,0
7.33,2868,7.155480476984155,0.00016315464920289318,0.00021318026875590549,0.00021164118589341765,0
7.34,2869,7.156706520332504,0.00017132858193901802,0.00021479030784823738,0.00021318026875590549,0
7.29,2870,7.157592191298091,0.00012374633009400076,0.00021609275088702297,0.00021479030784823738,0
7.34,2871,7.158804203321946,0.000169318031345524,0.0002177296700292734,0.00021609275088702297,0
7.36,2872,7.160141052475775,0.00018672452947208706,0.00021943729691089548,0.0002177296700292734,0
7.41,2873,7.1618012448261075,0.00023183899548045387,0.00022144779296654987,0.00021943729691089548,0
7.42,2874,7.163516851180968,0.00023952087507800378,0.0002234848836009151,0.00022144779296654987,0
7.42,2875,7.165221058157947,0.00023787258805313378,0.00022532002270418813,0.0002234848836009151,0
7.7,2876,7.168774406625463,0.0004957931721178639,0.00022953643515409076,0.00022532002270418813,0
7.85,2877,7.173300822549464,0.0006312079670421852,0.00023524538591710069,0.00022953643515409076,0
7.82,2878,7.1775978270707705,0.0005988481633985691,0.00024034479543748406,0.00023524538591710069,0
7.8,2879,7.181733389700692,0.0005760104954518423,0.00024509465975873675,0.00024034479543748406,0
7.8,2880,7.185841473508898,0.0005718548828553312,0.000249622189468927,0.00024509465975873675,0
7.94,2881,7.190852493641305,0.0006971032904759937,0.0002554855570106751,0.000249622189468927,0
7.96,2882,7.195963108324627,0.0007104581082680845,0.00026135441805901004,0.0002554855570106751,0
7.88,2883,7.200508203970812,0.0006314180327382763,0.00026602754811906837,0.00026135441805901004,0
7.89,2884,7.2050895448286765,0.0006360501094372778,0.00027060155937228784,0.00026602754811906837,0
8.02,2885,7.210504232262474,0.0007512264527108766,0.00027620292926504975,0.00027060155937228784,0
8.16,2886,7.216813174268601,0.0008745828805860619,0.0002835082382606466,0.00027620292926504975,0
8.32,2887,7.22414331932216,0.0010151883895439277,0.0002925352844606389,0.0002835082382606466,0
8.42,2888,7.2320892109226795,0.0010993033467179558,0.000302335776412054,0.0002925352844606389,0
8.53,2889,7.240713202913935,0.001191751640817145,0.0003130901524566721,0.000302335776412054,0
8.52,2890,7.24921344744932,0.001173262738394025,0.00032302094733156284,0.0003130901524566721,0
8.44,2891,7.257125650490028,0.0010908615567170117,0.0003314006892729765,0.00032302094733156284,0
8.54,2892,7.265649732582665,0.001173891745435518,0.0003406454689098203,0.0003314006892729765,0
8.54,2893,7.274117176255604,0.0011647290748562605,0.00034960483532840415,0.0003406454689098203,0
8.49,2894,7.282196131928857,0.0011100278390214161,0.0003575992133023463,0.00034960483532840415,0
8.4,2895,7.28962340018607,0.0010194017135653417,0.0003644117879846489,0.0003575992133023463,0
8.34,2896,7.296602646725235,0.0009569640631292219,0.0003703582391009532,0.0003644117879846489,0
8.28,2897,7.303136848434884,0.0008951121556787555,0.0003755237180178575,0.0003703582391009532,0
8.32,2898,7.309893414253501,0.0009247317193813522,0.0003808612666848387,0.0003755237180178575,0
8.29,2899,7.316405750397735,0.0008904968374121145,0.00038569933729131113,0.0003808612666848387,0
8.25,2900,7.32260903447315,0.0008475002639005116,0.0003898135430408627,0.00038569933729131113,0
8.31,2901,7.329169771811781,0.0008955551218536554,0.00039403200656993676,0.0003898135430408627,0
8.15,2902,7.334623793283141,0.0007438759552428786,0.00039677708029158665,0.00039403200656993676,0
8.11,2903,7.339775794676946,0.0007021754552349027,0.00039933328028014467,0.00039677708029158665,0
8.13,2904,7.3450264538690515,0.0007151147597354852,0.00040203900064558903,0.00039933328028014467,0
8.14,2905,7.350308670142923,0.0007188970454623536,0.00040469656780655824,0.00040203900064558903,0
8.1,2906,7.355290007902049,0.0006774750295732726,0.0004070652453012519,0.00040469656780655824,0
8.09,2907,7.36017180188818,0.0006634918058735384,0.0004092980275544753,0.0004070652453012519,0
8.22,2908,7.365884946083424,0.000775923192428037,0.00041239168717850867,0.0004092980275544753,0
8.2,2909,7.371427238821431,0.0007521443435209445,0.0004153163156840458,0.00041239168717850867,0
8.17,2910,7.376733370144869,0.0007195651977318925,0.0004179628338774056,0.0004153163156840458,0
8.15,2911,7.3818713544155665,0.0006962696778128513,0.00042028356767128907,0.0004179628338774056,0
8.2,2912,7.3873074251704915,0.0007361372059389638,0.00042289516678281007,0.00042028356767128907,0
8.21,2913,7.392773821036657,0.0007396977086056298,0.00042544277624699333,0.00042289516678281007,0
8.22,2914,7.398270340518306,0.0007432226791599651,0.00042803251995304705,0.00042544277624699333,0
8.23,2915,7.403796783458524,0.0007467123545267233,0.00043060119239242135,0.00042803251995304705,0
8.28,2916,7.4096187317621975,0.0007860373048271455,0.00043339262152753284,0.00043060119239242135,0
8.53,2917,7.417063125597769,0.0010041888714906395,0.0004378490318043491,0.00043339262152753284,0
8.53,2918,7.42445805502212,0.0009965191500678546,0.0004420934683799178,0.0004378490318043491,0
8.5,2919,7.43160451315356,0.0009620932396976561,0.00044607144254251406,0.0004420934683799178,0
8.34,2920,7.437640363585705,0.000811857066543014,0.0004488414887900568,0.00044607144254251406,0
8.43,2921,7.444234115345689,0.0008861453845481498,0.0004520218675136765,0.0004488414887900568,0
8.64,2922,7.452179403643362,0.0010667385194399906,0.00045661089499501916,0.0004520218675136765,0
8.69,2923,7.460404125242162,0.001103058020337254,0.0004614863657208193,0.00045661089499501916,0
8.6,2924,7.467976190881072,0.0010144524895454345,0.0004655754500936029,0.0004614863657208193,0
8.84,2925,7.477092628181943,0.001219992834020348,0.00047147372182272825,0.0004655754500936029,0
8.88,2926,7.4864142718799735,0.0012459171457770081,0.00047756542758591313,0.00047147372182272825,0
8.86,2927,7.495541087379811,0.0012183745592609539,0.0004832913185807694,0.00047756542758591313,0
9.04,2928,7.5058032728799065,0.0013681689926517682,0.000490266947763074,0.0004832913185807694,0
8.77,2929,7.514203251160987,0.0011185053939054262,0.0004949489357712512,0.000490266947763074,0
8.73,2930,7.522281634900755,0.0010745043909170303,0.000499199119402348,0.0004949489357712512,0
8.58,2931,7.529309663927681,0.0009338586729007097,0.0005024195821194065,0.000499199119402348,0
8.59,2932,7.5363574402699545,0.0009356076710896978,0.0005055708385934377,0.0005024195821194065,0
8.55,2933,7.543092606801486,0.0008932907975262649,0.0005084237047676699,0.0005055708385934377,0
8.52,2934,7.549583685846833,0.0008601628127050415,0.0005110708745408941,0.0005084237047676699,0
8.33,2935,7.554769176322806,0.0006866220257189964,0.0005127558025258682,0.0005110708745408941,0
8.53,2936,7.561249115371024,0.0008573606250146591,0.0005152696335394931,0.0005127558025258682,0
8.39,2937,7.566755765784504,0.0007280075198213491,0.0005165927352524883,0.0005152696335394931,0
8.4,2938,7.572292272341393,0.0007314207326341123,0.0005181548103876934,0.0005165927352524883,0
8.57,2939,7.5789215595888795,0.0008750833753740576,0.0005207593662373831,0.0005181548103876934,0
8.47,2940,7.5848423465865595,0.0007809126197428846,0.0005228342964550963,0.0005207593662373831,0
8.38,2941,7.590125786160262,0.0006963361953674229,0.0005244863216145362,0.0005228342964550963,0
8.24,2942,7.594443887261999,0.0005687485797764391,0.0005255803621851485,0.0005244863216145362,0
8.31,2943,7.5991984129423615,0.0006258572818307741,0.0005268953773986281,0.0005255803621851485,0
8.38,2944,7.604386463370236,0.0006824772803853117,0.0005284448354597075,0.0005268953773986281,0
8.53,2945,7.610536719445867,0.0008084505372404615,0.000530575279819628,0.0005284448354597075,0
8.58,2946,7.616978335946984,0.0008460496491944519,0.0005328699919587079,0.000530575279819628,0
8.59,2947,7.623443596192221,0.000848435911007787,0.0005351497399487691,0.0005328699919587079,0
8.57,2948,7.629733007531536,0.0008246690980056322,0.0005372183627655,0.0005351497399487691,0
8.74,2949,7.637110196871625,0.0009664329181225847,0.0005398453659134058,0.0005372183627655,0
8.85,2950,7.645169265354129,0.0010546946546145062,0.0005430089603850747,0.0005398453659134058,0
9.02,2951,7.654304353318077,0.0011941703717681057,0.0005470874066463094,0.0005430089603850747,0
8.91,2952,7.66264784601074,0.0010894456559398808,0.0005504957093691896,0.0005470874066463094,0
8.96,2953,7.671268126127996,0.0011243417586251478,0.0005540329329285236,0.0005504957093691896,0
9.01,2954,7.680163354550729,0.0011588794738073098,0.0005577181925541595,0.0005540329329285236,0
9.0,2955,7.6889330332824315,0.0011412095366149977,0.0005611157833736887,0.0005577181925541595,0
8.88,2956,7.69684709952834,0.0010287508173867995,0.0005638634184742418,0.0005611157833736887,0
8.88,2957,7.70470858061618,0.0010208685322257928,0.0005665991218012007,0.0005638634184742418,0
8.82,2958,7.712119154851563,0.0009613618227156129,0.0005689258710549933,0.0005665991218012007,0
8.55,2959,7.717686469452348,0.0007216312347595533,0.0005701866807207088,0.0005689258710549933,0
8.43,2960,7.722419449734503,0.0006130761608986512,0.0005711124922882899,0.0005701866807207088,0
8.39,2961,7.726855200910916,0.000574234247057766,0.0005718998003843999,0.0005711124922882899,0
8.25,2962,7.730331246096818,0.00044976429008166497,0.0005722388009621657,0.0005718998003843999,0
8.32,2963,7.73424931091714,0.0005067146683623516,0.0005727441995009208,0.0005722388009621657,0
8.32,2964,7.738141342084035,0.0005030937152857877,0.0005731667378822483,0.0005727441995009208,0
8.43,2965,7.742738409590457,0.0005939026354169488,0.0005738981213399912,0.0005731667378822483,0
8.38,2966,7.746972705883196,0.0005467237402484698,0.0005744573918538843,0.0005738981213399912,0
8.5,2967,7.751976209511439,0.0006456571770609556,0.0005751969695897186,0.0005744573918538843,0
8.25,2968,7.755285337695885,0.00042678434546292924,0.000575241581452601,0.0005751969695897186,0
8.47,2969,7.76003427234117,0.0006121607434389898,0.0005757318588216396,0.000575241581452601,0
8.35,2970,7.763954310408572,0.0005050297647186241,0.0005756764035520658,0.0005757318588216396,0
8.32,2971,7.7676489661626045,0.00047575974713394073,0.0005756090603768249,0.0005756764035520658,0
8.52,2972,7.772647976366633,0.0006433609853074165,0.0005760478664454793,0.0005756090603768249,0
8.51,2973,7.777547325372964,0.0006301334579248019,0.0005763644182832586,0.0005760478664454793,0
8.63,2974,7.783211462759785,0.0007280027554054893,0.000577133411852781,0.0005763644182832586,0
9.09,2975,7.791894443094813,0.0011149819830516153,0.0005798964154106877,0.000577133411852781,0
9.49,2976,7.803177536523466,0.0014470077999178895,0.0005848053566917648,0.0005798964154106877,0
9.84,2977,7.816711240632237,0.0017328814165740458,0.000591976370228667,0.0005848053566917648,0
9.87,2978,7.830354355344983,0.0017438564549363408,0.000599007259190266,0.000591976370228667,0
10.13,2979,7.845634392887222,0.0019494837138435363,0.0006078669771920511,0.000599007259190266,0
10.5,2980,7.863271373706914,0.002245476354936284,0.0006196743030195992,0.0006078669771920511,1
9.91,2981,7.876870899494828,0.0017280058764256058,0.0006261569377291486,0.0006196743030195992,1
10.31,2982,7.893037870299872,0.002050357640596199,0.0006354298687674952,0.0006261569377291486,1
10.16,2983,7.90810074162833,0.0019065557566625491,0.0006433578913144247,0.0006354298687674952,1
10.4,2984,7.924658211821591,0.0020915465558367773,0.000652922975333267,0.0006433578913144247,1
10.25,2985,7.940108987857971,0.0019478106078566096,0.0006608916122065544,0.000652922975333267,1
10.34,2986,7.9560551075760575,0.002006285915418437,0.0006691829430088929,0.0006608916122065544,1
10.22,2987,7.971097930815343,0.001888953747847051,0.0006762962004192117,0.0006691829430088929,1
10.15,2988,7.985575685460191,0.0018146336718814825,0.0006826744464108175,0.0006762962004192117,1
10.16,2989,8.0000236875822,0.001807627692767836,0.0006883057174595254,0.0006826744464108175,1
10.13,2990,8.014176354141073,0.0017675151061606622,0.0006935367234902984,0.0006883057174595254,1
10.18,2991,8.028567208962327,0.0017940645407184812,0.0006991677093383923,0.0006935367234902984,1
10.14,2992,8.042596662753875,0.0017459167820424223,0.0007043714109502356,0.0006991677093383923,1
10.08,2993,8.05613422648574,0.001681817904272725,0.0007091622387973943,0.0007043714109502356,1
10.06,2994,8.069448949261904,0.0016513791354867324,0.0007138379422114813,0.0007091622387973943,1
9.99,2995,8.082210085838852,0.0015801645149282242,0.000718071502979924,0.0007138379422114813,1
9.94,2996,8.094554204895953,0.001526154579641271,0.0007219120808997291,0.000718071502979924,1
9.84,2997,8.106151851399435,0.0014317460540726988,0.0007250349615381589,0.0007219120808997291,1
9.94,2998,8.118336888957115,0.0015020553243483047,0.0007285946982501766,0.0007250349615381589,1
9.99,2999,8.130773188724067,0.0015307056368930362,0.0007322880595859975,0.0007285946982501766,1
10.06,3000,8.143591971549661,0.0015753346260035097,0.000736131413880919,0.0007322880595859975,1
9.95,3001,8.15559468272673,0.0014727990544909006,0.0007393275161949637,0.000736131413880919,1
10.28,3002,8.169710332704096,0.0017292973677031148,0.0007440572642495514,0.0007393275161949637,1
10.06,3003,8.182270396963993,0.0015362134945774003,0.0007473643731282978,0.0007440572642495514,1
9.72,3004,8.19248786942992,0.001247954153063061,0.000748822754964359,0.0007473643731282978,1
9.66,3005,8.202238780615936,0.0011895181351797806,0.0007496871240999588,0.000748822754964359,1
9.63,3006,8.21172556614558,0.001155940927563766,0.0007505647685794598,0.0007496871240999588,1
9.65,3007,8.221282206920886,0.001163103186542501,0.000751367791334545,0.0007505647685794598,1
9.54,3008,8.230044451410294,0.0010652326708895932,0.0007516795169883948,0.000751367791334545,1
9.83,3009,8.2406753853086,0.0012908889811705643,0.0007527695127336511,0.0007516795169883948,1
9.79,3010,8.250969901040685,0.0012484524000429115,0.0007533118957724975,0.0007527695127336511,1
9.71,3011,8.260664453211806,0.001174269376019239,0.0007536774994759377,0.0007533118957724975,1
9.72,3012,8.270361034936489,0.0011731374854770144,0.0007540389330759486,0.0007536774994759377,1
9.48,3013,8.27839850315808,0.0009713681360916962,0.0007536044356098208,0.0007540389330759486,1
9.33,3014,8.285385888532273,0.0008436943663887957,0.000752998402765581,0.0007536044356098208,1
9.31,3015,8.2921939557308,0.000821358442574611,0.0007526011507576077,0.000752998402765581,1
9.43,3016,8.299754128796428,0.0009113063216357791,0.0007521869627699048,0.0007526011507576077,1
9.44,3017,8.30733051333664,0.0009124280665876253,0.0007516405171205466,0.0007521869627699048,1
9.46,3018,8.31498944681684,0.0009215240761292664,0.0007509440380852213,0.0007516405171205466,1
9.49,3019,8.322796825921936,0.0009385118368724506,0.0007503676468045387,0.0007509440380852213,1
9.65,3020,8.331615451679225,0.001059013843836511,0.0007504149631422903,0.0007503676468045387,1
9.75,3021,8.341039933744755,0.0011305317421190738,0.0007504731355385866,0.0007504149631422903,1
9.64,3022,8.3496708976555,0.0010342237388509424,0.0007503414163934167,0.0007504731355385866,1
9.7,3023,8.358643184065679,0.0010739907364349364,0.0007501628213220343,0.0007503414163934167,1
9.66,3024,8.367290073223286,0.0010339500696225153,0.000749713061810244,0.0007501628213220343,1
9.8,3025,8.376809740527447,0.001137077350917855,0.0007496936097976418,0.000749713061810244,1
9.63,3026,8.385136586119769,0.0009935416943859065,0.0007492686723413809,0.0007496936097976418,1
9.82,3027,8.394670562308143,0.0011363631452961413,0.0007492279256620506,0.0007492686723413809,1
9.66,3028,8.403078066891903,0.0010010276342880301,0.0007489272829043794,0.0007492279256620506,1
9.64,3029,8.411296817291964,0.0009775862749829961,0.0007485727658296199,0.0007489272829043794,1
9.53,3030,8.41873006104343,0.0008833312374995859,0.0007478280773939476,0.0007485727658296199,1
9.54,3031,8.426180359653635,0.0008845756860609573,0.0007472451788520761,0.0007478280773939476,1
9.53,3032,8.43351470943559,0.000870045420698423,0.0007466160340583993,0.0007472451788520761,1
9.58,3033,8.441132551910412,0.0009028743385666946,0.0007459556024353093,0.0007466160340583993,1
9.93,3034,8.451025358890718,0.0011712900345304184,0.0007462552327838489,0.0007459556024353093,1
10.13,3035,8.462181336590715,0.0013192033324905593,0.0007470228038730793,0.0007462552327838489,1
10.35,3036,8.474724982215099,0.0014812206765135597,0.0007484364755672355,0.0007470228038730793,1
10.34,3037,8.48711883617383,0.0014613807669921581,0.0007496579118539955,0.0007484364755672355,1
10.36,3038,8.49956322930886,0.0014651943579510084,0.0007507666145252519,0.0007496579118539955,1
10.47,3039,8.512655832457183,0.001539200228451775,0.0007519624285587938,0.0007507666145252519,1
10.29,3040,8.524465428273452,0.0013863372252827845,0.0007523555595104384,0.0007519624285587938,1
