t,y
0.0,0.0
0.006284756496303662,0.006284715123661343
0.012569512992607324,0.012569182013429735
0.018854269488910988,0.018853152445216983
0.02513902598521465,0.02513637821454399
0.03142378248151831,0.03141861114634439
0.037708538977821976,0.03769960310476692
0.043993295474125636,0.04397910600297634
0.0502780519704293,0.05025687181295237
0.05656280846673296,0.056532652575286266
0.06284756496303662,0.06280620040897482
0.06913232145934028,0.06907726752121106
0.07541707795564395,0.07534560621717168
0.0817018344519476,0.0816109689098004
0.08798659094825127,0.08787310812958726
0.09427134744455493,0.09413177653434315
0.1005561039408586,0.10038672691896933
0.10684086043716226,0.1066377122252215
0.11312561693346591,0.1128844855514682
0.11941037342976958,0.11912680016244288
0.12569512992607323,0.12536440949898953
0.1319798864223769,0.13159706718780115
0.13826464291868057,0.13782452705115114
0.14454939941498424,0.14404654311661683
0.1508341559112879,0.15026286962679475
0.15711891240759154,0.15647326104900774
0.1634036689038952,0.162677472085003
0.16968842540019888,0.1688752576806408
0.17597318189650255,0.1750663730355736
0.1822579383928062,0.18125057361291538
0.18854269488910985,0.1874276151489001
0.19482745138541352,0.19359725366252997
0.2011122078817172,0.19975924546521184
0.20739696437802085,0.2059133471703827
0.21368172087432452,0.2120593157031229
0.21996647737062816,0.21819690830975702
0.22625123386693183,0.2243258825674424
0.2325359903632355,0.23044599639374413
0.23882074685953916,0.2365570080561969
0.24510550335584283,0.24265867618185302
0.25139025985214647,0.24875075976681613
0.25767501634845014,0.25483301818576043
0.2639597728447538,0.26090521120143473
0.27024452934105747,0.26696709897415166
0.27652928583736114,0.2730184420712605
0.2828140423336648,0.27905900147660473
0.2890987988299685,0.28508853859996225
0.29538355532627214,0.2911068152864694
0.3016683118225758,0.2971135938260279
0.3079530683188794,0.30310863696269336
0.3142378248151831,0.30909170790404694
0.32052258131148675,0.31506257033054796
0.3268073378077904,0.32102098840486804
0.3330920943040941,0.3269667267812062
0.33937685080039776,0.33289955061458465
0.3456616072967014,0.33881922557012467
0.3519463637930051,0.3447255178323024
0.35823112028930876,0.350618194114184
0.3645158767856124,0.35649702166664005
0.37080063328191604,0.36236176828753874
0.3770853897782197,0.3682122023309176
0.38337014627452337,0.3740480927161325
0.38965490277082704,0.3798692089369854
0.3959396592671307,0.38567532107082864
0.4022244157634344,0.3914661997876466
0.40850917225973804,0.39724161635911354
0.4147939287560417,0.4030013426676282
0.4210786852523454,0.4087451512153238
0.42736344174864904,0.41447281513305384
0.4336481982449527,0.4201841081893529
0.4399329547412563,0.4258788047993725
0.44621771123756,0.4315566800337912
0.45250246773386366,0.43721750962769873
0.4587872242301673,0.442861069989454
0.465071980726471,0.44848713820951697
0.47135673722277466,0.4540954920692525
0.4776414937190783,0.459685910049708
0.483926250215382,0.46525817134036285
0.49021100671168566,0.47081205584784996
0.4964957632079893,0.4763473442046491
0.5027805197042929,0.4818638177777512
0.5090652762005966,0.4873612586772947
0.5153500326969003,0.49283944976517063
0.5216347891932039,0.49829817466360005
0.5279195456895076,0.5037372177636802
0.5342043021858113,0.5091563642339006
0.5404890586821149,0.5145554000286288
0.5467738151784186,0.519934111896564
0.5530585716747223,0.5252922873891609
0.5593433281710259,0.5306297148690208
0.5656280846673296,0.5359461835182502
0.5719128411636333,0.5412414833467888
0.578197597659937,0.5465154052007026
0.5844823541562406,0.5517677407704459
0.5907671106525443,0.5569982825990888
0.597051867148848,0.5622068240905109
0.6033366236451516,0.5673931595175626
0.6096213801414552,0.5725570840301893
0.6159061366377588,0.5776983936635245
0.6221908931340625,0.5828168853459441
0.6284756496303662,0.5879123569070885
0.6347604061266698,0.5929846070858479
0.6410451626229735,0.5980334355383109
0.6473299191192772,0.6030586428456788
0.6536146756155808,0.6080600305221413
0.6598994321118845,0.6130374010227171
0.6661841886081882,0.6179905577510557
0.6724689451044918,0.6229193050672032
0.6787537016007955,0.6278234482953295
0.6850384580970992,0.6327027937314178
0.6913232145934028,0.637557148650915
0.6976079710897065,0.6423863213163443
0.7038927275860102,0.6471901209848788
0.7101774840823138,0.6519683579158748
0.7164622405786175,0.6567208433783663
0.7227469970749212,0.6614473896585203
0.7290317535712248,0.6661478100670498
0.7353165100675285,0.6708219189465889
0.7416012665638321,0.6754695316790251
0.7478860230601357,0.6800904646927919
0.7541707795564394,0.6846845354701186
0.7604555360527431,0.689251562554241
0.7667402925490467,0.6937913655565667
0.7730250490453504,0.6983037651638017
0.7793098055416541,0.7027885831450317
0.7855945620379577,0.7072456423587629
0.7918793185342614,0.7116747667599177
0.7981640750305651,0.7160757814067892
0.8044488315268687,0.7204485124679503
0.8107335880231724,0.7247927872291199
0.8170183445194761,0.7291084340999849
0.8233031010157797,0.7333952826209776
0.8295878575120834,0.7376531634700085
0.8358726140083871,0.741881908469154
0.8421573705046907,0.7460813505912997
0.8484421270009944,0.7502513239667367
0.8547268834972981,0.7543916638897141
0.8610116399936018,0.7585022068249441
0.8672963964899054,0.7625827904140611
0.873581152986209,0.7666332534820348
0.8798659094825126,0.7706534360435368
0.8861506659788163,0.7746431793092582
0.89243542247512,0.7786023256921835
0.8987201789714236,0.7825307188138131
0.9050049354677273,0.7864282035103412
0.911289691964031,0.790294625838784
0.9175744484603346,0.7941298330830598
0.9238592049566383,0.7979336737600221
0.930143961452942,0.8017059976254415
0.9364287179492456,0.8054466556799409
0.9427134744455493,0.8091555001748806
0.948998230941853,0.8128323846181936
0.9552829874381566,0.8164771637801728
0.9615677439344603,0.8200896936992057
0.967852500430764,0.8236698316874623
0.9741372569270677,0.8272174363365299
0.9804220134233713,0.8307323675229985
0.986706769919675,0.8342144864139959
0.9929915264159787,0.8376636554726711
0.9992762829122823,0.8410797384636266
1.0055610394085859,0.8444626004582995
1.0118457959048897,0.8478121078402912
1.0181305524011932,0.8511281283106441
1.024415308897497,0.8544105308930688
1.0307000653938005,0.8576591859391155
1.0369848218901043,0.8608739651332961
1.0432695783864079,0.8640547414981519
1.0495543348827117,0.8672013893992695
1.0558390913790152,0.8703137845502421
1.062123847875319,0.8733918040175799
1.0684086043716226,0.8764353262255644
1.074693360867926,0.8794442309610515
1.0809781173642299,0.8824183993782191
1.0872628738605334,0.885357714003261
1.0935476303568372,0.888262058739028
1.0998323868531408,0.8911313188696118
1.1061171433494446,0.8939653810648783
1.112401899845748,0.8967641333849414
1.1186866563420519,0.8995274652845865
1.1249714128383554,0.9022552676176356
1.1312561693346592,0.9049474326412589
1.1375409258309628,0.9076038540202301
1.1438256823272666,0.9102244268311268
1.1501104388235701,0.9128090475664744
1.156395195319874,0.9153576141388348
1.1626799518161774,0.9178700258848381
1.1689647083124812,0.9203461835691594
1.1752494648087848,0.9227859893884377
1.1815342213050886,0.9251893469751394
1.1878189778013921,0.9275561614013642
1.194103734297696,0.929886339182595
1.2003884907939995,0.9321797882813899
1.2066732472903032,0.9344364181110183
1.2129580037866068,0.9366561395390376
1.2192427602829103,0.9388388648908151
1.2255275167792141,0.9409845079529903
1.2318122732755177,0.9430929839768799
1.2380970297718215,0.9451642096818259
1.244381786268125,0.9471981032584845
1.2506665427644288,0.9491945843720577
1.2569512992607323,0.9511535741654661
1.2632360557570361,0.9530749952624639
1.2695208122533397,0.9549587717706947
1.2758055687496435,0.9568048292846898
1.282090325245947,0.9586130948888062
1.2883750817422508,0.9603834971601073
1.2946598382385544,0.9621159661711834
1.3009445947348581,0.9638104334929145
1.3072293512311617,0.9654668321971723
1.3135141077274655,0.9670850968594641
1.319798864223769,0.9686651635615168
1.3260836207200728,0.9702069698938018
1.3323683772163764,0.971710454958
1.3386531337126801,0.9731755593694068
1.3449378902089837,0.9746022252592779
1.3512226467052872,0.9759903962771153
1.357507403201591,0.9773400175928927
1.3637921596978946,0.9786510358992211
1.3700769161941984,0.9799233994134546
1.376361672690502,0.9811570578797357
1.3826464291868057,0.98235196257098
1.3889311856831092,0.9835080662908011
1.395215942179413,0.9846253233753749
1.4015006986757166,0.9857036896952426
1.4077854551720204,0.9867431226570545
1.414070211668324,0.987743581205252
1.4203549681646277,0.988705025823689
1.4266397246609313,0.9896274185371933
1.432924481157235,0.9905107229130657
1.4392092376535386,0.9913549040625199
1.4454939941498424,0.9921599286420599
1.451778750646146,0.9929257648547973
1.4580635071424497,0.9936523824517074
1.4643482636387533,0.9943397527328232
1.470633020135057,0.9949878485483699
1.4769177766313606,0.9955966442998367
1.4832025331276641,0.9961661159409886
1.489487289623968,0.9966962409788148
1.4957720461202715,0.9971869984744187
1.5020568026165753,0.9976383690438437
1.5083415591128788,0.9980503348588399
1.5146263156091826,0.9984228796475672
1.5209110721054862,0.9987559886952388
1.52719582860179,0.9990496488447024
1.5334805850980935,0.999303848496959
1.5397653415943973,0.9995185776116223
1.5460500980907008,0.9996938277073143
1.5523348545870046,0.9998295918620008
1.5586196110833082,0.9999258647132645
1.564904367579612,0.999982642458517
1.5711891240759155,0.999999922855149
1.5774738805722193,0.9999777052206188
1.5837586370685228,0.9999159904324794
1.5900433935648266,0.9998147809283434
1.5963281500611302,0.9996740807057874
1.602612906557434,0.9994938953221937
1.6088976630537375,0.9992742318945305
1.615182419550041,0.9990150990990716
1.6214671760463448,0.9987165071710528
1.6277519325426484,0.9983784679042685
1.6340366890389522,0.9980009946506051
1.6403214455352557,0.9975841023195141
1.6466062020315595,0.9971278073774231
1.652890958527863,0.9966321278470853
1.6591757150241668,0.9960970833068677
1.6654604715204704,0.995522694889978
1.6717452280167742,0.9949089852836295
1.6780299845130777,0.9942559787281451
1.6843147410093815,0.9935637010160001
1.690599497505685,0.9928321794908034
1.6968842540019888,0.992061443046217
1.7031690104982924,0.9912515221248155
1.7094537669945962,0.9904024487168832
1.7157385234908997,0.9895142563591505
1.7220232799872035,0.9885869801334696
1.728308036483507,0.9876206566654285
1.7345927929798108,0.9866153241229048
1.7408775494761144,0.9855710222145574
1.747162305972418,0.984487792188259
1.7534470624687217,0.9833656768294662
1.7597318189650253,0.9822047204595297
1.766016575461329,0.981004968933944
1.7723013319576326,0.9797664696405358
1.7785860884539364,0.9784892714975928
1.78487084495024,0.9771734249519308
1.7911556014465437,0.9758189819769016
1.7974403579428473,0.9744259960703403
1.803725114439151,0.9729945222524518
1.8100098709354546,0.9715246170636379
1.8162946274317584,0.9700163385622642
1.822579383928062,0.9684697463223664
1.8288641404243657,0.9668849014312977
1.8351488969206693,0.9652618664873158
1.841433653416973,0.9636007055971105
1.8477184099132766,0.9619014843732716
1.8540031664095804,0.9601642699316969
1.860287922905884,0.958389130888942
1.8665726794021877,0.9565761373595093
1.8728574358984913,0.9547253609530796
1.8791421923947949,0.9528368747716826
1.8854269488910986,0.9509107534068098
1.8917117053874022,0.9489470729364691
1.897996461883706,0.9469459109221787
1.9042812183800095,0.9449073464059046
1.9105659748763133,0.9428314599069373
1.9168507313726169,0.9407183334187132
1.9231354878689206,0.9385680504055744
1.9294202443652242,0.936380695799473
1.935705000861528,0.9341563559966161
1.9419897573578315,0.9318951188540532
1.9482745138541353,0.9295970736862063
1.9545592703504389,0.9272623112613422
1.9608440268467426,0.9248909237979869
1.9671287833430462,0.9224830049612835
1.97341353983935,0.9200386498592928
1.9796982963356535,0.9175579550392362
1.9859830528319573,0.9150410184836824
1.9922678093282609,0.9124879396066776
1.9985525658245646,0.9098988192498187
2.0048373223208684,0.9072737596782702
2.0111220788171718,0.9046128645767249
2.0174068353134755,0.901916239045308
2.0236915918097793,0.8991839895954277
2.0299763483060826,0.896416224145566
2.0362611048023864,0.8936130520170171
2.04254586129869,0.8907745839295699
2.048830617794994,0.8879009319971337
2.0551153742912973,0.8849922097233114
2.061400130787601,0.8820485319969144
2.067684887283905,0.8790700150874262
2.0739696437802086,0.8760567766404098
2.080254400276512,0.8730089356728606
2.0865391567728158,0.869926612568505
2.0928239132691195,0.8668099290730467
2.0991086697654233,0.8636590082893568
2.1053934262617267,0.8604739746726128
2.1116781827580304,0.8572549540253807
2.117962939254334,0.8540020734926483
2.124247695750638,0.8507154615568024
2.1305324522469413,0.8473952480325538
2.136817208743245,0.8440415640618095
2.143101965239549,0.8406545421084939
2.149386721735852,0.8372343159533161
2.155671478232156,0.8337810206884854
2.1619562347284598,0.8302947927123764
2.1682409912247635,0.8267757697241411
2.174525747721067,0.8232240907182702
2.1808105042173707,0.8196398959791019
2.1870952607136744,0.816023327075283
2.193380017209978,0.8123745268541758
2.1996647737062816,0.8086936394362163
2.2059495302025853,0.8049808102092214
2.212234286698889,0.801236185822647
2.218519043195193,0.7974599141817953
2.224803799691496,0.793652144441973
2.2310885561878,0.789813027002599
2.2373733126841038,0.7859427135012655
2.2436580691804076,0.7820413568077477
2.249942825676711,0.7781091110179659
2.2562275821730147,0.7741461314478983
2.2625123386693184,0.7701525746274478
2.2687970951656222,0.7661285982942584
2.2750818516619256,0.7620743613874851
2.2813666081582293,0.7579900240415154
2.287651364654533,0.7538757475796458
2.2939361211508364,0.7497316945077092
2.3002208776471402,0.7455580285076547
2.306505634143444,0.7413549144310854
2.312790390639748,0.7371225182927447
2.319075147136051,0.7328610072639602
2.325359903632355,0.72857054966604
2.3316446601286587,0.7242513149636252
2.3379294166249625,0.7199034737579958
2.344214173121266,0.7155271977803329
2.3504989296175696,0.7111226598849342
2.3567836861138733,0.7066900340423883
2.363068442610177,0.7022294953327024
2.3693531991064805,0.6977412199383874
2.3756379556027842,0.6932253851374979
2.381922712099088,0.6886821692966315
2.388207468595392,0.6841117518638828
2.394492225091695,0.6795143133617565
2.400776981587999,0.6748900353800349
2.4070617380843027,0.6702391005686085
2.4133464945806065,0.6655616926302593
2.41963125107691,0.6608579963134067
2.4259160075732136,0.6561281974048078
2.4322007640695174,0.6513724827222223
2.4384855205658207,0.6465910401070314
2.4447702770621245,0.6417840584168187
2.4510550335584282,0.6369517275179117
2.457339790054732,0.6320942382778817
2.4636245465510354,0.6272117825580049
2.469909303047339,0.6223045532056839
2.476194059543643,0.6173727440468318
2.4824788160399467,0.6124165498782155
2.48876357253625,0.6074361664597621
2.495048329032554,0.6024317905068256
2.5013330855288576,0.5974036196824188
2.5076178420251614,0.5923518525894053
2.5139025985214647,0.5872766887626545
2.5201873550177685,0.5821783286611604
2.5264721115140722,0.5770569736601249
2.532756868010376,0.571912826043003
2.5390416245066794,0.5667460889935138
2.545326381002983,0.5615569665876131
2.551611137499287,0.5563456637854358
2.5578958939955903,0.5511123864231985
2.564180650491894,0.5458573412050687
2.570465406988198,0.5405807356950026
2.5767501634845016,0.5352827783085452
2.583034919980805,0.5299636783045989
2.5893196764771087,0.5246236457771568
2.5956044329734125,0.5192628916470069
2.6018891894697163,0.5138816276533992
2.6081739459660196,0.5084800663456832
2.6144587024623234,0.5030584210749116
2.620743458958627,0.49761690598541514
2.627028215454931,0.49215573600634294
2.6333129719512343,0.4866751268431741
2.639597728447538,0.481175294969196
2.645882484943842,0.4756564576169566
2.6521672414401456,0.47011883276968236
2.658451997936449,0.4645626391526694
2.6647367544327527,0.4589880962246424
2.6710215109290565,0.45339542416908907
2.6773062674253603,0.4477848438855616
2.6835910239216636,0.4421565769809524
2.6898757804179674,0.43651084576073934
2.696160536914271,0.4308478732202077
2.7024452934105745,0.425167883035641
2.7087300499068783,0.4194710995554851
2.715014806403182,0.4137577477914892
2.721299562899486,0.4080280534098167
2.727584319395789,0.4022822427221326
2.733869075892093,0.3965205426766633
2.7401538323883967,0.39074318084923476
2.7464385888847005,0.38495038543428195
2.752723345381004,0.3791423852358368
2.7590081018773076,0.37331940965848903
2.7652928583736114,0.3674816886983276
2.771577614869915,0.3616294529338547
2.7778623713662185,0.3557629335168791
2.7841471278625223,0.3498823621633847
2.790431884358826,0.3439879711443803
2.79671664085513,0.3380799932767241
2.803001397351433,0.33215866191392845
2.809286153847737,0.32622421093694115
2.8155709103440407,0.3202768747449104
2.821855666840344,0.31431688824592496
2.828140423336648,0.30834448684773463
2.8344251798329516,0.3023599064484545
2.8407099363292554,0.296363383427246
2.8469946928255587,0.29035515463498096
2.8532794493218625,0.28433545738488486
2.8595642058181663,0.2783045294431661
2.86584896231447,0.2722626090196228
2.8721337188107734,0.26620993475823496
2.878418475307077,0.2601467457277367
2.884703231803381,0.25407328141217633
2.8909879882996847,0.2479897817014551
2.897272744795988,0.24189648688185308
2.903557501292292,0.23579363762653668
2.9098422577885956,0.22968147498605498
2.9161270142848994,0.22356024037881705
2.9224117707812027,0.21743017558155725
2.9286965272775065,0.21129152271978374
2.9349812837738103,0.20514452425821775
2.941266040270114,0.19898942299121475
2.9475507967664174,0.1928264620331756
2.953835553262721,0.1866558848089422
2.960120309759025,0.18047793504418524
2.9664050662553283,0.17429285675577633
2.972689822751632,0.1681008942421484
2.978974579247936,0.16190229207364912
2.9852593357442396,0.15569729508287894
2.991544092240543,0.14948614835502172
2.9978288487368467,0.14326909721816253
3.0041136052331505,0.1370463872336003
3.0103983617294543,0.13081826418614684
3.0166831182257576,0.12458497407441982
3.0229678747220614,0.1183467631011244
3.029252631218365,0.11210387766333145
3.035537387714669,0.10585656434274358
3.0418221442109723,0.09960506989595645
3.048106900707276,0.09334964124471073
3.05439165720358,0.0870905254661417
3.0606764136998836,0.0808279697830185
3.066961170196187,0.07456222155398019
3.0732459266924907,0.06829352826376378
3.0795306831887945,0.06202213751343174
3.085815439685098,0.055748297010590905
3.0921001961814016,0.049472254559607194
3.0983849526777054,0.04319425805182048
3.104669709174009,0.03691455545575159
3.1109544656703125,0.030633394807308936
3.1172392221666163,0.024351024199989794
3.12352397866292,0.01806769177508377
3.129808735159224,0.011783645711869926
3.136093491655527,0.005499134217815094
3.142378248151831,-0.0007855944812316396
3.1486630046481348,-0.007070292150840679
3.1549477611444385,-0.013354710557808475
3.161232517640742,-0.01963860147996136
3.1675172741370456,-0.025921716715961614
3.1738020306333494,-0.032203808095108255
3.180086787129653,-0.038484627487141085
3.1863715436259565,-0.04476392681204046
3.1926563001222603,-0.05104145804982771
3.198941056618564,-0.057316973250358824
3.205225813114868,-0.06359022454311972
3.211510569611171,-0.0698609641470158
3.217795326107475,-0.07612894438016055
3.2240800826037788,-0.08239391766965586
3.230364839100082,-0.08865563656137196
3.236649595596386,-0.09491385372972277
3.2429343520926897,-0.10116832198743204
3.2492191085889934,-0.10741879429529855
3.2555038650852968,-0.11366502377195283
3.2617886215816005,-0.1199067637036102
3.2680733780779043,-0.1261437675538129
3.274358134574208,-0.13237578897316946
3.2806428910705114,-0.13860258180908425
3.286927647566815,-0.14482390011548169
3.293212404063119,-0.15103949816251805
3.2994971605594228,-0.15724913044628905
3.305781917055726,-0.16345255169852585
3.31206667355203,-0.16964951689628452
3.3183514300483337,-0.17583978127162123
3.3246361865446374,-0.18202310032126193
3.3309209430409408,-0.18819922981625883
3.3372056995372446,-0.19436792581163873
3.3434904560335483,-0.20052894465603574
3.349775212529852,-0.20668204300131676
3.3560599690261554,-0.21282697781219248
3.362344725522459,-0.21896350637581832
3.368629482018763,-0.2250913863113788
3.3749142385150663,-0.23121037557966206
3.38119899501137,-0.23732023249262157
3.387483751507674,-0.24342071572291957
3.3937685080039777,-0.24951158431346068
3.400053264500281,-0.25559259768690856
3.406338020996585,-0.2616635156551898
3.4126227774928886,-0.2677240984289784
3.4189075339891923,-0.27377410662716856
3.4251922904854957,-0.27981330128632914
3.4314770469817995,-0.28584144387014376
3.4377618034781032,-0.2918582962788299
3.444046559974407,-0.29786362085854545
3.4503313164707103,-0.3038571804107742
3.456616072967014,-0.3098387382016968
3.462900829463318,-0.3158080579715385
3.4691855859596217,-0.3217649039439029
3.475470342455925,-0.32770904083508356
3.481755098952229,-0.33364023386335906
3.4880398554485326,-0.33955824875826385
3.494324611944836,-0.3454628517698427
3.5006093684411397,-0.35135380967788477
3.5068941249374435,-0.35723088980113266
3.5131788814337472,-0.36309386000647453
3.5194636379300506,-0.3689424887181123
3.5257483944263543,-0.3747765449267098
3.532033150922658,-0.380595798198515
3.538317907418962,-0.3864000186844631
3.5446026639152652,-0.39218897712925427
3.550887420411569,-0.39796244488041077
3.557172176907873,-0.40372019389730535
3.5634569334041766,-0.40946199676017037
3.56974168990048,-0.4151876266790796
3.5760264463967837,-0.4208968575029074
3.5823112028930875,-0.42658946372825896
3.5885959593893912,-0.4322652205083789
3.5948807158856946,-0.4379239036620313
3.6011654723819984,-0.44356528968235626
3.607450228878302,-0.4491891557456953
3.613734985374606,-0.45479527972039424
3.6200197418709092,-0.4603834401755762
3.626304498367213,-0.46595341638988913
3.632589254863517,-0.47150498836022153
3.63887401135982,-0.47703793681039347
3.645158767856124,-0.4825520431998186
3.6514435243524277,-0.4880470897321336
3.6577282808487315,-0.4935228593638027
3.664013037345035,-0.49897913581268916
3.6702977938413386,-0.5044157035666
3.6765825503376424,-0.5098323478917957
3.682867306833946,-0.5152288548414734
3.6891520633302495,-0.5206050112642165
3.6954368198265533,-0.5259606048124157
3.701721576322857,-0.5312954239506532
3.708006332819161,-0.5366092579640602
3.714291089315464,-0.5419018969666389
3.720575845811768,-0.5471731319095535
3.7268606023080717,-0.5524227545893855
3.7331453588043755,-0.5576505576563588
3.739430115300679,-0.5628563346225286
3.7457148717969826,-0.568039879869939
3.7519996282932864,-0.5732009886587419
3.7582843847895897,-0.5783394571352858
3.7645691412858935,-0.5834550823401675
3.7708538977821973,-0.5885476622162474
3.777138654278501,-0.5936169956166313
3.7834234107748044,-0.5986628823126148
3.789708167271108,-0.6036851230015932
3.795992923767412,-0.6086835193149317
3.8022776802637157,-0.6136578738258016
3.808562436760019,-0.6186079900569781
3.814847193256323,-0.6235336724886016
3.8211319497526266,-0.6284347265658984
3.8274167062489304,-0.633310958706867
3.8337014627452337,-0.6381621763099233
3.8399862192415375,-0.642988187761509
3.8462709757378413,-0.6477888024436582
3.852555732234145,-0.6525638307415282
3.8588404887304484,-0.6573130840508875
3.865125245226752,-0.6620363747855672
3.871410001723056,-0.6667335163848678
3.8776947582193597,-0.6714043233209297
3.883979514715663,-0.6760486111060605
3.890264271211967,-0.6806661963000231
3.8965490277082706,-0.6852568965172791
3.902833784204574,-0.689820530434194
3.9091185407008777,-0.6943569177962
3.9154032971971815,-0.6988658794249134
3.9216880536934853,-0.7033472372252135
3.9279728101897886,-0.7078008141922765
3.9342575666860924,-0.7122264344185675
3.940542323182396,-0.716623923100787
3.9468270796787,-0.7209931065467767
3.9531118361750033,-0.7253338121823792
3.959396592671307,-0.7296458685582552
3.965681349167611,-0.7339291053566543
3.9719661056639146,-0.7381833533981429
3.978250862160218,-0.7424084446482858
3.9845356186565217,-0.7466042122242852
3.9908203751528255,-0.7507704904015693
3.9971051316491293,-0.7549071146203403
4.003389888145433,-0.7590139214920731
4.009674644641737,-0.7630907488059696
4.01595940113804,-0.7671374355353645
4.0222441576343435,-0.7711538218440879
4.028528914130647,-0.7751397490927755
4.034813670626951,-0.7790950598451365
4.041098427123255,-0.7830195978741714
4.047383183619559,-0.786913208168343
4.053667940115862,-0.7907757369376986
4.059952696612165,-0.7946070316199444
4.066237453108469,-0.7984069408864728
4.072522209604773,-0.8021753146483371
4.078806966101077,-0.8059120040621818
4.08509172259738,-0.8096168615361202
4.091376479093684,-0.8132897407355654
4.097661235589988,-0.8169304965890088
4.103945992086292,-0.8205389852937515
4.110230748582595,-0.8241150643215825
4.116515505078898,-0.8276585924244111
4.122800261575202,-0.8311694296398425
4.129085018071506,-0.8346474372967083
4.13536977456781,-0.8380924780205431
4.1416545310641135,-0.8415044157390105
4.147939287560417,-0.8448831156872778
4.154224044056721,-0.8482284444133389
4.160508800553024,-0.8515402697832848
4.166793557049328,-0.8548184609865247
4.1730783135456315,-0.8580628885409499
4.179363070041935,-0.8612734242980498
4.185647826538239,-0.8644499414479732
4.191932583034543,-0.8675923145245371
4.198217339530847,-0.8707004194101823
4.2045020960271495,-0.8737741333408752
4.210786852523453,-0.8768133349109586
4.217071609019757,-0.8798179040779446
4.223356365516061,-0.8827877221672573
4.229641122012365,-0.8857226718769204
4.235925878508668,-0.8886226372821899
4.242210635004972,-0.8914875038401329
4.248495391501276,-0.8943171583941519
4.254780147997579,-0.8971114891784545
4.261064904493883,-0.8998703858224684
4.267349660990186,-0.9025937393551992
4.27363441748649,-0.9052814422095358
4.279919173982794,-0.907933388226499
4.286203930479098,-0.9105494726594344
4.2924886869754015,-0.9131295921781494
4.298773443471704,-0.9156736448729947
4.305058199968008,-0.9181815302588907
4.311342956464312,-0.9206531492792942
4.317627712960616,-0.9230884043101126
4.3239124694569195,-0.9254871991635595
4.330197225953223,-0.9278494390919535
4.336481982449527,-0.9301750307914612
4.342766738945831,-0.9324638824057822
4.349051495442134,-0.9347159035297766
4.3553362519384375,-0.9369310052130378
4.361621008434741,-0.9391090999634035
4.367905764931045,-0.9412501017504126
4.374190521427349,-0.9433539260087032
4.380475277923653,-0.9454204896413528
4.386760034419956,-0.9474497110231606
4.39304479091626,-0.9494415100038708
4.399329547412563,-0.9513958079113388
4.405614303908867,-0.9533125275546398
4.411899060405171,-0.9551915932271152
4.418183816901474,-0.957032930709365
4.424468573397778,-0.9588364672721783
4.430753329894082,-0.9606021316794061
4.437038086390386,-0.9623298541907754
4.443322842886689,-0.964019566564643
4.449607599382992,-0.9656712020606925
4.455892355879296,-0.9672846954425679
4.4621771123756,-0.9688599829804526
4.468461868871904,-0.9703970024535856
4.4747466253682076,-0.9718956931527192
4.481031381864511,-0.9733559958825168
4.487316138360815,-0.9747778529638912
4.493600894857118,-0.9761612082362826
4.499885651353422,-0.9775060070598776
4.506170407849726,-0.978812196317766
4.512455164346029,-0.9800797244180397
4.518739920842333,-0.9813085412958306
4.525024677338637,-0.9824985984152875
4.531309433834941,-0.9836498487714938
4.5375941903312444,-0.9847622468923233
4.543878946827547,-0.985835748840237
4.550163703323851,-0.9868703122140183
4.556448459820155,-0.9878658961504477
4.562733216316459,-0.9888224613259169
4.5690179728127625,-0.9897399699579817
4.575302729309066,-0.9906183858068549
4.58158748580537,-0.9914576741768371
4.587872242301673,-0.9922578019176875
4.594156998797977,-0.9930187374259336
4.6004417552942805,-0.9937404506461183
4.606726511790584,-0.9944229130719883
4.613011268286888,-0.9950660977476193
4.619296024783192,-0.995669979268481
4.625580781279496,-0.9962345337824404
4.631865537775799,-0.9967597389907041
4.638150294272102,-0.9972455741486986
4.644435050768406,-0.9976920200668905
4.65071980726471,-0.9980990591115434
4.657004563761014,-0.9984666752054153
4.663289320257317,-0.9987948538283932
4.669574076753621,-0.9990835820180665
4.675858833249925,-0.9993328483702394
4.682143589746229,-0.9995426430393809
4.688428346242532,-0.999712957739014
4.694713102738835,-0.9998437857420429
4.700997859235139,-0.9999351218810186
4.707282615731443,-0.9999869625483433
4.713567372227747,-0.9999993056964125
4.7198521287240505,-0.999972150837696
4.726136885220354,-0.9999054990447573
4.732421641716657,-0.9997993529502115
4.738706398212961,-0.9996537167466204
4.744991154709265,-0.9994685961863278
4.7512759112055685,-0.999243998581232
4.757560667701872,-0.9989799328024969
4.763845424198176,-0.9986764092802015
4.77013018069448,-0.9983334400029285
4.776414937190784,-0.9979510385172898
4.7826996936870865,-0.9975292199273929
4.78898445018339,-0.9970680008942423
4.795269206679694,-0.9965673996350836
4.801553963175998,-0.9960274359226822
4.807838719672302,-0.9954481310845433
4.814123476168605,-0.9948295080020694
4.820408232664909,-0.994171591109656
4.826692989161213,-0.9934744063937271
4.832977745657516,-0.9927379813917085
4.83926250215382,-0.9919623451909401
4.845547258650123,-0.991147528427527
4.851832015146427,-0.9902935632851295
4.858116771642731,-0.9894004834936924
4.864401528139035,-0.9884683243281114
4.8706862846353385,-0.9874971226068414
4.876971041131641,-0.9864869166904413
4.883255797627945,-0.9854377464800587
4.889540554124249,-0.9843496534158543
4.895825310620553,-0.9832226804753657
4.9021100671168565,-0.9820568721718081
4.90839482361316,-0.9808522745523183
4.914679580109464,-0.9796089351961338
4.920964336605768,-0.9783269032127153
4.927249093102071,-0.9770062292398061
4.9335338495983745,-0.9756469654414315
4.939818606094678,-0.9742491655058397
4.946103362590982,-0.9728128846433804
4.952388119087286,-0.9713381795843244
4.95867287558359,-0.9698251085766223
4.964957632079893,-0.9682737313836047
4.971242388576196,-0.9666841092816212
4.9775271450725,-0.9650563050576195
4.983811901568804,-0.9633903830066668
4.990096658065108,-0.9616864089294093
4.996381414561411,-0.9599444501294732
5.002666171057715,-0.9581645754108069
5.008950927554019,-0.956346855074963
5.015235684050323,-0.9544913609183214
5.021520440546626,-0.9525981662292542
5.027805197042929,-0.9506673457852292
5.034089953539233,-0.9486989758498587
5.040374710035537,-0.946693134169886
5.046659466531841,-0.944649899972114
5.0529442230281445,-0.9425693539602773
5.059228979524448,-0.9404515783118531
5.065513736020752,-0.9382966566748168
5.071798492517055,-0.9361046741643368
5.078083249013359,-0.9338757173594131
5.0843680055096625,-0.9316098742994579
5.090652762005966,-0.9293072344808179
5.09693751850227,-0.9269678888532394
5.103222274998574,-0.9245919298162762
5.109507031494878,-0.9221794512156395
5.1157917879911805,-0.919730548339492
5.122076544487484,-0.9172453179146824
5.128361300983788,-0.9147238581029277
5.134646057480092,-0.9121662684969335
5.140930813976396,-0.9095726501164617
5.147215570472699,-0.9069431054043399
5.153500326969003,-0.9042777382224149
5.159785083465307,-0.9015766538474509
5.16606983996161,-0.8988399589669714
5.172354596457914,-0.8960677616750435
5.178639352954217,-0.8932601714680113
5.184924109450521,-0.8904172992401687
5.191208865946825,-0.8875392572793801
5.197493622443129,-0.8846261592626454
5.2037783789394325,-0.8816781202516097
5.210063135435736,-0.878695256688019
5.216347891932039,-0.8756776863891204
5.222632648428343,-0.872625528543008
5.228917404924647,-0.8695389037039174
5.2352021614209505,-0.8664179337874621
5.241486917917254,-0.8632627420658184
5.247771674413558,-0.8600734531628572
5.254056430909862,-0.8568501930492204
5.260341187406165,-0.8535930890373468
5.2666259439024685,-0.8503022697764412
5.272910700398772,-0.8469778652473957
5.279195456895076,-0.8436200067576543
5.28548021339138,-0.8402288269360262
5.291764969887684,-0.8368044597274482
5.298049726383987,-0.8333470403876936
5.304334482880291,-0.8298567054780294
5.310619239376594,-0.826333592859824
5.316903995872898,-0.8227778416890991
5.323188752369202,-0.8191895924110365
5.329473508865505,-0.815568986754429
5.335758265361809,-0.8119161677260828
5.342043021858113,-0.8082312796051685
5.348327778354417,-0.8045144679375235
5.3546125348507205,-0.800765879529902
5.360897291347023,-0.7969856624441778
5.367182047843327,-0.7931739659914935
5.373466804339631,-0.7893309407263667
5.379751560835935,-0.7854567384407405
5.3860363173322385,-0.7815515121579896
5.392321073828542,-0.7776154161268751
5.398605830324846,-0.7736486058154528
5.404890586821149,-0.7696512379049327
5.411175343317453,-0.765623470283488
5.4174600998137565,-0.7615654620400227
5.42374485631006,-0.7574773734578851
5.430029612806364,-0.7533593660085379
5.436314369302668,-0.7492116023451802
5.442599125798972,-0.7450342462963233
5.448883882295275,-0.740827462859319
5.455168638791578,-0.7365914181938441
5.461453395287882,-0.7323262796153345
5.467738151784186,-0.7280322155883804
5.47402290828049,-0.7237093957200695
5.480307664776793,-0.7193579907532889
5.486592421273097,-0.7149781725599809
5.492877177769401,-0.7105701141343541
5.499161934265704,-0.7061339895860519
5.505446690762008,-0.701669974133272
5.511731447258311,-0.6971782440958503
5.518016203754615,-0.6926589768882933
5.524300960250919,-0.6881123510127718
5.530585716747223,-0.6835385460520701
5.5368704732435265,-0.6789377426624932
5.54315522973983,-0.6743101225667306
5.549439986236133,-0.6696558685466799
5.555724742732437,-0.6649751644362243
5.562009499228741,-0.6602681951139755
5.5682942557250446,-0.6555351464959688
5.574579012221348,-0.6507762055283204
5.580863768717652,-0.6459915601798434
5.587148525213956,-0.6411813994346236
5.59343328171026,-0.6363459132845546
5.5997180382065626,-0.6314852927218344
5.606002794702866,-0.626599729731419
5.61228755119917,-0.6216894172834432
5.618572307695474,-0.6167545493255959
5.624857064191778,-0.6117953207754607
5.6311418206880814,-0.6068119275128164
5.637426577184385,-0.6018045663719006
5.643711333680688,-0.5967734351336358
5.649996090176992,-0.591718732517814
5.656280846673296,-0.5866406581752531
5.6625656031695994,-0.581539412679907
5.668850359665903,-0.5764151975209449
5.675135116162207,-0.5712682150947924
5.681419872658511,-0.5660986686971373
5.687704629154815,-0.5609067625149003
5.6939893856511175,-0.55569270161817
5.700274142147421,-0.5504566919521006
5.706558898643725,-0.5451989403287818
5.712843655140029,-0.539919654419067
5.719128411636333,-0.5346190427443717
5.725413168132636,-0.5292973146684371
5.73169792462894,-0.523954680389061
5.737982681125244,-0.5185913509297947
5.744267437621547,-0.5132075381316096
5.750552194117851,-0.507803454644526
5.756836950614154,-0.5023793139192194
5.763121707110458,-0.4969353301985856
5.769406463606762,-0.4914717185092798
5.775691220103066,-0.4859886946532234
5.7819759765993695,-0.48048647519908033
5.788260733095672,-0.47496527747370354
5.794545489591976,-0.4694253195535481
5.80083024608828,-0.46386682025606224
5.807115002584584,-0.4582899991310414
5.8133997590808875,-0.45269507645195706
5.819684515577191,-0.4470822732072567
5.825969272073495,-0.44145181109163484
5.832254028569799,-0.43580391249727674
5.838538785066102,-0.4301388005050751
5.8448235415624055,-0.4244566988758156
5.851108298058709,-0.41875783204134354
5.857393054555013,-0.4130424250956961
5.863677811051317,-0.40731070378621237
5.869962567547621,-0.4015628945046167
5.876247324043924,-0.39579922427807673
5.882532080540228,-0.3900199207602362
5.888816837036531,-0.38422521222222406
5.895101593532835,-0.3784153275436346
5.901386350029139,-0.3725904962034926
5.907671106525442,-0.3667509482711855
5.913955863021746,-0.36089691439737726
5.92024061951805,-0.3550286258048982
5.926525376014354,-0.3491463142796118
5.932810132510657,-0.3432502121612608
5.93909488900696,-0.3373405523342866
5.945379645503264,-0.3314175682186362
5.951664401999568,-0.3254814937605388
5.957949158495872,-0.3195325634232663
5.9642339149921755,-0.31357101217787275
5.970518671488479,-0.3075970754939132
5.976803427984783,-0.3016109893301431
5.983088184481086,-0.29561299012519937
5.98937294097739,-0.2896033147882582
5.9956576974736935,-0.2835822006896823
6.001942453969997,-0.2775498856516425
6.008227210466301,-0.27150660793872444
6.014511966962605,-0.265452606248518
6.020796723458909,-0.259388119702189
6.027081479955212,-0.25331338783503454
6.033366236451515,-0.24722865058702256
6.039650992947819,-0.2411341482933113
6.045935749444123,-0.23503012167476178
6.052220505940427,-0.22891681182842613
6.05850526243673,-0.2227944602180258
6.064790018933034,-0.21666330866441413
6.071074775429338,-0.21052359933602496
6.077359531925641,-0.20437557473930823
6.083644288421945,-0.19821947770914805
6.089929044918248,-0.19205555139927635
6.096213801414552,-0.18588403927266542
6.102498557910856,-0.17970518509191236
6.10878331440716,-0.1735192329096109
6.1150680709034635,-0.16732642705871206
6.121352827399767,-0.16112701214287314
6.12763758389607,-0.15492123302679744
6.133922340392374,-0.14870933482655904
6.140207096888678,-0.1424915628999264
6.1464918533849815,-0.13626816283666782
6.152776609881285,-0.13003938044885188
6.159061366377589,-0.12380546176113844
6.165346122873893,-0.11756665300106106
6.171630879370196,-0.11132320058930245
6.1779156358664995,-0.10507535112995779
6.184200392362803,-0.09882335140079966
6.190485148859107,-0.09256744834352723
6.196769905355411,-0.08630788905401346
6.203054661851715,-0.08004492077254531
6.209339418348018,-0.07377879087405821
6.215624174844322,-0.06750974685836525
6.221908931340625,-0.061238036340382294
6.228193687836929,-0.05496390704034418
6.234478444333233,-0.04868760677402551
6.240763200829536,-0.042409383442948916
6.24704795732584,-0.036129485024594295
6.253332713822144,-0.029848159562604212
6.259617470318448,-0.023565655156986644
6.2659022268147515,-0.017282219954315517
6.272186983311054,-0.010998102137930314
6.278471739807358,-0.0047135499181297415
6.284756496303662,0.0015711884776267444
6.291041252799966,0.007855864814526992
6.2973260092962695,0.014140230860210053
6.303610765792573,0.020424038394570868
6.309895522288877,0.026707039219564487
6.31618027878518,0.03298898516900849
6.322465035281484,0.039269628118388654
6.3287497917777875,0.045548719994654006
6.335034548274091,0.051826012786018824
6.341319304770395,0.0581012585517577
6.347604061266699,0.06437420943199869
6.353888817763003,0.07064461765751333
6.360173574259306,0.07691223555950305
6.366458330755609,0.08317681557938064
6.372743087251913,0.08943811027855195
6.379027843748217,0.09569587234818386
6.385312600244521,0.10194985461897607
6.391597356740824,0.10819981007092291
6.397882113237128,0.11444549184307015
6.404166869733432,0.12068665324326547
6.410451626229736,0.1269230477579024
6.416736382726039,0.13315442906165614
6.423021139222342,0.13938055102721658
6.429305895718646,0.14560116773500445
6.43559065221495,0.1518160334828882
6.441875408711254,0.15802490279588793
6.4481601652075575,0.16422753043587113
6.454444921703861,0.17042367141123907
6.460729678200164,0.17661308098660267
6.467014434696468,0.1827955146924525
6.473299191192772,0.18897072833480974
6.4795839476890755,0.19513847800487466
6.485868704185379,0.2012985200886598
6.492153460681683,0.2074506112766122
6.498438217177987,0.21359450857322368
6.504722973674291,0.2197299693066286
6.5110077301705935,0.2258567511381882
6.517292486666897,0.23197461207206582
6.523577243163201,0.23808331046478015
6.529861999659505,0.2441826050347531
6.536146756155809,0.250272254871839
6.542431512652112,0.25635201944684044
6.548716269148416,0.26242165862100814
6.55500102564472,0.26848093265552636
6.561285782141023,0.27452960222098116
6.567570538637327,0.2805674284068168
6.57385529513363,0.28659417273076726
6.580140051629934,0.29260959714827905
6.586424808126238,0.2986134640619127
6.592709564622542,0.3046055363307275
6.5989943211188455,0.310585577279648
6.605279077615148,0.3165533507088113
6.611563834111452,0.32250862090290017
6.617848590607756,0.3284511526404478
6.62413334710406,0.33438071120313234
6.6304181036003635,0.34029706238504687
6.636702860096667,0.34619997250195006
6.642987616592971,0.35208920840049607
6.649272373089275,0.357964537467444
6.655557129585578,0.36382572763884446
6.6618418860818815,0.36967254740920935
6.668126642578185,0.3755047658406504
6.674411399074489,0.3813221525720045
6.680696155570793,0.38712447782793163
6.686980912067097,0.3929115124279902
6.6932656685634,0.39868302779568976
6.699550425059704,0.40443879596751875
6.705835181556007,0.41017858960194825
6.712119938052311,0.4159021819884146
6.718404694548615,0.421609347056269
6.724689451044918,0.4272998593837105
6.730974207541222,0.43297349420668846
6.737258964037526,0.43863002742778046
6.74354372053383,0.444269235625044
6.749828477030133,0.4498908960608398
6.7561132335264364,0.4554947866906335
6.76239799002274,0.46108068617176023
6.768682746519044,0.4666483738721714
6.774967503015348,0.4721976298791476
6.781252259511652,0.47772823500798534
6.787537016007955,0.483239970810654
6.793821772504259,0.4887326195844243
6.800106529000562,0.4942059643804663
6.806391285496866,0.49965978901242164
6.81267604199317,0.5050938780649374
6.818960798489473,0.5105080169021786
6.825245554985777,0.5159019916763041
6.831530311482081,0.5212755893359138
6.837815067978385,0.5266285976344633
6.844099824474688,0.5319608051386472
6.850384580970991,0.5372720012367526
6.856669337467295,0.5425619761469733
6.862954093963599,0.5478305209256996
6.869238850459903,0.5530774274757695
6.8755236069562065,0.5583024885546886
6.88180836345251,0.5635054977828156
6.888093119948814,0.568686249651514
6.894377876445117,0.5738445395312688
6.900662632941421,0.578980163679771
6.9069473894377245,0.5840929192499617
6.913232145934028,0.5891826042980465
6.919516902430332,0.5942490177914712
6.925801658926636,0.5992919596168624
6.93208641542294,0.6043112305879313
6.938371171919243,0.6093066324533415
6.944655928415546,0.6142779679045384
6.95094068491185,0.6192250405835457
6.957225441408154,0.6241476550907167
6.963510197904458,0.6290456169924554
6.969794954400761,0.6339187328288949
6.976079710897065,0.6387668101215392
6.982364467393369,0.6435896573808657
6.988649223889672,0.6483870841138876
6.994933980385976,0.6531589008316808
7.001218736882279,0.6579049190568651
7.007503493378583,0.6626249513310499
7.013788249874887,0.6673188112222391
7.020073006371191,0.6719863133321943
7.0263577628674945,0.6766272733037573
7.032642519363798,0.6812415078281324
7.038927275860101,0.685828834652126
7.045212032356405,0.6903890725853473
7.051496788852709,0.694922041507362
7.0577815453490125,0.6994275623748085
7.064066301845316,0.7039054572284694
7.07035105834162,0.7083555492003006
7.076635814837924,0.7127776625204172
7.082920571334228,0.717171622524036
7.0892053278305305,0.7215372556583738
7.095490084326834,0.7258743894895049
7.101774840823138,0.7301828527091684
7.108059597319442,0.7344624751415366
7.114344353815746,0.7387130877499362
7.120629110312049,0.742934522643525
7.126913866808353,0.7471266130839233
7.133198623304656,0.7512891934917987
7.13948337980096,0.755422099453409
7.145768136297264,0.7595251677270928
7.152052892793567,0.7635982362497189
7.158337649289871,0.7676411441430875
7.164622405786175,0.7716537317202843
7.170907162282479,0.7756358404919879
7.1771919187787825,0.7795873131727298
7.183476675275085,0.7835079936871063
7.189761431771389,0.7873977271759456
7.196046188267693,0.7912563600024205
7.202330944763997,0.7950837397581199
7.2086157012603005,0.798879715269067
7.214900457756604,0.8026441366016913
7.221185214252908,0.8063768550687502
7.227469970749212,0.8100777232352021
7.233754727245515,0.813746594924029
7.2400394837418185,0.8173833252220125
7.246324240238122,0.8209877704854542
7.252608996734426,0.824559788345852
7.25889375323073,0.8280992377155221
7.265178509727034,0.8316059787931722
7.271463266223337,0.8350798730694233
7.27774802271964,0.83852078333228
7.284032779215944,0.8419285736725519
7.290317535712248,0.8453031094892193
7.296602292208552,0.8486442574947507
7.302887048704855,0.8519518857203682
7.309171805201159,0.8552258635212588
7.315456561697463,0.8584660615817354
7.321741318193767,0.8616723519203443
7.32802607469007,0.8648446078949193
7.334310831186373,0.8679827042075865
7.340595587682677,0.8710865169097098
7.346880344178981,0.874155923406789
7.353165100675285,0.8771908024633013
7.3594498571715885,0.8801910342074898
7.365734613667892,0.8831565001360986
7.372019370164196,0.8860870831190528
7.378304126660499,0.8889826674040852
7.384588883156803,0.8918431386213094
7.3908736396531065,0.894668383787735
7.39715839614941,0.897458291311732
7.403443152645714,0.9002127509974372
7.409727909142018,0.9029316540491081
7.416012665638322,0.9056148930754186
7.4222974221346245,0.9082623620937017
7.428582178630928,0.9108739565341362
7.434866935127232,0.9134495732438751
7.441151691623536,0.9159891104911217
7.44743644811984,0.9184924679691467
7.453721204616143,0.920959546800251
7.460005961112447,0.9233902495396705
7.466290717608751,0.925784480179425
7.472575474105054,0.9281421441521108
7.478860230601358,0.9304631483346362
7.485144987097661,0.9327474010518981
7.491429743593965,0.9349948120804048
7.497714500090269,0.9372052926518384
7.503999256586573,0.9393787554565617
7.5102840130828765,0.9415151146470665
7.516568769579179,0.9436142858413642
7.522853526075483,0.9456761861263197
7.529138282571787,0.9477007340609247
7.535423039068091,0.9496878496795156
7.5417077955643945,0.9516374544949318
7.547992552060698,0.9535494715016155
7.554277308557002,0.9554238251786537
7.560562065053306,0.9572604414927605
7.566846821549609,0.9590592479012019
7.5731315780459125,0.9608201733546612
7.579416334542216,0.9625431483000445
7.58570109103852,0.9642281046832283
7.591985847534824,0.9658749759517478
7.598270604031128,0.9674836970574252
7.604555360527431,0.9690542044589394
7.610840117023735,0.9705864361243353
7.617124873520038,0.9720803315334738
7.623409630016342,0.9735358316804236
7.629694386512646,0.9749528790757896
7.635979143008949,0.9763314177489857
7.642263899505253,0.9776713932504437
7.648548656001557,0.9789727526537658
7.654833412497861,0.9802354445578138
7.661118168994164,0.9814594190887391
7.667402925490467,0.9826446279019546
7.673687681986771,0.9837910241840416
7.679972438483075,0.9848985626546006
7.686257194979379,0.9859671995680392
7.6925419514756825,0.9869968927153002
7.698826707971986,0.9879876014255282
7.70511146446829,0.9889392865676768
7.711396220964593,0.9898519105520536
7.717680977460897,0.9907254373318053
7.7239657339572005,0.9915598324043414
7.730250490453504,0.9923550628126967
7.736535246949808,0.9931110971468332
7.742820003446112,0.9938279055448811
7.749104759942416,0.9945054596943176
7.755389516438719,0.9951437328330858
7.761674272935022,0.9957426997506513
7.767959029431326,0.9963023367889987
7.77424378592763,0.9968226218435647
7.780528542423934,0.9973035343641126
7.786813298920237,0.9977450553555431
7.793098055416541,0.9981471673786452
7.799382811912845,0.9985098545507842
7.805667568409148,0.9988331025465299
7.811952324905452,0.999116898598222
7.818237081401755,0.999361231496474
7.824521837898059,0.999566091590617
7.830806594394363,0.9997314707890801
7.837091350890667,0.9998573625597098
7.8433761073869706,0.9999437619300288
7.849660863883274,0.9999906654874317
7.855945620379577,0.9999980713793203
7.862230376875881,0.9999659793131762
7.868515133372185,0.9998943905565733
7.874799889868489,0.9997833079371264
7.881084646364792,0.9996327358423809
7.887369402861096,0.9994426802196383
7.8936541593574,0.9992131485757223
7.899938915853704,0.9989441499766814
7.906223672350007,0.9986356950474317
7.91250842884631,0.9982877959713363
7.918793185342614,0.9979004664897251
7.925077941838918,0.997473721901351
7.931362698335222,0.9970075790617863
7.9376474548315255,0.996502056382757
7.943932211327829,0.9959571738314151
7.950216967824132,0.9953729529295504
7.956501724320436,0.9947494167527398
7.96278648081674,0.9940865899294367
7.9690712373130435,0.9933844986399974
7.975355993809347,0.9926431706156481
7.981640750305651,0.9918626351373881
7.987925506801955,0.9910429230348348
7.994210263298259,0.9901840666850044
8.000495019794561,0.9892861000110348
8.006779776290866,0.988349058480844
8.013064532787169,0.9873729791057309
8.019349289283474,0.9863579004389114
8.025634045779777,0.9853038625739982
8.03191880227608,0.9842109071434145
8.038203558772384,0.983079077316751
8.044488315268687,0.9819084177990617
8.050773071764992,0.9806989748290953
8.057057828261295,0.9794507961774725
8.0633425847576,0.9781639311447957
8.069627341253902,0.9768384305597047
8.075912097750205,0.9754743467768665
8.08219685424651,0.9740717336749086
8.088481610742813,0.9726306466542922
8.094766367239117,0.9711511426351208
8.10105112373542,0.9696332800548958
8.107335880231725,0.9680771188662042
8.113620636728028,0.9664827205343549
8.11990539322433,0.9648501480349474
8.126190149720635,0.9631794658513854
8.132474906216938,0.9614707399723321
8.138759662713243,0.9597240378890997
8.145044419209546,0.9579394285929878
8.15132917570585,0.9561169825725543
8.157613932202153,0.9542567718108358
8.163898688698458,0.9523588697824993
8.17018344519476,0.9504233514509451
8.176468201691064,0.9484502932653421
8.182752958187368,0.9464397731576094
8.189037714683671,0.94439187053934
8.195322471179976,0.9423066662986606
8.201607227676279,0.9401842427970407
8.207891984172583,0.9380246838660352
8.214176740668886,0.9358280748039778
8.22046149716519,0.9335945023726079
8.226746253661494,0.931324054793645
8.233031010157797,0.9290168217453066
8.239315766654101,0.9266728943587613
8.245600523150404,0.9242923652145346
8.251885279646709,0.9218753283388464
8.258170036143012,0.9194218791999037
8.264454792639315,0.9169321147041236
8.27073954913562,0.9144061331923086
8.277024305631922,0.9118440344357643
8.283309062128227,0.9092459196323537
8.28959381862453,0.9066118914025055
8.295878575120835,0.9039420537851555
8.302163331617137,0.9012365122336425
8.308448088113442,0.8984953736115381
8.314732844609745,0.8957187461884306
8.321017601106048,0.8929067396356443
8.327302357602353,0.8900594650219095
8.333587114098655,0.8871770348089776
8.33987187059496,0.8842595628471744
8.346156627091263,0.881307164370909
8.352441383587568,0.8783199559941154
8.35872614008387,0.8752980557056541
8.365010896580173,0.8722415828646454
8.371295653076478,0.869150658195757
8.377580409572781,0.8660254037844392
8.383865166069086,0.8628659430720955
8.390149922565389,0.8596724008512154
8.396434679061693,0.8564449032604369
8.402719435557996,0.8531835777795718
8.409004192054299,0.8498885532245649
8.415288948550604,0.8465599597424077
8.421573705046907,0.8431979288060014
8.427858461543211,0.839802593208957
8.434143218039514,0.836374087060358
8.440427974535819,0.8329125457794555
8.446712731032122,0.8294181060903275
8.452997487528425,0.8258909060164714
8.45928224402473,0.8223310848753553
8.465567000521032,0.8187387832729185
8.471851757017337,0.8151141430980106
8.47813651351364,0.811457307516795
8.484421270009944,0.8077684209670869
8.490706026506247,0.8040476291526553
8.496990783002552,0.8002950790374604
8.503275539498855,0.7965109188398574
8.509560295995158,0.7926952980267339
8.515845052491462,0.7888483673076103
8.522129808987765,0.7849702786286901
8.52841456548407,0.7810611851668502
8.534699321980373,0.7771212413236002
8.540984078476678,0.7731506027189745
8.54726883497298,0.7691494261853948
8.553553591469283,0.7651178697614677
8.559838347965588,0.7610560926857455
8.56612310446189,0.7569642553904403
8.572407860958196,0.7528425194950794
8.578692617454498,0.7486910478001304
8.584977373950803,0.7445100042805621
8.591262130447106,0.7402995540793769
8.597546886943409,0.7360598635010794
8.603831643439714,0.7317911000051122
8.610116399936016,0.7274934321992441
8.616401156432321,0.7231670298329028
8.622685912928624,0.7188120637904793
8.628970669424929,0.7144287060845691
8.635255425921232,0.7100171298491871
8.641540182417536,0.7055775093329198
8.647824938913839,0.7011100198920529
8.654109695410142,0.6966148379836359
8.660394451906447,0.6920921411585162
8.66667920840275,0.6875421080543305
8.672963964899054,0.6829649183884391
8.679248721395357,0.6783607529508389
8.685533477891662,0.673729793597011
8.691818234387965,0.6690722232407492
8.698102990884268,0.6643882258469254
8.704387747380572,0.6596779864242275
8.710672503876875,0.654941691017856
8.71695726037318,0.6501795267021664
8.723242016869483,0.6453916815732902
8.729526773365787,0.6405783447416955
8.73581152986209,0.6357397063247279
8.742096286358393,0.6308759574390918
8.748381042854698,0.6259872901933055
8.754665799351,0.6210738976801179
8.760950555847305,0.6161359739688719
8.767235312343608,0.6111737140978499
8.773520068839913,0.6061873140665593
8.779804825336216,0.6011769708280019
8.78608958183252,0.5961428822808835
8.792374338328823,0.5910852472618087
8.798659094825126,0.5860042655374168
8.80494385132143,0.5809001377964966
8.811228607817734,0.575773065642063
8.817513364314038,0.5706232515833843
8.823798120810341,0.5654508990279956
8.830082877306646,0.5602562122736519
8.836367633802949,0.5550393965002713
8.842652390299252,0.5498006577618203
8.848937146795556,0.5445402029781793
8.85522190329186,0.5392582399269742
8.861506659788164,0.5339549772353593
8.867791416284467,0.528630624371789
8.874076172780772,0.5232853916377316
8.880360929277074,0.5179194901593756
8.886645685773377,0.5125331318792796
8.892930442269682,0.5071265295480059
8.899215198765985,0.501699896715721
8.90549995526229,0.49625344772375146
8.911784711758592,0.4907873976961288
8.918069468254897,0.4853019625310809
8.9243542247512,0.4797973588925166
8.930638981247505,0.4742738042014558
8.936923737743808,0.4687315166274536
8.94320849424011,0.46317071507997276
8.949493250736415,0.45759161919974134
8.955778007232718,0.4519944493500825
8.962062763729023,0.44637942660819924
8.968347520225326,0.4407467727564551
8.97463227672163,0.4350967102736014
8.980917033217933,0.4294294623260026
8.987201789714236,0.42374525275881036
8.99348654621054,0.41804430608712706
8.999771302706844,0.41232684748714254
9.006056059203148,0.406593102787229
9.012340815699451,0.4008432984590339
9.018625572195756,0.3950776616085221
9.024910328692059,0.38929641996701836
9.031195085188362,0.3834998018822013
9.037479841684666,0.3776880363090886
9.04376459818097,0.37186135280099897
9.050049354677274,0.36601998150047366
9.056334111173577,0.3601641531301994
9.062618867669881,0.3542940989838822
9.068903624166184,0.3484100509171249
9.075188380662489,0.3425122413382559
9.081473137158792,0.3366009031991632
9.087757893655095,0.330676269986081
9.0940426501514,0.324738575710373
9.100327406647702,0.3187880548992943
9.106612163144007,0.31282494258671595
9.11289691964031,0.3068494743038555
9.119181676136614,0.30086188606996017
9.125466432632917,0.2948624143829983
9.13175118912922,0.28885129621030614
9.138035945625525,0.2828287689792332
9.144320702121828,0.2767950705677694
9.150605458618132,0.2707504392951377
9.156890215114435,0.2646951139123942
9.16317497161074,0.2586293335929847
9.169459728107043,0.25255333792331114
9.175744484603346,0.2464673668932566
9.18202924109965,0.24037166088671136
9.188313997595953,0.23426646067208318
9.194598754092258,0.22815200739277558
9.200883510588561,0.2220285425576768
9.207168267084866,0.2158963080316069
9.213453023581168,0.20975554602577845
9.219737780077473,0.20360649908821576
9.226022536573776,0.1974494100941886
9.232307293070079,0.19128452223660694
9.238592049566384,0.18511207901642054
9.244876806062686,0.17893232423300634
9.251161562558991,0.1727455019745267
9.257446319055294,0.16655185660830232
9.263731075551599,0.16035163277114628
9.270015832047902,0.15414507535971525
9.276300588544204,0.1479324295208245
9.28258534504051,0.14171394064177012
9.288870101536812,0.13548985434064212
9.295154858033117,0.12926041645661057
9.30143961452942,0.12302587304022969
9.307724371025724,0.11678647034370508
9.314009127522027,0.11054245481118143
9.32029388401833,0.10429407306899607
9.326578640514635,0.09804157191594304
9.332863397010938,0.09178519831353031
9.339148153507242,0.08552519937621292
9.345432910003545,0.07926182236164658
9.35171766649985,0.07299531466090735
9.358002422996153,0.0667259237887343
9.364287179492457,0.060453897373739025
9.37057193598876,0.05417948314863897
9.376856692485063,0.04790292894046007
9.383141448981368,0.04162448266075338
9.38942620547767,0.035344392295808394
9.395710961973975,0.029062905896845622
9.401995718470278,0.022780271570233296
9.408280474966583,0.016496737467673415
9.414565231462886,0.01021255177641447
9.420849987959189,0.003927962709436097
9.427134744455493,-0.0023567815043495227
9.433419500951796,-0.008641432629896884
9.439704257448101,-0.014925742435844387
9.445989013944404,-0.021209462704304786
9.452273770440708,-0.027492345240683506
9.458558526937011,-0.03377414188346764
9.464843283433314,-0.040054604514040276
9.471128039929619,-0.04633348506647535
9.477412796425922,-0.05261053553733046
9.483697552922226,-0.058885507995454923
9.48998230941853,-0.06515815459176838
9.496267065914834,-0.07142822756906453
9.502551822411137,-0.07769547927178289
9.508836578907442,-0.08395966215580482
9.515121335403744,-0.09022052879821696
9.521406091900047,-0.09647783190709626
9.527690848396352,-0.10273132433127222
9.533975604892655,-0.10898075907008362
9.54026036138896,-0.11522588928314688
9.546545117885262,-0.12146646830009167
9.552829874381567,-0.12770224963031804
9.55911463087787,-0.13393298697271816
9.565399387374173,-0.14015843422541707
9.571684143870478,-0.14637834549548798
9.57796890036678,-0.15259247510865928
9.584253656863085,-0.1588005776190304
9.590538413359388,-0.16500240781875253
9.596823169855693,-0.17119772074772777
9.603107926351996,-0.17738627170327062
9.609392682848299,-0.1835678162497855
9.615677439344603,-0.18974211022841617
9.621962195840906,-0.19590890976668435
9.62824695233721,-0.2020679712881344
9.634531708833514,-0.20821905152194017
9.640816465329818,-0.21436190751252768
9.647101221826121,-0.22049629662915735
9.653385978322426,-0.22662197657552147
9.659670734818729,-0.2327387053993005
9.665955491315032,-0.23884624150173187
9.672240247811336,-0.24494434364714737
9.67852500430764,-0.25103277097249643
9.684809760803944,-0.2571112829968717
9.691094517300247,-0.26317963963099383
9.697379273796551,-0.2692376011867083
9.703664030292854,-0.27528492838643903
9.709948786789157,-0.2813213823726511
9.716233543285462,-0.28734672471728007
9.722518299781765,-0.29336071743114456
9.72880305627807,-0.299363122973358
9.735087812774372,-0.3053537042606975
9.741372569270677,-0.31133222467698196
9.74765732576698,-0.3172984480824039
9.753942082263283,-0.323252138822869
9.760226838759587,-0.3291930617392984
9.76651159525589,-0.335120982176912
9.772796351752195,-0.3410356659945091
9.779081108248498,-0.3469368795737024
9.785365864744803,-0.35282438982815956
9.791650621241105,-0.35869796421279576
9.797935377737408,-0.36455737073297073
9.804220134233713,-0.3704023779536469
9.810504890730016,-0.37623275500852577
9.81678964722632,-0.38204827160917837
9.823074403722623,-0.3878486980541277
9.829359160218928,-0.3936338052379349
9.835643916715231,-0.39940336466023524
9.841928673211536,-0.40515714843477657
9.848213429707839,-0.4108949292984073
9.854498186204141,-0.41661648062006423
9.860782942700446,-0.42232157640971907
9.867067699196749,-0.42800999132729994
9.873352455693054,-0.4336815006916031
9.879637212189357,-0.4393358804891544
9.885921968685661,-0.4449729073830704
9.892206725181964,-0.45059235872186676
9.898491481678267,-0.4561940125482639
9.904776238174572,-0.461777647607949
9.911060994670875,-0.4673430433583102
9.91734575116718,-0.4728899799771589
9.923630507663482,-0.47841823837139974
9.929915264159787,-0.48392760018569664
9.93620002065609,-0.489417847811085
9.942484777152393,-0.49488876439357793
9.948769533648697,-0.5003401338427266
9.955054290145,-0.5057717408401509
9.961339046641305,-0.511183370848055
9.967623803137608,-0.5165748101176886
9.973908559633912,-0.5219458456978021
9.980193316130215,-0.5272962654430452
9.98647807262652,-0.5326258580223591
9.992762829122823,-0.5379344129273105
9.999047585619126,-0.5432217204804177
10.00533234211543,-0.5484875718434278
10.011617098611733,-0.5537317590255603
10.017901855108038,-0.5589540748917335
10.02418661160434,-0.5641543131707338
10.030471368100645,-0.5693322684633747
10.036756124596948,-0.5744877362505979
10.043040881093251,-0.5796205129015619
10.049325637589556,-0.5847303956816804
10.055610394085859,-0.5898171827606256
10.061895150582163,-0.5948806732203102
10.068179907078466,-0.5999206670628123
10.074464663574771,-0.6049369652182853
10.080749420071074,-0.6099293695528102
10.087034176567377,-0.6148976828762313
10.093318933063681,-0.6198417089499403
10.099603689559984,-0.6247612524946236
10.105888446056289,-0.6296561191979846
10.112173202552592,-0.634526115722408
10.118457959048897,-0.6393710497126073
10.1247427155452,-0.6441907298032113
10.131027472041504,-0.6489849656263337
10.137312228537807,-0.653753567819081
10.14359698503411,-0.6584963480310423
10.149881741530415,-0.6632131189317236
10.156166498026717,-0.6679036942179442
10.162451254523022,-0.6725678886212032
10.168736011019325,-0.6772055179149882
10.17502076751563,-0.6818163989220611
10.181305524011933,-0.6864003495216837
10.187590280508235,-0.6909571886568197
10.19387503700454,-0.6954867363412822
10.200159793500843,-0.6999888136668393
10.206444549997148,-0.7044632428102895
10.21272930649345,-0.7089098470404747
10.219014062989755,-0.7133284507252714
10.225298819486058,-0.7177188793385177
10.231583575982361,-0.7220809594669153
10.237868332478666,-0.7264145188168752
10.244153088974969,-0.7307193862213197
10.250437845471273,-0.734995391646451
10.256722601967576,-0.7392423661984582
10.26300735846388,-0.7434601421301975
10.269292114960184,-0.7476485528478085
10.275576871456488,-0.7518074329173039
10.281861627952791,-0.7559366180710939
10.288146384449094,-0.7600359452144834
10.294431140945399,-0.7641052524321097
10.300715897441702,-0.7681443789943347
10.307000653938006,-0.7721531653636018
10.31328541043431,-0.7761314532007274
10.319570166930614,-0.7800790853711648
10.325854923426917,-0.783995905951201
10.33213967992322,-0.7878817602341242
10.338424436419524,-0.7917364947363299
10.344709192915827,-0.7955599572033806
10.350993949412132,-0.7993519966160273
10.357278705908435,-0.8031124631961654
10.36356346240474,-0.8068412084127593
10.369848218901042,-0.8105380849877009
10.376132975397345,-0.8142029469016336
10.38241773189365,-0.8178356493997174
10.388702488389953,-0.8214360489973427
10.394987244886257,-0.825004003485805
10.40127200138256,-0.8285393719379138
10.407556757878865,-0.8320420147135671
10.413841514375168,-0.8355117934652587
10.420126270871473,-0.8389485711435508
10.426411027367775,-0.842352212002479
10.432695783864078,-0.8457225816049214
10.438980540360383,-0.8490595468279049
10.445265296856686,-0.8523629758678611
10.45155005335299,-0.8556327382458389
10.457834809849293,-0.8588687048126499
10.464119566345598,-0.8620707477539777
10.470404322841901,-0.8652387405954192
10.476689079338204,-0.8683725582074855
10.482973835834509,-0.8714720768105422
10.489258592330811,-0.8745371739796957
10.495543348827116,-0.877567728649635
10.501828105323419,-0.8805636211194062
10.508112861819724,-0.883524733057148
10.514397618316027,-0.8864509475047577
10.52068237481233,-0.8893421488825183
10.526967131308634,-0.8921982229936594
10.533251887804937,-0.8950190570288663
10.539536644301242,-0.8978045395707416
10.545821400797545,-0.9005545605981989
10.55210615729385,-0.9032690114908153
10.558390913790152,-0.9059477850331148
10.564675670286457,-0.90859077541881
10.57096042678276,-0.9111978782549748
10.577245183279063,-0.9137689905661729
10.583529939775367,-0.9163040107985229
10.58981469627167,-0.9188028388237076
10.596099452767975,-0.9212653759429337
10.602384209264278,-0.9236915248908243
10.608668965760582,-0.9260811898392666
10.614953722256885,-0.9284342764011914
10.621238478753188,-0.9307506916343058
10.627523235249493,-0.9330303440447625
10.633807991745796,-0.9352731435907711
10.6400927482421,-0.9374790016861598
10.646377504738403,-0.939647831203869
10.652662261234708,-0.9417795464793971
10.65894701773101,-0.9438740633141802
10.665231774227314,-0.9459312989789213
10.671516530723618,-0.9479511722168563
10.677801287219921,-0.9499336032469619
10.684086043716226,-0.9518785137671103
10.690370800212529,-0.9537858269571585
10.696655556708834,-0.9556554674819857
10.702940313205136,-0.9574873614944656
10.709225069701441,-0.9592814366383866
10.715509826197744,-0.9610376220513066
10.721794582694047,-0.9627558483673544
10.728079339190352,-0.9644360477199686
10.734364095686654,-0.966078153744577
10.740648852182959,-0.9676821015812204
10.746933608679262,-0.9692478278771114
10.753218365175567,-0.97077527078914
10.75950312167187,-0.9722643699863133
10.765787878168172,-0.9737150666521402
10.772072634664477,-0.975127303486955
10.77835739116078,-0.9765010247101777
10.784642147657085,-0.9778361760625216
10.790926904153388,-0.9791327048081319
10.797211660649692,-0.9803905597366726
10.803496417145995,-0.981609691165346
10.809781173642298,-0.9827900509408577
10.816065930138603,-0.9839315924413172
10.822350686634906,-0.9850342705780785
10.82863544313121,-0.9860980417975235
10.834920199627513,-0.9871228640827796
10.841204956123818,-0.9881086969553818
10.84748971262012,-0.9890555014768688
10.853774469116425,-0.989963240250324
10.860059225612728,-0.9908318774218496
10.866343982109031,-0.9916613786819851
10.872628738605336,-0.9924517112670618
10.878913495101639,-0.9932028439604955
10.885198251597943,-0.9939147470940219
10.891483008094246,-0.9945873925488664
10.89776776459055,-0.995220753756856
10.904052521086854,-0.9958148057014679
10.910337277583157,-0.996369524918818
10.916622034079461,-0.996884889498588
10.922906790575764,-0.9973608790848898
10.929191547072069,-0.9977974748770706
10.935476303568372,-0.9981946596304547
10.941761060064676,-0.9985524176570254
10.94804581656098,-0.9988707348260435
10.954330573057282,-0.9991495985646069
10.960615329553587,-0.9993889978581462
10.96690008604989,-0.9995889232508596
10.973184842546194,-0.9997493668460873
10.979469599042497,-0.9998703223066225
10.985754355538802,-0.9999517848549625
10.992039112035105,-0.9999937512734968
10.998323868531408,-0.9999962199046342
11.004608625027712,-0.9999591906508686
11.010893381524015,-0.9998826649747828
11.01717813802032,-0.9997666458989907
11.023462894516623,-0.9996111380060175
11.029747651012928,-0.9994161474381195
11.03603240750923,-0.9991816818970406
11.042317164005535,-0.998907750643709
11.048601920501838,-0.9985943644978704
11.05488667699814,-0.998241535837662
11.061171433494446,-0.9978492785991216
11.067456189990748,-0.9974176082756396
11.073740946487053,-0.996946541917345
11.080025702983356,-0.9964360981304331
11.08631045947966,-0.9958862970764296
11.092595215975964,-0.9952971604713959
11.098879972472266,-0.9946687115850695
11.105164728968571,-0.9940009752399459
11.111449485464874,-0.9932939778102985
11.117734241961179,-0.9925477472211354
11.124018998457482,-0.9917623129470985
11.130303754953786,-0.990937706011297
11.136588511450089,-0.9900739589840847
11.142873267946392,-0.9891711059817706
11.149158024442697,-0.9882291826652734
11.155442780939,-0.987248226238713
11.161727537435304,-0.9862282754479392
11.168012293931607,-0.985169370579004
11.174297050427912,-0.9840715534565675
11.180581806924215,-0.9829348674422484
11.18686656342052,-0.9817593574329094
11.193151319916822,-0.9805450698588856
11.199436076413125,-0.9792920526821488
11.20572083290943,-0.9780003553944139
11.212005589405733,-0.9766700290151853
11.218290345902037,-0.9753011260897392
11.22457510239834,-0.9738937006870508
11.230859858894645,-0.9724478083976562
11.237144615390948,-0.9709635063314591
11.24342937188725,-0.969440853115473
11.249714128383555,-0.9678799088915063
11.255998884879858,-0.9662807353137882
11.262283641376163,-0.9646433955465304
11.268568397872466,-0.9629679542614361
11.27485315436877,-0.9612544776351416
11.281137910865073,-0.959503033346606
11.287422667361376,-0.9577136905744355
11.293707423857681,-0.9558865199941514
11.299992180353984,-0.954021593775401
11.306276936850288,-0.9521189855791027
11.312561693346591,-0.9501787705545413
11.318846449842896,-0.948201025336395
11.325131206339199,-0.9461858280417134
11.331415962835504,-0.9441332582668268
11.337700719331806,-0.9420433970842078
11.34398547582811,-0.9399163270392641
11.350270232324414,-0.9377521321470805
11.356554988820717,-0.9355508978891023
11.362839745317022,-0.9333127112097541
11.369124501813324,-0.9310376605130112
11.37540925830963,-0.9287258356589027
11.381694014805932,-0.9263773279599669
11.387978771302235,-0.9239922301776406
11.39426352779854,-0.921570636518597
11.400548284294842,-0.9191126426310268
11.406833040791147,-0.916618345600855
11.41311779728745,-0.9140878439479124
11.419402553783755,-0.9115212376220387
11.425687310280058,-0.9089186279991397
11.43197206677636,-0.9062801178771785
11.438256823272665,-0.9036058114721175
11.444541579768968,-0.9008958144138041
11.450826336265273,-0.8981502337417931
11.457111092761576,-0.8953691779011257
11.46339584925788,-0.8925527567380387
11.469680605754183,-0.8897010814956333
11.475965362250488,-0.8868142648094742
11.48225011874679,-0.8838924207031472
11.488534875243094,-0.88093566458375
11.494819631739398,-0.8779441132373361
11.501104388235701,-0.8749178848243045
11.507389144732006,-0.8718570988747271
11.513673901228309,-0.8687618762836335
11.519958657724613,-0.86563233930623
11.526243414220916,-0.8624686115530767
11.53252817071722,-0.8592708179852
11.538812927213524,-0.8560390849091585
11.545097683709827,-0.8527735399720577
11.551382440206131,-0.8494743121565015
11.557667196702434,-0.8461415317755048
11.563951953198739,-0.8427753304673391
11.570236709695042,-0.8393758411903409
11.576521466191345,-0.8359431982176531
11.58280622268765,-0.8324775371319239
11.589090979183952,-0.8289789948199557
11.595375735680257,-0.8254477094672904
11.60166049217656,-0.8218838205527595
11.607945248672864,-0.8182874688429674
11.614230005169167,-0.814658796386739
11.620514761665472,-0.810997946509501
11.626799518161775,-0.8073050638076292
11.633084274658078,-0.8035802941427298
11.639369031154382,-0.7998237846358814
11.645653787650685,-0.7960356836618271
11.65193854414699,-0.7922161408431068
11.658223300643293,-0.7883653070441553
11.664508057139598,-0.7844833343653357
11.6707928136359,-0.7805703761369399
11.677077570132203,-0.7766265869131247
11.683362326628508,-0.7726521224658107
11.689647083124811,-0.7686471397785328
11.695931839621116,-0.764611797040232
11.702216596117418,-0.760546253639016
11.708501352613723,-0.7564506701558548
11.714786109110026,-0.7523252083582473
11.721070865606329,-0.7481700311938237
11.727355622102634,-0.7439853027839126
11.733640378598936,-0.739771188417062
11.739925135095241,-0.7355278545425031
11.746209891591544,-0.7312554687635848
11.752494648087849,-0.7269541998311445
11.758779404584152,-0.7226242176368518
11.765064161080456,-0.7182656932064893
11.77134891757676,-0.7138787986932063
11.777633674073062,-0.7094637073707113
11.783918430569367,-0.7050205936264312
11.79020318706567,-0.700549632954627
11.796487943561974,-0.6960510019494538
11.802772700058277,-0.6915248782979955
11.809057456554582,-0.6869714407732364
11.815342213050885,-0.68239086922701
11.821626969547188,-0.6777833445828869
11.827911726043492,-0.6731490488290317
11.834196482539795,-0.6684881650110193
11.8404812390361,-0.6638008772245954
11.846765995532403,-0.659087370608416
11.853050752028707,-0.6543478313367243
11.85933550852501,-0.6495824466120068
11.865620265021313,-0.6447914046575914
11.871905021517618,-0.6399748947102157
11.87818977801392,-0.6351331070125571
11.884474534510225,-0.6302662328057088
11.890759291006528,-0.6253744643216376
11.897044047502833,-0.6204579947755796
11.903328803999136,-0.61551701835842
11.90961356049544,-0.6105517302290115
11.915898316991743,-0.6055623265064773
11.922183073488046,-0.6005490042624549
11.928467829984351,-0.5955119615133164
11.934752586480654,-0.5904513972123514
11.941037342976959,-0.585367511241899
11.947322099473261,-0.5802605044054641
11.953606855969566,-0.5751305784197743
11.959891612465869,-0.5699779359068249
11.966176368962172,-0.5648027803858645
11.972461125458477,-0.5596053162653615
11.97874588195478,-0.5543857488349343
11.985030638451084,-0.5491442842572332
11.991315394947387,-0.543881129559808
11.997600151443692,-0.5385964926269203
12.003884907939995,-0.5332905821913433
12.010169664436297,-0.5279636078261074
12.016454420932602,-0.5226157799362269
12.022739177428905,-0.5172473097503937
12.02902393392521,-0.5118584093126237
12.035308690421513,-0.5064492914738941
12.041593446917817,-0.5010201698837229
12.04787820341412,-0.4955712589817437
12.054162959910425,-0.4901027739892226
12.060447716406728,-0.48461493090056995
12.06673247290303,-0.47910794647479826
12.073017229399335,-0.47358203822696526
12.079301985895638,-0.468037424419587
12.085586742391943,-0.4624743240540063
12.091871498888246,-0.45689295686175474
12.09815625538455,-0.4512935432958615
12.104441011880853,-0.44567630452215834
12.110725768377156,-0.44004146241053294
12.11701052487346,-0.43438923952617015
12.123295281369764,-0.428719859120766
12.129580037866068,-0.4230335451236985
12.135864794362371,-0.4173305221331957
12.142149550858676,-0.4116110154074515
12.148434307354979,-0.4058752508557414
12.154719063851282,-0.4001234550294883
12.161003820347586,-0.39435585511331894
12.16728857684389,-0.3885726789160953
12.173573333340194,-0.38277415486190547
12.179858089836497,-0.37696051198105407
12.186142846332801,-0.3711319799010033
12.192427602829104,-0.36528878883731586
12.198712359325409,-0.359431169584549
12.204997115821712,-0.35355935350715173
12.211281872318015,-0.3476735725303146
12.21756662881432,-0.3417740591308144
12.223851385310622,-0.3358610463278364
12.230136141806927,-0.32993476767375934
12.23642089830323,-0.32399545724494355
12.242705654799535,-0.3180433496324722
12.248990411295837,-0.31207867993289873
12.25527516779214,-0.3061016837389493
12.261559924288445,-0.3001125971302223
12.267844680784748,-0.29411165666386896
12.274129437281053,-0.2880990993652377
12.280414193777355,-0.2820751627185257
12.28669895027366,-0.2760400846573854
12.292983706769963,-0.2699941035555398
12.299268463266266,-0.26393745821735576
12.30555321976257,-0.2578703878684162
12.311837976258873,-0.25179313214607674
12.318122732755178,-0.24570593108998845
12.324407489251481,-0.23960902513263027
12.330692245747786,-0.2335026550897988
12.336977002244089,-0.2273870621511104
12.343261758740391,-0.2212624878704624
12.349546515236696,-0.21512917415649754
12.355831271732999,-0.20898736326305417
12.362116028229304,-0.2028372977795856
12.368400784725607,-0.19667922062159215
12.374685541221911,-0.1905133750210126
12.380970297718214,-0.1843400045166309
12.387255054214519,-0.1781593529444429
12.393539810710822,-0.17197166442803938
12.399824567207125,-0.16577718336895125
12.40610932370343,-0.15957615443700154
12.412394080199732,-0.15336882256064666
12.418678836696037,-0.14715543291728989
12.42496359319234,-0.14093623092361143
12.431248349688644,-0.13471146222586086
12.437533106184947,-0.12848137269016868
12.44381786268125,-0.12224620839282273
12.450102619177555,-0.11600621561055396
12.456387375673858,-0.10976164081081428
12.462672132170162,-0.10351273064202925
12.468956888666465,-0.09725973192386997
12.47524164516277,-0.09100289163749022
12.481526401659073,-0.08474245691578519
12.487811158155376,-0.07847867503361794
12.49409591465168,-0.07221179339805774
12.500380671147983,-0.06594205953861336
12.506665427644288,-0.05966972109744372
12.51295018414059,-0.0533950258195907
12.519234940636895,-0.04711822154317947
12.525519697133198,-0.040839556189643626
12.531804453629503,-0.03455927775391854
12.538089210125806,-0.028277634294660254
12.544373966622109,-0.021994873924435242
12.550658723118413,-0.01571124479992576
12.556943479614716,-0.009426995112133475
12.563228236111021,-0.003142373076563985
12.569512992607324,0.003142373076563005
12.575797749103629,0.009426995112132495
12.582082505599931,0.01571124479992478
12.588367262096234,0.021994873924432487
12.594652018592539,0.028277634294659276
12.600936775088842,0.03455927775391756
12.607221531585147,0.04083955618964265
12.61350628808145,0.04711822154317849
12.619791044577754,0.05339502581958972
12.626075801074057,0.05966972109744274
12.63236055757036,0.06594205953861061
12.638645314066665,0.07221179339805676
12.644930070562967,0.07847867503361519
12.651214827059272,0.08474245691578422
12.657499583555575,0.09100289163748924
12.66378434005188,0.097259731923869
12.670069096548183,0.10351273064202826
12.676353853044487,0.10976164081081331
12.68263860954079,0.11600621561055299
12.688923366037093,0.12224620839282
12.695208122533398,0.1284813726901677
12.7014928790297,0.1347114622258599
12.707777635526005,0.14093623092361046
12.714062392022308,0.14715543291728891
12.720347148518613,0.15336882256064568
12.726631905014916,0.15957615443700057
12.732916661511219,0.16577718336894853
12.739201418007523,0.1719716644280384
12.745486174503826,0.17815935294444196
12.75177093100013,0.18434000451662994
12.758055687496434,0.19051337502101165
12.764340443992738,0.19667922062159118
12.770625200489041,0.20283729777958465
12.776909956985344,0.20898736326305148
12.783194713481649,0.21512917415649657
12.789479469977952,0.2212624878704597
12.795764226474256,0.22738706215110943
12.80204898297056,0.23350265508979787
12.808333739466864,0.2396090251326293
12.814618495963167,0.2457059310899875
12.820903252459471,0.2517931321460758
12.827188008955774,0.25787038786841526
12.833472765452077,0.2639374582173531
12.839757521948382,0.2699941035555389
12.846042278444685,0.27604008465738444
12.85232703494099,0.28207516271852473
12.858611791437292,0.28809909936523675
12.864896547933597,0.294111656663868
12.8711813044299,0.30011259713022137
12.877466060926203,0.3061016837389467
12.883750817422507,0.3120786799328978
12.89003557391881,0.3180433496324713
12.896320330415115,0.32399545724494266
12.902605086911418,0.3299347676737584
12.908889843407723,0.3358610463278355
12.915174599904025,0.34177405913081343
12.921459356400328,0.347673572530312
12.927744112896633,0.3535593535071508
12.934028869392936,0.3594311695845481
12.94031362588924,0.36528878883731497
12.946598382385544,0.3711319799010024
12.952883138881848,0.3769605119810532
12.959167895378151,0.3827741548619046
12.965452651874456,0.3885726789160944
12.971737408370759,0.39435585511331805
12.978022164867062,0.4001234550294858
12.984306921363366,0.4058752508557405
12.990591677859669,0.4116110154074506
12.996876434355974,0.4173305221331948
13.003161190852277,0.4230335451236976
13.009445947348581,0.4287198591207651
13.015730703844884,0.43438923952616926
13.022015460341187,0.4400414624105305
13.028300216837492,0.4456763045221575
13.034584973333795,0.45129354329586063
13.0408697298301,0.45689295686175385
13.047154486326402,0.4624743240540054
13.053439242822707,0.4680374244195862
13.05972399931901,0.4735820382269644
13.066008755815313,0.4791079464747959
13.072293512311617,0.4846149309005691
13.07857826880792,0.49010277398922175
13.084863025304225,0.49557125898174287
13.091147781800528,0.5010201698837221
13.097432538296832,0.5064492914738932
13.103717294793135,0.5118584093126229
13.11000205128944,0.5172473097503928
13.116286807785743,0.5226157799362261
13.122571564282046,0.5279636078261051
13.12885632077835,0.5332905821913425
13.135141077274653,0.5385964926269194
13.141425833770958,0.5438811295598072
13.14771059026726,0.5491442842572323
13.153995346763566,0.5543857488349335
13.160280103259868,0.5596053162653606
13.166564859756171,0.5648027803858622
13.172849616252476,0.5699779359068241
13.179134372748779,0.5751305784197736
13.185419129245084,0.5802605044054633
13.191703885741386,0.5853675112418982
13.197988642237691,0.5904513972123506
13.204273398733994,0.5955119615133156
13.210558155230297,0.6005490042624527
13.216842911726602,0.6055623265064765
13.223127668222904,0.6105517302290108
13.229412424719209,0.6155170183584192
13.235697181215512,0.6204579947755788
13.241981937711817,0.6253744643216368
13.24826669420812,0.630266232805708
13.254551450704424,0.6351331070125563
13.260836207200727,0.639974894710215
13.26712096369703,0.6447914046575894
13.273405720193335,0.6495824466120061
13.279690476689638,0.6543478313367235
13.285975233185942,0.6590873706084153
13.292259989682245,0.6638008772245946
13.29854474617855,0.6684881650110185
13.304829502674853,0.673149048829031
13.311114259171156,0.6777833445828849
13.31739901566746,0.6823908692270093
13.323683772163763,0.6869714407732356
13.329968528660068,0.6915248782979948
13.33625328515637,0.6960510019494531
13.342538041652675,0.7005496329546262
13.348822798148978,0.7050205936264304
13.355107554645281,0.7094637073707094
13.361392311141586,0.7138787986932056
13.367677067637889,0.7182656932064886
13.373961824134193,0.7226242176368511
13.380246580630496,0.7269541998311438
13.3865313371268,0.7312554687635842
13.392816093623104,0.7355278545425025
13.399100850119408,0.7397711884170614
13.405385606615711,0.743985302783912
13.411670363112014,0.748170031193822
13.417955119608319,0.7523252083582468
13.424239876104622,0.7564506701558541
13.430524632600926,0.7605462536390153
13.43680938909723,0.7646117970402313
13.443094145593534,0.7686471397785322
13.449378902089837,0.77265212246581
13.45566365858614,0.776626586913123
13.461948415082444,0.7805703761369392
13.468233171578747,0.7844833343653351
13.474517928075052,0.7883653070441546
13.480802684571355,0.7922161408431061
13.48708744106766,0.7960356836618265
13.493372197563962,0.7998237846358808
13.499656954060265,0.8035802941427281
13.50594171055657,0.8073050638076286
13.512226467052873,0.8109979465095004
13.518511223549178,0.8146587963867384
13.52479598004548,0.8182874688429669
13.531080736541785,0.821883820552759
13.537365493038088,0.8254477094672898
13.543650249534391,0.8289789948199542
13.549935006030696,0.8324775371319234
13.556219762526998,0.8359431982176515
13.562504519023303,0.8393758411903405
13.568789275519606,0.8427753304673387
13.57507403201591,0.8461415317755042
13.581358788512214,0.849474312156501
13.587643545008518,0.8527735399720573
13.593928301504821,0.856039084909158
13.600213058001124,0.8592708179851986
13.606497814497429,0.8624686115530763
13.612782570993732,0.8656323393062295
13.619067327490036,0.8687618762836331
13.62535208398634,0.8718570988747266
13.631636840482644,0.8749178848243041
13.637921596978947,0.8779441132373357
13.64420635347525,0.8809356645837487
13.650491109971554,0.8838924207031468
13.656775866467857,0.8868142648094738
13.663060622964162,0.8897010814956329
13.669345379460465,0.8925527567380382
13.67563013595677,0.8953691779011252
13.681914892453072,0.8981502337417927
13.688199648949375,0.9008958144138028
13.69448440544568,0.9036058114721172
13.700769161941983,0.9062801178771773
13.707053918438287,0.9089186279991393
13.71333867493459,0.9115212376220384
13.719623431430895,0.9140878439479121
13.725908187927198,0.9166183456008545
13.732192944423502,0.9191126426310263
13.738477700919805,0.9215706365185967
13.744762457416108,0.9239922301776395
13.751047213912413,0.9263773279599664
13.757331970408716,0.9287258356589022
13.76361672690502,0.9310376605130108
13.769901483401323,0.9333127112097537
13.776186239897628,0.935550897889102
13.782470996393931,0.9377521321470802
13.788755752890234,0.9399163270392632
13.795040509386538,0.9420433970842075
13.801325265882841,0.9441332582668265
13.807610022379146,0.946185828041713
13.813894778875449,0.9482010253363947
13.820179535371754,0.950178770554541
13.826464291868056,0.9521189855791024
13.83274904836436,0.9540215937754001
13.839033804860664,0.9558865199941511
13.845318561356967,0.9577136905744347
13.851603317853272,0.9595030333466057
13.857888074349574,0.9612544776351413
13.86417283084588,0.9629679542614359
13.870457587342182,0.9646433955465302
13.876742343838487,0.966280735313788
13.88302710033479,0.9678799088915061
13.889311856831092,0.9694408531154723
13.895596613327397,0.9709635063314589
13.9018813698237,0.972447808397656
13.908166126320005,0.9738937006870506
13.914450882816308,0.975301126089739
13.920735639312612,0.9766700290151851
13.927020395808915,0.9780003553944137
13.933305152305218,0.9792920526821483
13.939589908801523,0.9805450698588855
13.945874665297826,0.9817593574329092
13.95215942179413,0.9829348674422483
13.958444178290433,0.9840715534565673
13.964728934786738,0.9851693705790039
13.97101369128304,0.9862282754479391
13.977298447779344,0.9872482262387126
13.983583204275648,0.9882291826652733
13.989867960771951,0.9891711059817702
13.996152717268256,0.9900739589840845
14.002437473764559,0.9909377060112969
14.008722230260863,0.9917623129470984
14.015006986757166,0.9925477472211353
14.021291743253471,0.9932939778102984
14.027576499749774,0.9940009752399459
14.033861256246077,0.9946687115850693
14.040146012742381,0.9952971604713958
14.046430769238684,0.9958862970764295
14.052715525734989,0.996436098130433
14.059000282231292,0.996946541917345
14.065285038727597,0.9974176082756396
14.0715697952239,0.9978492785991215
14.077854551720202,0.9982415358376617
14.084139308216507,0.9985943644978704
14.09042406471281,0.9989077506437088
14.096708821209115,0.9991816818970406
14.102993577705417,0.9994161474381195
14.109278334201722,0.9996111380060175
14.115563090698025,0.9997666458989907
14.121847847194328,0.9998826649747828
14.128132603690633,0.9999591906508686
14.134417360186935,0.999996219904634
14.14070211668324,0.9999937512734968
14.146986873179543,0.9999517848549626
14.153271629675848,0.9998703223066225
14.15955638617215,0.9997493668460873
14.165841142668455,0.9995889232508596
14.172125899164758,0.9993889978581462
14.178410655661061,0.999149598564607
14.184695412157366,0.9988707348260436
14.190980168653669,0.9985524176570254
14.197264925149973,0.9981946596304548
14.203549681646276,0.9977974748770707
14.20983443814258,0.9973608790848899
14.216119194638884,0.9968848894985881
14.222403951135187,0.9963695249188183
14.228688707631491,0.995814805701468
14.234973464127794,0.9952207537568561
14.241258220624099,0.9945873925488665
14.247542977120402,0.993914747094022
14.253827733616706,0.9932028439604956
14.26011249011301,0.9924517112670619
14.266397246609312,0.9916613786819855
14.272682003105617,0.9908318774218497
14.27896675960192,0.9899632402503241
14.285251516098224,0.989055501476869
14.291536272594527,0.988108696955382
14.297821029090832,0.9871228640827798
14.304105785587135,0.9860980417975237
14.31039054208344,0.9850342705780787
14.316675298579742,0.9839315924413173
14.322960055076045,0.9827900509408583
14.32924481157235,0.9816096911653462
14.335529568068653,0.9803905597366728
14.341814324564957,0.9791327048081321
14.34809908106126,0.9778361760625218
14.354383837557565,0.976501024710178
14.360668594053868,0.9751273034869552
14.36695335055017,0.9737150666521409
14.373238107046475,0.9722643699863135
14.379522863542778,0.9707752707891403
14.385807620039083,0.9692478278771116
14.392092376535386,0.9676821015812206
14.39837713303169,0.9660781537445773
14.404661889527993,0.9644360477199689
14.410946646024296,0.9627558483673551
14.417231402520601,0.9610376220513068
14.423516159016904,0.9592814366383868
14.429800915513209,0.9574873614944658
14.436085672009511,0.9556554674819859
14.442370428505816,0.9537858269571587
14.448655185002119,0.9518785137671106
14.454939941498424,0.9499336032469621
14.461224697994727,0.9479511722168567
14.46750945449103,0.9459312989789221
14.473794210987334,0.9438740633141804
14.480078967483637,0.9417795464793974
14.486363723979942,0.9396478312038693
14.492648480476245,0.9374790016861602
14.49893323697255,0.9352731435907714
14.505217993468852,0.9330303440447628
14.511502749965155,0.9307506916343068
14.51778750646146,0.9284342764011917
14.524072262957763,0.9260811898392669
14.530357019454067,0.9236915248908246
14.53664177595037,0.9212653759429341
14.542926532446675,0.9188028388237081
14.549211288942978,0.9163040107985233
14.55549604543928,0.913768990566174
14.561780801935585,0.9111978782549752
14.568065558431888,0.9085907754188104
14.574350314928193,0.9059477850331151
14.580635071424496,0.9032690114908156
14.5869198279208,0.9005545605981994
14.593204584417103,0.897804539570742
14.599489340913408,0.8950190570288667
14.60577409740971,0.8921982229936597
14.612058853906014,0.8893421488825195
14.618343610402318,0.8864509475047583
14.624628366898621,0.8835247330571484
14.630913123394926,0.8805636211194067
14.637197879891229,0.8775677286496354
14.643482636387533,0.8745371739796961
14.649767392883836,0.8714720768105426
14.65605214938014,0.8683725582074868
14.662336905876444,0.8652387405954197
14.668621662372747,0.8620707477539783
14.674906418869051,0.8588687048126503
14.681191175365354,0.8556327382458394
14.687475931861659,0.8523629758678617
14.693760688357962,0.8490595468279054
14.700045444854265,0.8457225816049229
14.70633020135057,0.8423522120024796
14.712614957846872,0.8389485711435513
14.718899714343177,0.8355117934652593
14.72518447083948,0.8320420147135676
14.731469227335785,0.8285393719379144
14.737753983832087,0.8250040034858056
14.744038740328392,0.8214360489973432
14.750323496824695,0.817835649399718
14.756608253320998,0.8142029469016352
14.762893009817303,0.8105380849877014
14.769177766313605,0.8068412084127599
14.77546252280991,0.8031124631961659
14.781747279306213,0.7993519966160278
14.788032035802518,0.7955599572033812
14.79431679229882,0.7917364947363305
14.800601548795123,0.7878817602341259
14.806886305291428,0.7839959059512017
14.813171061787731,0.7800790853711653
14.819455818284036,0.7761314532007281
14.825740574780339,0.7721531653636025
14.832025331276643,0.7681443789943354
14.838310087772946,0.7641052524321102
14.844594844269249,0.7600359452144851
14.850879600765554,0.7559366180710946
14.857164357261857,0.7518074329173046
14.863449113758161,0.7476485528478092
14.869733870254464,0.7434601421301981
14.876018626750769,0.7392423661984588
14.882303383247072,0.7349953916464517
14.888588139743375,0.7307193862213216
14.89487289623968,0.7264145188168759
14.901157652735982,0.7220809594669172
14.907442409232287,0.7177188793385184
14.91372716572859,0.7133284507252721
14.920011922224894,0.7089098470404753
14.926296678721197,0.7044632428102902
14.932581435217502,0.6999888136668401
14.938866191713805,0.6954867363412829
14.945150948210108,0.6909571886568217
14.951435704706412,0.6864003495216844
14.957720461202715,0.6818163989220618
14.96400521769902,0.6772055179149888
14.970289974195323,0.6725678886212039
14.976574730691627,0.6679036942179448
14.98285948718793,0.6632131189317244
14.989144243684233,0.6584963480310444
14.995429000180538,0.6537535678190818
15.00171375667684,0.6489849656263345
15.007998513173145,0.6441907298032121
15.014283269669448,0.639371049712608
15.020568026165753,0.6345261157224087
15.026852782662056,0.6296561191979853
15.033137539158359,0.6247612524946257
15.039422295654663,0.6198417089499411
15.045707052150966,0.6148976828762335
15.051991808647271,0.609929369552811
15.058276565143574,0.6049369652182861
15.064561321639879,0.5999206670628131
15.070846078136181,0.5948806732203111
15.077130834632486,0.5898171827606263
15.083415591128789,0.5847303956816812
15.089700347625092,0.5796205129015641
15.095985104121397,0.5744877362505987
15.1022698606177,0.5693322684633756
15.108554617114004,0.5641543131707347
15.114839373610307,0.5589540748917344
15.121124130106612,0.5537317590255612
15.127408886602915,0.5484875718434287
15.133693643099217,0.5432217204804201
15.139978399595522,0.5379344129273114
15.146263156091825,0.53262585802236
15.15254791258813,0.5272962654430461
15.158832669084433,0.5219458456978029
15.165117425580737,0.5165748101176895
15.17140218207704,0.5111833708480559
15.177686938573343,0.5057717408401533
15.183971695069648,0.5003401338427275
15.19025645156595,0.4948887643935803
15.196541208062255,0.4894178478110858
15.202825964558558,0.48392760018569747
15.209110721054863,0.47841823837140063
15.215395477551166,0.4728899799771598
15.22168023404747,0.46734304335831106
15.227964990543773,0.46177764760794987
15.234249747040076,0.4561940125482664
15.24053450353638,0.45059235872186765
15.246819260032684,0.44497290738307127
15.253104016528988,0.4393358804891553
15.259388773025291,0.433681500691604
15.265673529521596,0.42800999132730083
15.271958286017899,0.42232157640971996
15.278243042514202,0.41661648062006673
15.284527799010506,0.4108949292984082
15.29081255550681,0.4051571484347775
15.297097312003114,0.3994033646602361
15.303382068499417,0.3936338052379358
15.309666824995722,0.3878486980541286
15.315951581492024,0.38204827160917926
15.322236337988327,0.3762327550085283
15.328521094484632,0.3704023779536478
15.334805850980935,0.3645573707329733
15.34109060747724,0.3586979642127967
15.347375363973542,0.3528243898281605
15.353660120469847,0.34693687957370334
15.35994487696615,0.34103566599450996
15.366229633462455,0.33512098217691294
15.372514389958758,0.3291930617392993
15.37879914645506,0.3232521388228716
15.385083902951365,0.31729844808240487
15.391368659447668,0.31133222467698285
15.397653415943973,0.30535370426069847
15.403938172440276,0.29936312297335893
15.41022292893658,0.2933607174311455
15.416507685432883,0.287346724717281
15.422792441929186,0.28132138237265375
15.42907719842549,0.27528492838644
15.435361954921794,0.26923760118670925
15.441646711418098,0.2631796396309948
15.447931467914401,0.25711128299687264
15.454216224410706,0.2510327709724974
15.460500980907009,0.24494434364714832
15.466785737403312,0.23884624150173456
15.473070493899616,0.23273870539930147
15.479355250395919,0.2266219765755224
15.485640006892224,0.2204962966291583
15.491924763388527,0.21436190751252862
15.498209519884831,0.20821905152194115
15.504494276381134,0.20206797128813536
15.510779032877439,0.1959089097666853
15.517063789373742,0.1897421102284171
15.523348545870045,0.1835678162497882
15.52963330236635,0.1773862717032716
15.535918058862652,0.17119772074772874
15.542202815358957,0.1650024078187535
15.54848757185526,0.15880057761903138
15.554772328351564,0.15259247510866025
15.561057084847867,0.14637834549548895
15.56734184134417,0.1401584342254198
15.573626597840475,0.13393298697271913
15.579911354336778,0.127702249630319
15.586196110833082,0.12146646830009265
15.592480867329385,0.11522588928314785
15.59876562382569,0.10898075907008459
15.605050380321993,0.10273132433127319
15.611335136818296,0.09647783190709901
15.6176198933146,0.09022052879821794
15.623904649810903,0.0839596621558058
15.630189406307208,0.07769547927178386
15.63647416280351,0.07142822756906551
15.642758919299816,0.06515815459176935
15.649043675796118,0.0588855079954559
15.655328432292423,0.052610535537331436
15.661613188788726,0.046333485066476325
15.667897945285029,0.04005460451404303
15.674182701781334,0.03377414188346862
15.680467458277636,0.027492345240684484
15.686752214773941,0.021209462704305765
15.693036971270244,0.014925742435845367
15.699321727766549,0.008641432629897862
15.705606484262852,0.0023567815043505024
15.711891240759154,-0.00392796270943334
15.718175997255459,-0.01021255177641349
15.724460753751762,-0.016496737467672433
15.730745510248067,-0.022780271570232314
15.73703026674437,-0.029062905896844644
15.743315023240674,-0.035344392295807416
15.749599779736977,-0.0416244826607524
15.75588453623328,-0.047902928940457314
15.762169292729585,-0.05417948314863799
15.768454049225888,-0.06045389737373805
15.774738805722192,-0.06672592378873332
15.781023562218495,-0.07299531466090638
15.7873083187148,-0.07926182236164561
15.793593075211103,-0.08552519937621195
15.799877831707407,-0.09178519831352934
15.80616258820371,-0.09804157191594207
15.812447344700013,-0.10429407306899333
15.818732101196318,-0.11054245481118045
15.82501685769262,-0.11678647034370411
15.831301614188925,-0.12302587304022872
15.837586370685228,-0.1292604164566096
15.843871127181533,-0.13548985434064115
15.850155883677836,-0.14171394064176915
15.856440640174139,-0.14793242952082178
15.862725396670443,-0.15414507535971428
15.869010153166746,-0.1603516327711453
15.875294909663051,-0.16655185660830135
15.881579666159354,-0.17274550197452573
15.887864422655658,-0.17893232423300537
15.894149179151961,-0.18511207901641957
15.900433935648264,-0.19128452223660422
15.906718692144569,-0.19744941009418765
15.913003448640872,-0.2036064990882148
15.919288205137176,-0.20975554602577748
15.92557296163348,-0.21589630803160592
15.931857718129784,-0.22202854255767582
15.938142474626087,-0.2281520073927746
15.944427231122392,-0.23426646067208223
15.950711987618694,-0.24037166088671041
15.956996744114997,-0.24646736689325394
15.963281500611302,-0.2525533379233102
15.969566257107605,-0.25862933359298373
15.97585101360391,-0.26469511391239325
15.982135770100212,-0.27075043929513676
15.988420526596517,-0.2767950705677685
15.99470528309282,-0.28282876897923226
16.000990039589123,-0.28885129621030353
16.007274796085426,-0.2948624143829957
16.013559552581732,-0.30086188606996095
16.019844309078035,-0.30684947430385456
16.026129065574338,-0.312824942586715
16.03241382207064,-0.3187880548992917
16.038698578566947,-0.3247385757103738
16.04498333506325,-0.3306762699860801
16.051268091559553,-0.33660090319916225
16.057552848055856,-0.34251224133825503
16.06383760455216,-0.3484100509171223
16.070122361048465,-0.354294098983883
16.07640711754477,-0.3601641531301985
16.08269187404107,-0.3660199815004727
16.088976630537374,-0.3718613528009964
16.095261387033677,-0.37768803630908604
16.101546143529983,-0.3834998018822004
16.107830900026286,-0.38929641996701747
16.11411565652259,-0.3950776616085212
16.120400413018892,-0.4008432984590313
16.1266851695152,-0.4065931027872297
16.1329699260115,-0.41232684748714166
16.139254682507804,-0.41804430608712617
16.145539439004107,-0.42374525275880787
16.15182419550041,-0.4294294623260001
16.158108951996716,-0.43509671027360214
16.16439370849302,-0.4407467727564542
16.170678464989322,-0.44637942660819835
16.176963221485625,-0.45199444935008004
16.18324797798193,-0.45759161919974206
16.189532734478234,-0.4631707150799719
16.195817490974537,-0.46873151662745277
16.20210224747084,-0.47427380420145493
16.208387003967143,-0.47979735889251424
16.21467176046345,-0.4853019625310816
16.220956516959752,-0.49078739769612795
16.227241273456055,-0.49625344772375063
16.23352602995236,-0.5016998967157187
16.23981078644866,-0.5071265295480035
16.246095542944968,-0.5125331318792788
16.25238029944127,-0.5179194901593748
16.258665055937573,-0.5232853916377308
16.264949812433876,-0.5286306243717867
16.271234568930183,-0.53395497723536
16.277519325426486,-0.5392582399269734
16.28380408192279,-0.5445402029781785
16.29008883841909,-0.5498006577618181
16.296373594915394,-0.555039396500269
16.3026583514117,-0.5602562122736525
16.308943107908004,-0.5654508990279948
16.315227864404307,-0.5706232515833836
16.32151262090061,-0.5757730656420607
16.327797377396916,-0.5809001377964973
16.33408213389322,-0.586004265537416
16.34036689038952,-0.5910852472618079
16.346651646885825,-0.5961428822808827
16.352936403382127,-0.6011769708279998
16.359221159878434,-0.60618731406656
16.365505916374737,-0.6111737140978492
16.37179067287104,-0.6161359739688711
16.378075429367343,-0.6210738976801157
16.384360185863645,-0.6259872901933032
16.390644942359952,-0.630875957439091
16.396929698856255,-0.6357397063247272
16.403214455352558,-0.6405783447416948
16.40949921184886,-0.6453916815732881
16.415783968345167,-0.6501795267021669
16.42206872484147,-0.6549416910178553
16.428353481337773,-0.6596779864242267
16.434638237834076,-0.6643882258469233
16.44092299433038,-0.6690722232407471
16.447207750826685,-0.6737297935970116
16.453492507322988,-0.6783607529508381
16.45977726381929,-0.6829649183884383
16.466062020315594,-0.6875421080543284
16.4723467768119,-0.6920921411585168
16.478631533308203,-0.6966148379836352
16.484916289804506,-0.7011100198920522
16.49120104630081,-0.7055775093329191
16.49748580279711,-0.7100171298491851
16.503770559293418,-0.7144287060845697
16.51005531578972,-0.7188120637904787
16.516340072286024,-0.7231670298329022
16.522624828782327,-0.7274934321992422
16.52890958527863,-0.7317911000051103
16.535194341774936,-0.7360598635010788
16.54147909827124,-0.7402995540793762
16.547763854767542,-0.7445100042805615
16.554048611263845,-0.7486910478001286
16.56033336776015,-0.7528425194950799
16.566618124256454,-0.7569642553904397
16.572902880752757,-0.7610560926857448
16.57918763724906,-0.7651178697614659
16.585472393745363,-0.7691494261853931
16.59175715024167,-0.773150602718975
16.598041906737972,-0.7771212413235995
16.604326663234275,-0.7810611851668495
16.610611419730578,-0.7849702786286884
16.616896176226884,-0.7888483673076108
16.623180932723187,-0.7926952980267332
16.62946568921949,-0.7965109188398567
16.635750445715793,-0.8002950790374598
16.642035202212096,-0.8040476291526536
16.648319958708402,-0.8077684209670873
16.654604715204705,-0.8114573075167945
16.660889471701008,-0.81511414309801
16.66717422819731,-0.8187387832729169
16.673458984693614,-0.8223310848753538
16.67974374118992,-0.8258909060164709
16.686028497686223,-0.829418106090327
16.692313254182526,-0.832912545779455
16.69859801067883,-0.8363740870603564
16.704882767175135,-0.8398025932089574
16.71116752367144,-0.8431979288060009
16.71745228016774,-0.8465599597424073
16.723737036664044,-0.8498885532245635
16.730021793160347,-0.8531835777795704
16.736306549656653,-0.8564449032604372
16.742591306152956,-0.8596724008512149
16.74887606264926,-0.8628659430720951
16.755160819145562,-0.8660254037844377
16.761445575641865,-0.8691506581957557
16.76773033213817,-0.8722415828646449
16.774015088634474,-0.8752980557056537
16.780299845130777,-0.8783199559941149
16.78658460162708,-0.8813071643709076
16.792869358123387,-0.8842595628471749
16.79915411461969,-0.8871770348089771
16.805438871115992,-0.890059465021909
16.811723627612295,-0.892906739635643
16.818008384108598,-0.8957187461884294
16.824293140604905,-0.8984953736115384
16.830577897101207,-0.9012365122336421
16.83686265359751,-0.903942053785155
16.843147410093813,-0.9066118914025043
16.84943216659012,-0.909245919632354
16.855716923086423,-0.9118440344357639
16.862001679582725,-0.9144061331923081
16.86828643607903,-0.9169321147041225
16.87457119257533,-0.9194218791999026
16.880855949071638,-0.9218753283388468
16.88714070556794,-0.9242923652145342
16.893425462064243,-0.926672894358761
16.899710218560546,-0.9290168217453056
16.90599497505685,-0.931324054793644
16.912279731553156,-0.9335945023726075
16.91856448804946,-0.9358280748039774
16.92484924454576,-0.9380246838660349
16.931134001042064,-0.9401842427970397
16.93741875753837,-0.9423066662986609
16.943703514034674,-0.9443918705393397
16.949988270530977,-0.9464397731576091
16.95627302702728,-0.9484502932653412
16.962557783523582,-0.9504233514509443
16.96884254001989,-0.9523588697824995
16.97512729651619,-0.9542567718108355
16.981412053012495,-0.9561169825725541
16.987696809508797,-0.957939428592987
16.993981566005104,-0.9597240378890999
17.000266322501407,-0.9614707399723318
17.00655107899771,-0.9631794658513851
17.012835835494013,-0.9648501480349466
17.019120591990315,-0.9664827205343542
17.025405348486622,-0.9680771188662044
17.031690104982925,-0.9696332800548956
17.037974861479228,-0.9711511426351206
17.04425961797553,-0.9726306466542916
17.050544374471833,-0.974071733674908
17.05682913096814,-0.9754743467768663
17.063113887464443,-0.9768384305597044
17.069398643960746,-0.9781639311447955
17.07568340045705,-0.979450796177472
17.081968156953355,-0.9806989748290955
17.088252913449658,-0.9819084177990615
17.09453766994596,-0.9830790773167508
17.100822426442264,-0.984210907143414
17.107107182938567,-0.9853038625739977
17.113391939434873,-0.9863579004389116
17.119676695931176,-0.9873729791057306
17.12596145242748,-0.9883490584808438
17.13224620892378,-0.9892861000110343
17.138530965420088,-0.9901840666850045
17.14481572191639,-0.9910429230348347
17.151100478412694,-0.991862635137388
17.157385234908997,-0.9926431706156479
17.1636699914053,-0.9933844986399972
17.169954747901606,-0.9940865899294367
17.17623950439791,-0.9947494167527396
17.182524260894212,-0.9953729529295502
17.188809017390515,-0.995957173831415
17.195093773886818,-0.9965020563827568
17.201378530383124,-0.9970075790617863
17.207663286879427,-0.9974737219013509
17.21394804337573,-0.997900466489725
17.220232799872033,-0.9982877959713362
17.22651755636834,-0.9986356950474317
17.232802312864642,-0.9989441499766814
17.239087069360945,-0.9992131485757222
17.245371825857248,-0.9994426802196382
17.25165658235355,-0.9996327358423808
17.257941338849857,-0.9997833079371264
17.26422609534616,-0.9998943905565733
17.270510851842463,-0.9999659793131762
17.276795608338766,-0.9999980713793202
17.283080364835072,-0.9999906654874317
17.289365121331375,-0.9999437619300288
17.295649877827678,-0.9998573625597098
17.30193463432398,-0.9997314707890802
17.308219390820284,-0.9995660915906172
17.31450414731659,-0.999361231496474
17.320788903812893,-0.999116898598222
17.327073660309196,-0.99883310254653
17.3333584168055,-0.9985098545507843
17.339643173301802,-0.9981471673786454
17.34592792979811,-0.9977450553555431
17.35221268629441,-0.9973035343641127
17.358497442790714,-0.9968226218435648
17.364782199287017,-0.9963023367889989
17.371066955783323,-0.9957426997506513
17.377351712279626,-0.9951437328330858
17.38363646877593,-0.9945054596943177
17.389921225272232,-0.9938279055448812
17.396205981768535,-0.9931110971468335
17.40249073826484,-0.9923550628126967
17.408775494761144,-0.9915598324043415
17.415060251257447,-0.9907254373318056
17.42134500775375,-0.9898519105520539
17.427629764250057,-0.9889392865676767
17.43391452074636,-0.9879876014255282
17.440199277242662,-0.9869968927153003
17.446484033738965,-0.9859671995680396
17.452768790235268,-0.9848985626546011
17.459053546731575,-0.9837910241840416
17.465338303227878,-0.9826446279019547
17.47162305972418,-0.9814594190887395
17.477907816220483,-0.9802354445578141
17.484192572716786,-0.9789727526537664
17.490477329213093,-0.9776713932504437
17.496762085709396,-0.9763314177489858
17.5030468422057,-0.9749528790757901
17.509331598702,-0.9735358316804242
17.515616355198308,-0.9720803315334738
17.52190111169461,-0.9705864361243353
17.528185868190914,-0.9690542044589396
17.534470624687216,-0.9674836970574257
17.54075538118352,-0.9658749759517484
17.547040137679826,-0.9642281046832283
17.55332489417613,-0.9625431483000447
17.55960965067243,-0.9608201733546617
17.565894407168734,-0.9590592479012027
17.57217916366504,-0.9572604414927602
17.578463920161344,-0.9554238251786537
17.584748676657647,-0.9535494715016158
17.59103343315395,-0.9516374544949323
17.597318189650252,-0.9496878496795165
17.60360294614656,-0.9477007340609247
17.60988770264286,-0.94567618612632
17.616172459139165,-0.9436142858413649
17.622457215635468,-0.9415151146470672
17.62874197213177,-0.9393787554565626
17.635026728628077,-0.9372052926518384
17.64131148512438,-0.9349948120804051
17.647596241620683,-0.9327474010518988
17.653880998116986,-0.9304631483346372
17.660165754613292,-0.9281421441521109
17.666450511109595,-0.9257844801794252
17.672735267605898,-0.9233902495396709
17.6790200241022,-0.9209595468002518
17.685304780598504,-0.9184924679691479
17.69158953709481,-0.9159891104911217
17.697874293591113,-0.9134495732438755
17.704159050087416,-0.9108739565341369
17.71044380658372,-0.9082623620937028
17.716728563080025,-0.9056148930754183
17.723013319576328,-0.9029316540491081
17.72929807607263,-0.9002127509974377
17.735582832568934,-0.8974582913117328
17.741867589065237,-0.8946683837877364
17.748152345561543,-0.8918431386213095
17.754437102057846,-0.8889826674040856
17.76072185855415,-0.8860870831190533
17.76700661505045,-0.8831565001360995
17.773291371546755,-0.8801910342074911
17.77957612804306,-0.8771908024633014
17.785860884539364,-0.8741559234067895
17.792145641035667,-0.8710865169097107
17.79843039753197,-0.8679827042075878
17.804715154028276,-0.8648446078949193
17.81099991052458,-0.8616723519203443
17.817284667020882,-0.858466061581736
17.823569423517185,-0.8552258635212598
17.829854180013488,-0.8519518857203696
17.836138936509794,-0.8486442574947508
17.842423693006097,-0.8453031094892197
17.8487084495024,-0.8419285736725529
17.854993205998703,-0.8385207833322815
17.86127796249501,-0.8350798730694229
17.867562718991312,-0.8316059787931722
17.873847475487615,-0.8280992377155226
17.880132231983918,-0.8245597883458531
17.88641698848022,-0.8209877704854558
17.892701744976527,-0.8173833252220125
17.89898650147283,-0.8137465949240296
17.905271257969133,-0.8100777232352028
17.911556014465436,-0.8063768550687513
17.91784077096174,-0.8026441366016929
17.924125527458045,-0.798879715269067
17.930410283954348,-0.7950837397581204
17.93669504045065,-0.7912563600024217
17.942979796946954,-0.7873977271759472
17.94926455344326,-0.7835079936871064
17.955549309939563,-0.7795873131727298
17.961834066435866,-0.7756358404919885
17.96811882293217,-0.7716537317202855
17.974403579428472,-0.7676411441430893
17.98068833592478,-0.763598236249719
17.98697309242108,-0.7595251677270934
17.993257848917384,-0.7554220994534103
17.999542605413687,-0.7512891934918005
18.005827361909994,-0.7471266130839227
18.012112118406296,-0.7429345226435251
18.0183968749026,-0.7387130877499368
18.024681631398902,-0.7344624751415378
18.030966387895205,-0.7301828527091703
18.03725114439151,-0.725874389489505
18.043535900887814,-0.7215372556583745
18.049820657384117,-0.7171716225240367
18.05610541388042,-0.7127776625204185
18.062390170376723,-0.7083555492003026
18.06867492687303,-0.7039054572284695
18.074959683369332,-0.6994275623748092
18.081244439865635,-0.6949220415073634
18.08752919636194,-0.6903890725853493
18.093813952858245,-0.685828834652126
18.100098709354548,-0.6812415078281325
18.10638346585085,-0.676627273303758
18.112668222347153,-0.6719863133321957
18.118952978843456,-0.6673188112222412
18.125237735339763,-0.6626249513310499
18.131522491836066,-0.6579049190568658
18.13780724833237,-0.6531589008316823
18.14409200482867,-0.6483870841138897
18.150376761324978,-0.6435896573808652
18.15666151782128,-0.6387668101215394
18.162946274317584,-0.6339187328288957
18.169231030813886,-0.6290456169924569
18.17551578731019,-0.6241476550907189
18.181800543806496,-0.6192250405835457
18.1880853003028,-0.6142779679045391
18.1943700567991,-0.6093066324533423
18.200654813295404,-0.6043112305879329
18.206939569791707,-0.5992919596168647
18.213224326288014,-0.5942490177914713
18.219509082784317,-0.5891826042980473
18.22579383928062,-0.5840929192499632
18.232078595776922,-0.5789801636797732
18.23836335227323,-0.5738445395312688
18.244648108769532,-0.5686862496515142
18.250932865265835,-0.5635054977828163
18.257217621762138,-0.5583024885546901
18.26350237825844,-0.5530774274757717
18.269787134754747,-0.5478305209256996
18.27607189125105,-0.5425619761469741
18.282356647747353,-0.5372720012367541
18.288641404243656,-0.5319608051386495
18.294926160739962,-0.5266285976344627
18.301210917236265,-0.5212755893359138
18.307495673732568,-0.515901991676305
18.31378043022887,-0.5105080169021803
18.320065186725174,-0.5050938780649399
18.32634994322148,-0.4996597890124217
18.332634699717783,-0.4942059643804672
18.338919456214086,-0.4887326195844252
18.34520421271039,-0.4832399708106557
18.35148896920669,-0.4777282350079878
18.357773725702998,-0.4721976298791477
18.3640584821993,-0.46664837387217223
18.370343238695604,-0.4610806861717619
18.376627995191907,-0.4554947866906359
18.382912751688213,-0.44989089606083993
18.389197508184516,-0.44426923562504406
18.39548226468082,-0.43863002742778134
18.401767021177122,-0.4329734942066901
18.408051777673425,-0.427299859383713
18.41433653416973,-0.4216093470562691
18.420621290666034,-0.4159021819884155
18.426906047162337,-0.41017858960194997
18.43319080365864,-0.40443879596752047
18.439475560154946,-0.39868302779568904
18.44576031665125,-0.39291151242799033
18.452045073147552,-0.3871244778279325
18.458329829643855,-0.38132215257200625
18.464614586140158,-0.37550476584065295
18.470899342636464,-0.3696725474092094
18.477184099132767,-0.3638257276388454
18.48346885562907,-0.3579645374674449
18.489753612125373,-0.3520892084004978
18.496038368621676,-0.3461999725019526
18.502323125117982,-0.340297062385047
18.508607881614285,-0.33438071120313323
18.514892638110588,-0.32845115264044955
18.52117739460689,-0.3225086209029028
18.527462151103197,-0.3165533507088114
18.5337469075995,-0.3105855772796481
18.540031664095803,-0.30460553633072845
18.546316420592106,-0.29861346406191447
18.55260117708841,-0.2926095971482817
18.558885933584715,-0.28659417273076737
18.56517069008102,-0.28056742840681775
18.57145544657732,-0.27452960222098294
18.577740203073624,-0.26848093265552814
18.58402495956993,-0.26242165862100736
18.590309716066233,-0.25635201944684055
18.596594472562536,-0.25027225487183996
18.60287922905884,-0.2441826050347549
18.609163985555142,-0.23808331046478282
18.61544874205145,-0.23197461207206593
18.62173349854775,-0.22585675113818918
18.628018255044054,-0.21972996930662958
18.634303011540357,-0.2135945085732255
18.64058776803666,-0.2074506112766149
18.646872524532967,-0.2012985200886599
18.65315728102927,-0.19513847800487563
18.659442037525572,-0.18897072833481157
18.665726794021875,-0.18279551469245522
18.67201155051818,-0.17661308098660275
18.678296307014485,-0.17042367141123915
18.684581063510787,-0.1642275304358721
18.69086582000709,-0.1580249027958898
18.697150576503393,-0.1518160334828909
18.7034353329997,-0.14560116773500453
18.709720089496003,-0.13938055102721755
18.716004845992305,-0.13315442906165798
18.72228960248861,-0.12692304775790425
18.728574358984915,-0.12068665324326468
18.734859115481218,-0.11444549184307024
18.74114387197752,-0.10819981007092389
18.747428628473823,-0.10194985461897793
18.753713384970126,-0.09569587234818659
18.759998141466433,-0.08943811027855203
18.766282897962736,-0.08317681557938161
18.77256765445904,-0.07691223555950402
18.77885241095534,-0.0706446176575152
18.785137167451644,-0.06437420943200144
18.79142192394795,-0.05810125855175779
18.797706680444254,-0.0518260127860198
18.803991436940557,-0.04554871999465587
18.81027619343686,-0.03926962811839141
18.816560949933166,-0.03298898516900858
18.82284570642947,-0.026707039219564577
18.82913046292577,-0.02042403839457185
18.835415219422075,-0.01414023086021192
18.841699975918377,-0.007855864814529748
18.847984732414684,-0.001571188477626836
18.854269488910987,0.004713549918128761
18.86055424540729,0.010998102137928446
18.866839001903593,0.01728221995431365
18.8731237583999,0.023565655156987438
18.879408514896202,0.029848159562604122
18.885693271392505,0.036129485024593316
18.891978027888808,0.04240938344294705
18.89826278438511,0.04868760677402276
18.904547540881417,0.05496390704034409
18.91083229737772,0.061238036340381316
18.917117053874023,0.06750974685836426
18.923401810370326,0.07377879087405634
18.92968656686663,0.08004492077254256
18.935971323362935,0.08630788905401338
18.942256079859238,0.09256744834352626
18.94854083635554,0.0988233514007978
18.954825592851844,0.10507535112995506
18.96111034934815,0.11132320058930235
18.967395105844453,0.11756665300106096
18.973679862340756,0.12380546176113746
18.97996461883706,0.13003938044885005
18.98624937533336,0.1362681628366651
18.992534131829668,0.14249156289992632
18.99881888832597,0.14870933482655807
19.005103644822274,0.1549212330267956
19.011388401318577,0.1611270121428713
19.017673157814883,0.16732642705871287
19.023957914311186,0.17351923290961083
19.03024267080749,0.17970518509191138
19.036527427303792,0.1858840392726636
19.042812183800095,0.19205555139927366
19.0490969402964,0.19821947770914797
19.055381696792704,0.2043755747393073
19.061666453289007,0.21052359933602402
19.06795120978531,0.21666330866441233
19.074235966281613,0.2227944602180231
19.08052072277792,0.22891681182842605
19.086805479274222,0.23503012167476084
19.093090235770525,0.2411341482933095
19.099374992266828,0.2472286505870199
19.105659748763134,0.2533133878350353
19.111944505259437,0.25938811970218895
19.11822926175574,0.2654526062485171
19.124514018252043,0.27150660793872267
19.130798774748346,0.27754988565163985
19.137083531244652,0.28358220068968226
19.143368287740955,0.28960331478825724
19.149653044237258,0.2956129901251976
19.15593780073356,0.3016109893301413
19.162222557229867,0.30759707549391396
19.16850731372617,0.3135710121778727
19.174792070222473,0.31953256342326536
19.181076826718776,0.32548149376053703
19.18736158321508,0.3314175682186336
19.193646339711385,0.33734055233428656
19.19993109620769,0.34325021216125984
19.20621585270399,0.34914631427961085
19.212500609200294,0.3550286258048964
19.218785365696597,0.3608969143973747
19.225070122192903,0.3667509482711854
19.231354878689206,0.37259049620349166
19.23763963518551,0.3784153275436329
19.243924391681812,0.3842252122222215
19.25020914817812,0.39001992076023695
19.25649390467442,0.3957992242780766
19.262778661170724,0.4015628945046158
19.269063417667027,0.40731070378621065
19.27534817416333,0.4130424250956936
19.281632930659637,0.4187578320413434
19.28791768715594,0.4244566988758147
19.294202443652242,0.4301388005050734
19.300487200148545,0.43580391249727507
19.30677195664485,0.44145181109163556
19.313056713141155,0.44708227320725663
19.319341469637457,0.4526950764519562
19.32562622613376,0.45828999913103974
19.331910982630063,0.4638668202560598
19.33819573912637,0.46942531955354805
19.344480495622673,0.4749652774737027
19.350765252118975,0.4804864751990795
19.35705000861528,0.4859886946532218
19.36333476511158,0.4914717185092774
19.369619521607888,0.4969353301985855
19.37590427810419,0.5023793139192185
19.382189034600493,0.5078034546445245
19.388473791096796,0.5132075381316071
19.394758547593103,0.5185913509297954
19.401043304089406,0.5239546803890609
19.40732806058571,0.5292973146684363
19.41361281708201,0.5346190427443701
19.419897573578314,0.5399196544190646
19.42618233007462,0.5451989403287817
19.432467086570924,0.5504566919520998
19.438751843067227,0.5556927016181684
19.44503659956353,0.5609067625148988
19.451321356059832,0.5660986686971351
19.45760611255614,0.5712682150947923
19.46389086905244,0.5764151975209442
19.470175625548745,0.5815394126799056
19.476460382045047,0.5866406581752509
19.482745138541354,0.591718732517814
19.489029895037657,0.596773435133635
19.49531465153396,0.6018045663718998
19.501599408030263,0.606811927512815
19.507884164526565,0.6117953207754585
19.514168921022872,0.6167545493255958
19.520453677519175,0.6216894172834424
19.526738434015478,0.6265997297314175
19.53302319051178,0.6314852927218323
19.539307947008087,0.6363459132845551
19.54559270350439,0.6411813994346235
19.551877460000693,0.6459915601798426
19.558162216496996,0.6507762055283189
19.5644469729933,0.6555351464959667
19.570731729489605,0.6602681951139754
19.577016485985908,0.6649751644362236
19.58330124248221,0.6696558685466786
19.589585998978514,0.6743101225667293
19.595870755474817,0.6789377426624912
19.602155511971123,0.6835385460520701
19.608440268467426,0.688112351012771
19.61472502496373,0.6926589768882919
19.62100978146003,0.6971782440958483
19.627294537956338,0.7016699741332719
19.63357929445264,0.7061339895860512
19.639864050948944,0.7105701141343534
19.646148807445247,0.7149781725599795
19.65243356394155,0.719357990753287
19.658718320437856,0.7237093957200694
19.66500307693416,0.7280322155883797
19.671287833430462,0.7323262796153333
19.677572589926765,0.7365914181938422
19.68385734642307,0.7408274628593194
19.690142102919374,0.7450342462963232
19.696426859415677,0.7492116023451797
19.70271161591198,0.7533593660085367
19.708996372408283,0.7574773734578834
19.71528112890459,0.7615654620400226
19.721565885400892,0.7656234702834874
19.727850641897195,0.7696512379049315
19.734135398393498,0.7736486058154517
19.7404201548898,0.7776154161268733
19.746704911386107,0.7815515121579896
19.75298966788241,0.7854567384407399
19.759274424378713,0.7893309407263654
19.765559180875016,0.7931739659914918
19.771843937371322,0.7969856624441777
19.778128693867625,0.800765879529902
19.784413450363928,0.8045144679375229
19.79069820686023,0.8082312796051674
19.796982963356534,0.8119161677260811
19.80326771985284,0.815568986754429
19.809552476349143,0.819189592411036
19.815837232845446,0.8227778416890981
19.82212198934175,0.8263335928598224
19.828406745838056,0.8298567054780298
19.83469150233436,0.8333470403876935
19.84097625883066,0.8368044597274477
19.847261015326964,0.8402288269360252
19.853545771823267,0.8436200067576527
19.859830528319574,0.8469778652473956
19.866115284815876,0.8503022697764406
19.87240004131218,0.8535930890373459
19.878684797808482,0.8568501930492194
19.884969554304785,0.8600734531628558
19.89125431080109,0.8632627420658184
19.897539067297394,0.8664179337874616
19.903823823793697,0.8695389037039165
19.91010858029,0.8726255285430067
19.916393336786307,0.8756776863891202
19.92267809328261,0.8786952566880188
19.928962849778912,0.8816781202516093
19.935247606275215,0.8846261592626445
19.941532362771518,0.8875392572793788
19.947817119267825,0.8904172992401685
19.954101875764128,0.8932601714680108
19.96038663226043,0.8960677616750428
19.966671388756733,0.8988399589669702
19.97295614525304,0.9015766538474512
19.979240901749343,0.9042777382224149
19.985525658245646,0.9069431054043394
19.99181041474195,0.9095726501164609
19.99809517123825,0.9121662684969324
20.004379927734558,0.9147238581029276
20.01066468423086,0.917245317914682
20.016949440727164,0.9197305483394912
20.023234197223466,0.9221794512156387
20.02951895371977,0.9245919298162751
20.035803710216076,0.9269678888532394
20.04208846671238,0.9293072344808175
20.04837322320868,0.9316098742994572
20.054657979704984,0.9338757173594121
20.06094273620129,0.9361046741643368
20.067227492697594,0.9382966566748167
20.073512249193897,0.9404515783118528
20.0797970056902,0.9425693539602766
20.086081762186502,0.9446498999721131
20.09236651868281,0.946693134169886
20.09865127517911,0.9486989758498585
20.104936031675415,0.9506673457852286
20.111220788171718,0.9525981662292533
20.117505544668024,0.9544913609183217
20.123790301164327,0.956346855074963
20.13007505766063,0.9581645754108067
20.136359814156933,0.9599444501294726
20.142644570653236,0.9616864089294085
20.148929327149542,0.9633903830066668
20.155214083645845,0.9650563050576192
20.161498840142148,0.9666841092816207
20.16778359663845,0.9682737313836042
20.174068353134754,0.9698251085766216
20.18035310963106,0.9713381795843243
20.186637866127363,0.9728128846433802
20.192922622623666,0.9742491655058393
20.19920737911997,0.9756469654414309
20.205492135616275,0.9770062292398061
20.211776892112578,0.9783269032127153
20.21806164860888,0.9796089351961337
20.224346405105184,0.9808522745523179
20.230631161601487,0.9820568721718077
20.236915918097793,0.9832226804753657
20.243200674594096,0.9843496534158542
20.2494854310904,0.9854377464800583
20.255770187586702,0.9864869166904409
20.262054944083008,0.9874971226068415
20.26833970057931,0.9884683243281114
20.274624457075614,0.9894004834936921
20.280909213571917,0.9902935632851293
20.28719397006822,0.9911475284275265
20.293478726564526,0.9919623451909401
20.29976348306083,0.9927379813917084
20.306048239557132,0.993474406393727
20.312332996053435,0.9941715911096558
20.318617752549738,0.9948295080020692
20.324902509046044,0.9954481310845433
20.331187265542347,0.9960274359226821
20.33747202203865,0.9965673996350833
20.343756778534953,0.9970680008942421
20.35004153503126,0.9975292199273929
20.356326291527562,0.9979510385172898
20.362611048023865,0.9983334400029283
20.368895804520168,0.9986764092802014
20.37518056101647,0.9989799328024968
20.381465317512777,0.999243998581232
20.38775007400908,0.9994685961863278
20.394034830505383,0.9996537167466203
20.400319587001686,0.9997993529502114
20.406604343497992,0.9999054990447573
20.412889099994295,0.999972150837696
20.4191738564906,0.9999993056964125
20.4254586129869,0.9999869625483433
20.431743369483204,0.9999351218810187
20.43802812597951,0.9998437857420429
20.444312882475813,0.999712957739014
20.450597638972116,0.9995426430393809
20.45688239546842,0.9993328483702394
20.463167151964722,0.9990835820180667
20.46945190846103,0.9987948538283932
20.47573666495733,0.9984666752054154
20.482021421453634,0.9980990591115435
20.488306177949937,0.9976920200668906
20.494590934446244,0.9972455741486986
20.500875690942546,0.9967597389907041
20.50716044743885,0.9962345337824405
20.513445203935152,0.9956699792684812
20.519729960431455,0.9950660977476196
20.52601471692776,0.9944229130719883
20.532299473424064,0.9937404506461184
20.538584229920367,0.9930187374259338
20.54486898641667,0.9922578019176879
20.551153742912977,0.991457674176837
20.55743849940928,0.9906183858068549
20.563723255905582,0.9897399699579819
20.570008012401885,0.9888224613259172
20.57629276889819,0.9878658961504482
20.582577525394495,0.9868703122140183
20.588862281890798,0.9858357488402371
20.5951470383871,0.9847622468923235
20.601431794883403,0.9836498487714941
20.607716551379706,0.9824985984152881
20.614001307876013,0.9813085412958307
20.620286064372316,0.9800797244180399
20.62657082086862,0.9788121963177663
20.63285557736492,0.9775060070598781
20.639140333861228,0.9761612082362826
20.64542509035753,0.9747778529638912
20.651709846853834,0.973355995882517
20.657994603350136,0.9718956931527196
20.66427935984644,0.9703970024535863
20.670564116342746,0.9688599829804526
20.67684887283905,0.9672846954425681
20.68313362933535,0.9656712020606929
20.689418385831654,0.9640195665646438
20.69570314232796,0.9623298541907752
20.701987898824264,0.9606021316794062
20.708272655320567,0.9588364672721785
20.71455741181687,0.9570329307093656
20.720842168313172,0.9551915932271161
20.72712692480948,0.9533125275546398
20.733411681305782,0.9513958079113392
20.739696437802085,0.9494415100038711
20.745981194298388,0.9474497110231612
20.75226595079469,0.9454204896413537
20.758550707290997,0.9433539260087032
20.7648354637873,0.9412501017504129
20.771120220283603,0.9391090999634041
20.777404976779906,0.9369310052130388
20.783689733276212,0.9347159035297767
20.789974489772515,0.9324638824057823
20.796259246268818,0.9301750307914616
20.80254400276512,0.9278494390919542
20.808828759261424,0.9254871991635605
20.81511351575773,0.9230884043101127
20.821398272254033,0.9206531492792946
20.827683028750336,0.9181815302588915
20.83396778524664,0.9156736448729959
20.840252541742945,0.913129592178149
20.846537298239248,0.9105494726594344
20.85282205473555,0.9079333882264994
20.859106811231854,0.9052814422095365
20.865391567728157,0.9025937393552004
20.871676324224463,0.8998703858224684
20.877961080720766,0.897111489178455
20.88424583721707,0.8943171583941524
20.890530593713372,0.8914875038401336
20.896815350209675,0.8886226372821912
20.90310010670598,0.8857226718769206
20.909384863202284,0.8827877221672579
20.915669619698587,0.8798179040779455
20.92195437619489,0.8768133349109599
20.928239132691196,0.8737741333408752
20.9345238891875,0.8707004194101824
20.940808645683802,0.8675923145245377
20.947093402180105,0.8644499414479742
20.953378158676408,0.8612734242980512
20.959662915172714,0.8580628885409499
20.965947671669017,0.8548184609865253
20.97223242816532,0.8515402697832858
20.978517184661623,0.8482284444133399
20.98480194115793,0.8448831156872774
20.991086697654232,0.8415044157390106
20.997371454150535,0.8380924780205437
21.003656210646838,0.8346474372967093
21.00994096714314,0.831169429639844
21.016225723639447,0.8276585924244111
21.02251048013575,0.8241150643215831
21.028795236632053,0.820538985293752
21.035079993128356,0.81693049658901
21.04136474962466,0.8132897407355669
21.047649506120965,0.8096168615361202
21.05393426261727,0.8059120040621823
21.06021901911357,0.8021753146483382
21.066503775609874,0.7984069408864745
21.07278853210618,0.7946070316199444
21.079073288602483,0.7907757369376988
21.085358045098786,0.7869132081683436
21.09164280159509,0.7830195978741725
21.097927558091392,0.7790950598451382
21.1042123145877,0.7751397490927755
21.110497071084,0.7711538218440884
21.116781827580304,0.7671374355353656
21.123066584076607,0.7630907488059708
21.129351340572914,0.7590139214920727
21.135636097069217,0.7549071146203403
21.14192085356552,0.75077049040157
21.148205610061822,0.7466042122242864
21.154490366558125,0.7424084446482877
21.16077512305443,0.7381833533981426
21.167059879550735,0.7339291053566547
21.173344636047037,0.7296458685582562
21.17962939254334,0.7253338121823808
21.185914149039643,0.7209931065467787
21.19219890553595,0.716623923100787
21.198483662032253,0.7122264344185681
21.204768418528555,0.7078008141922778
21.21105317502486,0.7033472372252152
21.217337931521165,0.6988658794249131
21.223622688017468,0.6943569177962003
21.22990744451377,0.6898205304341951
21.236192201010073,0.6852568965172805
21.242476957506376,0.6806661963000251
21.248761714002683,0.6760486111060605
21.255046470498986,0.67140432332093
21.26133122699529,0.6667335163848688
21.26761598349159,0.6620363747855689
21.273900739987898,0.6573130840508873
21.2801854964842,0.6525638307415284
21.286470252980504,0.647788802443659
21.292755009476807,0.6429881877615105
21.29903976597311,0.6381621763099254
21.305324522469416,0.6333109587068668
21.31160927896572,0.6284347265658988
21.31789403546202,0.6235336724886027
21.324178791958325,0.61860799005698
21.330463548454627,0.6136578738258038
21.336748304950934,0.6086835193149317
21.343033061447237,0.6036851230015939
21.34931781794354,0.5986628823126162
21.355602574439843,0.5936169956166332
21.36188733093615,0.5885476622162471
21.368172087432452,0.583455082340168
21.374456843928755,0.578339457135287
21.380741600425058,0.5732009886587435
21.38702635692136,0.5680398798699412
21.393311113417667,0.5628563346225287
21.39959586991397,0.5576505576563593
21.405880626410273,0.5524227545893867
21.412165382906576,0.5471731319095554
21.418450139402882,0.5419018969666386
21.424734895899185,0.5366092579640603
21.431019652395488,0.531295423950654
21.43730440889179,0.5259606048124172
21.443589165388094,0.5206050112642189
21.4498739218844,0.5152288548414731
21.456158678380703,0.5098323478917962
21.462443434877006,0.5044157035666013
21.46872819137331,0.4989791358126912
21.47501294786961,0.4935228593638051
21.481297704365918,0.4880470897321337
21.48758246086222,0.4825520431998194
21.493867217358524,0.47703793681039514
21.500151973854827,0.4715049883602236
21.506436730351133,0.4659534163898888
21.512721486847436,0.46038344017557664
21.51900624334374,0.45479527972039513
21.525290999840042,0.44918915574569696
21.531575756336345,0.44356528968235875
21.53786051283265,0.43792390366203143
21.544145269328954,0.4322652205083794
21.550430025825257,0.4265894637282603
21.55671478232156,0.4208968575029095
21.562999538817866,0.41518762667907927
21.56928429531417,0.4094619967601705
21.575569051810472,0.40372019389730623
21.581853808306775,0.3979624448804125
21.588138564803078,0.3921889771292568
21.594423321299384,0.3864000186844628
21.600708077795687,0.3805957981985155
21.60699283429199,0.37477654492671114
21.613277590788293,0.3689424887181144
21.619562347284596,0.3630938600064771
21.625847103780902,0.3572308898011327
21.632131860277205,0.3513538096778857
21.638416616773508,0.3454628517698445
21.64470137326981,0.339558248758266
21.650986129766117,0.3336402338633587
21.65727088626242,0.32770904083508406
21.663555642758723,0.32176490394390383
21.669840399255026,0.31580805797154027
21.67612515575133,0.3098387382016994
21.682409912247635,0.3038571804107743
21.68869466874394,0.29786362085854595
21.69497942524024,0.2918582962788313
21.701264181736544,0.285841443870146
21.70754893823285,0.2798133012863288
21.713833694729153,0.27377410662716867
21.720118451225456,0.2677240984289793
21.72640320772176,0.2616635156551916
21.732687964218062,0.2555925976869112
21.73897272071437,0.24951158431346035
21.74525747721067,0.2434207157229201
21.751542233706974,0.23732023249262296
21.757826990203277,0.2312103755796643
21.76411174669958,0.22509138631138145
21.770396503195887,0.2189635063758184
21.77668125969219,0.21282697781219342
21.782966016188492,0.20668204300131818
21.789250772684795,0.200528944656038
21.7955355291811,0.1943679258116384
21.801820285677405,0.18819922981625936
21.808105042173707,0.1820231003212629
21.81438979867001,0.17583978127162306
21.820674555166313,0.16964951689628724
21.82695931166262,0.16345255169852593
21.833244068158923,0.15724913044628958
21.839528824655225,0.15103949816251946
21.84581358115153,0.14482390011548396
21.852098337647835,0.13860258180908389
21.858383094144138,0.13237578897316954
21.86466785064044,0.12614376755381387
21.870952607136743,0.11990676370361206
21.877237363633046,0.11366502377195556
21.883522120129353,0.1074187942952982
21.889806876625656,0.10116832198743257
21.89609163312196,0.09491385372972419
21.90237638961826,0.08865563656137426
21.908661146114564,0.0823939176696586
21.91494590261087,0.07612894438016063
21.921230659107174,0.06986096414701677
21.927515415603477,0.06359022454312115
21.93380017209978,0.05731697325036113
21.940084928596086,0.05104145804982736
21.94636968509239,0.04476392681204099
21.95265444158869,0.03848462748714206
21.958939198084995,0.03220380809511012
21.965223954581298,0.02592171671596437
21.971508711077604,0.01963860147996145
21.977793467573907,0.013354710557809011
21.98407822407021,0.007070292150842103
21.990362980566513,0.0007855944812339517
21.996647737062816,-0.005499134217811894
22.002932493559122,-0.011783645711869836
22.009217250055425,-0.018067691775082786
22.015502006551728,-0.024351024199987924
22.02178676304803,-0.03063339480730618
22.028071519544337,-0.036914555455751945
22.03435627604064,-0.04319425805181994
22.040641032536943,-0.04947225455960577
22.046925789033246,-0.055748297010588595
22.05321054552955,-0.06202213751342899
22.059495302025855,-0.06829352826376368
22.065780058522158,-0.07456222155397921
22.07206481501846,-0.08082796978301708
22.078349571514764,-0.08709052546613939
22.08463432801107,-0.09334964124471108
22.090919084507373,-0.09960506989595592
22.097203841003676,-0.1058565643427426
22.10348859749998,-0.1121038776633296
22.10977335399628,-0.11834676310112166
22.116058110492588,-0.12458497407441972
22.12234286698889,-0.1308182641861463
22.128627623485194,-0.13704638723359888
22.134912379981497,-0.14326909721816025
22.1411971364778,-0.14948614835501856
22.147481892974106,-0.15569729508287886
22.15376664947041,-0.16190229207364815
22.160051405966712,-0.16810089424214658
22.166336162463015,-0.17429285675577363
22.17262091895932,-0.1804779350441856
22.178905675455624,-0.18665588480894169
22.185190431951927,-0.19282646203317422
22.19147518844823,-0.19898942299121294
22.197759944944533,-0.20514452425821506
22.20404470144084,-0.21129152271978366
22.210329457937142,-0.21743017558155628
22.216614214433445,-0.22356024037881567
22.222898970929748,-0.22968147498605274
22.229183727426054,-0.23579363762653702
22.235468483922357,-0.24189648688185256
22.24175324041866,-0.24798978170145414
22.248037996914963,-0.25407328141217456
22.254322753411266,-0.26014674572773405
22.260607509907572,-0.26620993475823485
22.266892266403875,-0.27226260901962224
22.273177022900178,-0.27830452944316475
22.27946177939648,-0.28433545738488264
22.285746535892784,-0.2903551546349779
22.29203129238909,-0.29636338342724594
22.298316048885393,-0.30235990644845356
22.304600805381696,-0.30834448684773286
22.310885561878,-0.31431688824592235
22.317170318374306,-0.32027687474491073
22.32345507487061,-0.32622421093694065
22.32973983136691,-0.33215866191392707
22.336024587863214,-0.33807999327672233
22.342309344359517,-0.34398797114437774
22.348594100855824,-0.3498823621633846
22.354878857352126,-0.35576293351687815
22.36116361384843,-0.36162945293385335
22.367448370344732,-0.3674816886983254
22.37373312684104,-0.37331940965848937
22.38001788333734,-0.3791423852358363
22.386302639833644,-0.38495038543428106
22.392587396329947,-0.39074318084923304
22.39887215282625,-0.3965205426766608
22.405156909322557,-0.40228224272213253
22.41144166581886,-0.4080280534098162
22.417726422315162,-0.4137577477914879
22.424011178811465,-0.419471099555483
22.430295935307768,-0.42516788303563813
22.436580691804075,-0.4308478732202076
22.442865448300378,-0.43651084576073845
22.44915020479668,-0.44215657698095073
22.455434961292983,-0.44778484388555956
22.46171971778929,-0.4533954241690894
22.468004474285593,-0.4589880962246419
22.474289230781896,-0.4645626391526681
22.4805739872782,-0.4701188327696807
22.4868587437745,-0.47565645761695413
22.493143500270808,-0.4811752949691959
22.49942825676711,-0.4866751268431732
22.505713013263414,-0.4921557360063417
22.511997769759716,-0.4976169059854131
22.518282526256023,-0.5030584210749118
22.524567282752326,-0.5084800663456827
22.53085203924863,-0.5138816276533983
22.53713679574493,-0.5192628916470053
22.543421552241234,-0.5246236457771545
22.54970630873754,-0.5299636783045988
22.555991065233844,-0.5352827783085448
22.562275821730147,-0.5405807356950014
22.56856057822645,-0.5458573412050668
22.574845334722752,-0.5511123864231958
22.58113009121906,-0.5563456637854357
22.587414847715362,-0.5615569665876123
22.593699604211665,-0.5667460889935122
22.599984360707968,-0.5719128260430011
22.606269117204274,-0.5770569736601251
22.612553873700577,-0.5821783286611599
22.61883863019688,-0.5872766887626534
22.625123386693183,-0.5923518525894037
22.631408143189486,-0.5974036196824167
22.637692899685792,-0.6024317905068255
22.643977656182095,-0.6074361664597613
22.650262412678398,-0.6124165498782144
22.6565471691747,-0.61737274404683
22.662831925671007,-0.6223045532056842
22.66911668216731,-0.6272117825580045
22.675401438663613,-0.6320942382778809
22.681686195159916,-0.6369517275179103
22.68797095165622,-0.6417840584168166
22.694255708152525,-0.6465910401070314
22.700540464648828,-0.6513724827222218
22.70682522114513,-0.6561281974048068
22.713109977641434,-0.6608579963134049
22.719394734137737,-0.6655616926302572
22.725679490634043,-0.6702391005686084
22.731964247130346,-0.6748900353800342
22.73824900362665,-0.679514313361755
22.744533760122952,-0.6841117518638812
22.75081851661926,-0.6886821692966317
22.75710327311556,-0.6932253851374975
22.763388029611864,-0.6977412199383864
22.769672786108167,-0.7022294953327011
22.77595754260447,-0.7066900340423863
22.782242299100776,-0.7111226598849341
22.78852705559708,-0.7155271977803322
22.794811812093382,-0.7199034737579948
22.801096568589685,-0.7242513149636236
22.80738132508599,-0.7285705496660402
22.813666081582294,-0.7328610072639599
22.819950838078597,-0.737122518292744
22.8262355945749,-0.7413549144310841
22.832520351071203,-0.745558028507653
22.83880510756751,-0.7497316945077092
22.845089864063812,-0.7538757475796455
22.851374620560115,-0.7579900240415145
22.857659377056418,-0.7620743613874835
22.86394413355272,-0.7661285982942566
22.870228890049027,-0.7701525746274478
22.87651364654533,-0.7741461314478977
22.882798403041633,-0.7781091110179648
22.889083159537936,-0.7820413568077463
22.895367916034242,-0.7859427135012658
22.901652672530545,-0.7898130270025987
22.90793742902685,-0.7936521444419722
22.91422218552315,-0.7974599141817942
22.920506942019454,-0.8012361858226453
22.92679169851576,-0.8049808102092213
22.933076455012063,-0.8086936394362157
22.939361211508366,-0.812374526854175
22.94564596800467,-0.8160233270752817
22.951930724500976,-0.8196398959791021
22.95821548099728,-0.82322409071827
22.96450023749358,-0.8267757697241406
22.970784993989884,-0.8302947927123754
22.977069750486187,-0.8337810206884838
22.983354506982494,-0.837234315953316
22.989639263478796,-0.8406545421084936
22.9959240199751,-0.8440415640618087
23.002208776471402,-0.8473952480325526
23.008493532967705,-0.850715461556801
23.01477828946401,-0.8540020734926482
23.021063045960314,-0.8572549540253801
23.027347802456617,-0.8604739746726118
23.03363255895292,-0.8636590082893557
23.039917315449227,-0.8668099290730469
23.04620207194553,-0.8699266125685048
23.052486828441833,-0.8730089356728599
23.058771584938135,-0.8760567766404089
23.06505634143444,-0.8790700150874249
23.071341097930745,-0.8820485319969142
23.077625854427048,-0.8849922097233109
23.08391061092335,-0.8879009319971332
23.090195367419653,-0.8907745839295688
23.09648012391596,-0.8936130520170174
23.102764880412263,-0.8964162241455658
23.109049636908566,-0.8991839895954272
23.11533439340487,-0.9019162390453073
23.12161914990117,-0.9046128645767236
23.127903906397478,-0.9072737596782703
23.13418866289378,-0.9098988192498185
23.140473419390084,-0.9124879396066771
23.146758175886387,-0.9150410184836815
23.15304293238269,-0.917557955039235
23.159327688878996,-0.9200386498592928
23.1656124453753,-0.9224830049612832
23.1718972018716,-0.9248909237979862
23.178181958367905,-0.9272623112613412
23.18446671486421,-0.9295970736862064
23.190751471360514,-0.931895118854053
23.197036227856817,-0.9341563559966156
23.20332098435312,-0.9363806957994724
23.209605740849423,-0.9385680504055735
23.21589049734573,-0.9407183334187132
23.222175253842032,-0.9428314599069371
23.228460010338335,-0.944907346405904
23.234744766834638,-0.9469459109221781
23.241029523330944,-0.9489470729364692
23.247314279827247,-0.9509107534068096
23.25359903632355,-0.9528368747716821
23.259883792819853,-0.954725360953079
23.266168549316156,-0.9565761373595086
23.272453305812462,-0.958389130888942
23.278738062308765,-0.9601642699316968
23.285022818805068,-0.9619014843732713
23.29130757530137,-0.96360070559711
23.297592331797674,-0.965261866487315
23.30387708829398,-0.9668849014312976
23.310161844790283,-0.9684697463223662
23.316446601286586,-0.9700163385622638
23.32273135778289,-0.9715246170636374
23.329016114279195,-0.9729945222524519
23.335300870775498,-0.9744259960703402
23.3415856272718,-0.9758189819769013
23.347870383768104,-0.9771734249519304
23.354155140264407,-0.9784892714975922
23.360439896760713,-0.9797664696405358
23.366724653257016,-0.9810049689339438
23.37300940975332,-0.9822047204595293
23.379294166249622,-0.9833656768294657
23.38557892274593,-0.9844877921882591
23.39186367924223,-0.9855710222145574
23.398148435738534,-0.9866153241229046
23.404433192234837,-0.9876206566654283
23.41071794873114,-0.9885869801334692
23.417002705227446,-0.9895142563591505
23.42328746172375,-0.9904024487168831
23.429572218220052,-0.9912515221248154
23.435856974716355,-0.9920614430462167
23.442141731212658,-0.9928321794908029
23.448426487708964,-0.9935637010160001
23.454711244205267,-0.994255978728145
23.46099600070157,-0.9949089852836293
23.467280757197873,-0.9955226948899778
23.47356551369418,-0.9960970833068679
23.479850270190482,-0.9966321278470853
23.486135026686785,-0.997127807377423
23.492419783183088,-0.997584102319514
23.49870453967939,-0.9980009946506049
23.504989296175697,-0.9983784679042684
23.511274052672,-0.9987165071710528
23.517558809168303,-0.9990150990990715
23.523843565664606,-0.9992742318945305
23.530128322160913,-0.9994938953221937
23.536413078657215,-0.9996740807057874
23.54269783515352,-0.9998147809283434
23.54898259164982,-0.9999159904324794
23.555267348146124,-0.9999777052206188
23.56155210464243,-0.999999922855149
23.567836861138733,-0.999982642458517
23.574121617635036,-0.9999258647132645
23.58040637413134,-0.9998295918620008
23.586691130627642,-0.9996938277073144
23.59297588712395,-0.9995185776116223
23.59926064362025,-0.9993038484969591
23.605545400116554,-0.9990496488447024
23.611830156612857,-0.998755988695239
23.618114913109164,-0.9984228796475672
23.624399669605467,-0.9980503348588399
23.63068442610177,-0.9976383690438438
23.636969182598072,-0.9971869984744188
23.643253939094375,-0.996696240978815
23.64953869559068,-0.9961661159409886
23.655823452086985,-0.9955966442998369
23.662108208583287,-0.99498784854837
23.66839296507959,-0.9943397527328234
23.674677721575897,-0.9936523824517073
23.6809624780722,-0.9929257648547974
23.687247234568503,-0.99215992864206
23.693531991064805,-0.9913549040625201
23.69981674756111,-0.9905107229130661
23.706101504057415,-0.9896274185371933
23.712386260553718,-0.9887050258236891
23.71867101705002,-0.9877435812052522
23.724955773546323,-0.9867431226570549
23.731240530042626,-0.985703689695243
23.737525286538933,-0.9846253233753749
23.743810043035236,-0.9835080662908013
23.75009479953154,-0.9823519625709803
23.75637955602784,-0.9811570578797362
23.762664312524148,-0.9799233994134546
23.76894906902045,-0.9786510358992212
23.775233825516754,-0.9773400175928929
23.781518582013057,-0.9759903962771157
23.78780333850936,-0.9746022252592785
23.794088095005666,-0.9731755593694067
23.80037285150197,-0.9717104549580002
23.80665760799827,-0.9702069698938023
23.812942364494575,-0.9686651635615173
23.81922712099088,-0.967085096859464
23.825511877487184,-0.9654668321971724
23.831796633983487,-0.9638104334929148
23.83808139047979,-0.9621159661711839
23.844366146976093,-0.960383497160108
23.8506509034724,-0.9586130948888061
23.856935659968702,-0.9568048292846899
23.863220416465005,-0.9549587717706951
23.869505172961308,-0.9530749952624644
23.87578992945761,-0.951153574165467
23.882074685953917,-0.9491945843720577
23.88835944245022,-0.9471981032584847
23.894644198946523,-0.9451642096818265
23.900928955442826,-0.9430929839768807
23.907213711939132,-0.9409845079529902
23.913498468435435,-0.9388388648908154
23.919783224931738,-0.936656139539038
23.92606798142804,-0.934436418111019
23.932352737924344,-0.9321797882813909
23.93863749442065,-0.929886339182595
23.944922250916953,-0.9275561614013645
23.951207007413256,-0.92518934697514
23.95749176390956,-0.9227859893884387
23.963776520405865,-0.9203461835691592
23.970061276902168,-0.9178700258848382
23.97634603339847,-0.9153576141388352
23.982630789894774,-0.9128090475664752
23.988915546391077,-0.9102244268311279
23.995200302887383,-0.90760385402023
24.001485059383686,-0.9049474326412591
24.00776981587999,-0.9022552676176362
24.014054572376292,-0.8995274652845875
24.020339328872595,-0.8967641333849428
24.0266240853689,-0.8939653810648783
24.032908841865204,-0.8911313188696123
24.039193598361507,-0.8882620587390286
24.04547835485781,-0.8853577140032622
24.051763111354116,-0.882418399378219
24.05804786785042,-0.8794442309610518
24.064332624346722,-0.8764353262255651
24.070617380843025,-0.8733918040175809
24.076902137339328,-0.8703137845502434
24.083186893835634,-0.8672013893992694
24.089471650331937,-0.8640547414981523
24.09575640682824,-0.8608739651332968
24.102041163324543,-0.8576591859391166
24.10832591982085,-0.8544105308930685
24.114610676317152,-0.8511281283106443
24.120895432813455,-0.8478121078402916
24.127180189309758,-0.8444626004583005
24.13346494580606,-0.8410797384636279
24.139749702302367,-0.837663655472671
24.14603445879867,-0.8342144864139962
24.152319215294973,-0.8307323675229992
24.158603971791276,-0.827217436336531
24.16488872828758,-0.823669831687464
24.171173484783885,-0.8200896936992058
24.17745824128019,-0.8164771637801732
24.18374299777649,-0.8128323846181946
24.190027754272794,-0.809155500174882
24.1963125107691,-0.8054466556799407
24.202597267265404,-0.8017059976254418
24.208882023761706,-0.7979336737600229
24.21516678025801,-0.7941298330830611
24.221451536754312,-0.7902946258387856
24.22773629325062,-0.7864282035103412
24.23402104974692,-0.7825307188138135
24.240305806243224,-0.7786023256921845
24.246590562739527,-0.7746431793092597
24.252875319235834,-0.7706534360435364
24.259160075732137,-0.766633253482035
24.26544483222844,-0.7625827904140617
24.271729588724742,-0.7585022068249452
24.278014345221045,-0.7543916638897158
24.28429910171735,-0.7502513239667364
24.290583858213655,-0.7460813505913
24.296868614709958,-0.7418819084691549
24.30315337120626,-0.7376531634700099
24.309438127702563,-0.7333952826209796
24.31572288419887,-0.729108434099985
24.322007640695173,-0.7247927872291205
24.328292397191476,-0.7204485124679515
24.33457715368778,-0.7160757814067908
24.340861910184085,-0.7116747667599175
24.347146666680388,-0.7072456423587631
24.35343142317669,-0.7027885831450326
24.359716179672994,-0.6983037651638031
24.366000936169296,-0.6937913655565687
24.372285692665603,-0.689251562554241
24.378570449161906,-0.6846845354701192
24.38485520565821,-0.680090464692793
24.39113996215451,-0.6754695316790269
24.397424718650818,-0.6708219189465886
24.40370947514712,-0.66614781006705
24.409994231643424,-0.661447389658521
24.416278988139727,-0.6567208433783677
24.42256374463603,-0.6519683579158767
24.428848501132336,-0.6471901209848787
24.43513325762864,-0.6423863213163448
24.44141801412494,-0.637557148650916
24.447702770621245,-0.6327027937314195
24.453987527117548,-0.6278234482953318
24.460272283613854,-0.6229193050672033
24.466557040110157,-0.6179905577510564
24.47284179660646,-0.6130374010227184
24.479126553102763,-0.6080600305221433
24.48541130959907,-0.6030586428456784
24.491696066095372,-0.5980334355383112
24.497980822591675,-0.5929846070858488
24.504265579087978,-0.5879123569070901
24.51055033558428,-0.5828168853459463
24.516835092080587,-0.5776983936635245
24.52311984857689,-0.57255708403019
24.529404605073193,-0.5673931595175637
24.535689361569496,-0.5622068240905128
24.5419741180658,-0.5569982825990912
24.548258874562105,-0.5517677407704461
24.554543631058408,-0.5465154052007034
24.56082838755471,-0.5412414833467902
24.567113144051014,-0.5359461835182523
24.57339790054732,-0.5306297148690206
24.579682657043623,-0.5252922873891614
24.585967413539926,-0.5199341118965651
24.59225217003623,-0.5145554000286305
24.59853692653253,-0.5091563642339032
24.604821683028838,-0.5037372177636803
24.61110643952514,-0.4982981746636008
24.617391196021444,-0.492839449765172
24.623675952517747,-0.4873612586772968
24.629960709014053,-0.48186381777775095
24.636245465510356,-0.4763473442046494
24.64253022200666,-0.47081205584785096
24.648814978502962,-0.46525817134036457
24.655099734999265,-0.4596859100497104
24.66138449149557,-0.4540954920692524
24.667669247991874,-0.4484871382095176
24.673954004488177,-0.44286106998945535
24.68023876098448,-0.43721750962770073
24.686523517480783,-0.43155668003379394
24.69280827397709,-0.4258788047993728
24.699093030473392,-0.4201841081893538
24.705377786969695,-0.41447281513305545
24.711662543465998,-0.4087451512153261
24.717947299962304,-0.403001342667628
24.724232056458607,-0.39724161635911404
24.73051681295491,-0.3914661997876478
24.736801569451213,-0.3856753210708306
24.743086325947516,-0.37986920893698806
24.749371082443822,-0.3740480927161326
24.755655838940125,-0.3682122023309184
24.76194059543643,-0.3623617682875403
24.76822535193273,-0.35649702166664227
24.774510108429038,-0.3506181941141836
24.78079486492534,-0.34472551783230276
24.787079621421643,-0.3388192255701258
24.793364377917946,-0.3328995506145865
24.79964913441425,-0.32696672678120875
24.805933890910556,-0.321020988404868
24.81221864740686,-0.31506257033054863
24.81850340390316,-0.3090917079040484
24.824788160399464,-0.30310863696269547
24.831072916895767,-0.29711359382603075
24.837357673392074,-0.29110681528646964
24.843642429888376,-0.2850885385999632
24.84992718638468,-0.27905900147660645
24.856211942880982,-0.27301844207126297
24.86249669937729,-0.26696709897415144
24.86878145587359,-0.2609052112014352
24.875066212369894,-0.25483301818576165
24.881350968866197,-0.24875075976681815
24.8876357253625,-0.24265867618185577
24.893920481858807,-0.23655700805619695
24.90020523835511,-0.23044599639374494
24.906489994851412,-0.22432588256744398
24.912774751347715,-0.21819690830975935
24.919059507844022,-0.2120593157031225
24.925344264340325,-0.20591334717038307
24.931629020836628,-0.19975924546521295
24.93791377733293,-0.19359725366253186
24.944198533829233,-0.18742761514890277
24.95048329032554,-0.18125057361291527
24.956768046821843,-0.17506637303557426
24.963052803318146,-0.1688752576806422
24.96933755981445,-0.16267747208500521
24.97562231631075,-0.1564732610490107
24.981907072807058,-0.15026286962679494
24.98819182930336,-0.1440465431166178
24.994476585799664,-0.1378245270511529
25.000761342295966,-0.13159706718780365
25.007046098792273,-0.12536440949898928
25.013330855288576,-0.11912680016244341
25.01961561178488,-0.11288448555146949
25.02590036828118,-0.10663771222522356
25.032185124777484,-0.10038672691897216
25.03846988127379,-0.09413177653434322
25.044754637770094,-0.0878731081295881
25.051039394266397,-0.08161096890980199
25.0573241507627,-0.07534560621717404
25.063608907259006,-0.06907726752121066
25.06989366375531,-0.06280620040897518
25.076178420251612,-0.056532652575287404
25.082463176747915,-0.05025687181295427
25.088747933244218,-0.04397910600297902
25.095032689740524,-0.03769960310476682
25.101317446236827,-0.03141861114634506
25.10760220273313,-0.025136378214545434
25.113886959229433,-0.018853152445219196
25.120171715725736,-0.012569182013432724
25.126456472222042,-0.00628471512366155
25.132741228718345,-9.797174393178826e-16
